{"type": "FeatureCollection", "name": "harbin_vladivostok_railway", "features": [{"type": "Feature", "properties": {"name": "harbin_vladivostok_railway", "source": "OpenStreetMap via Overpass", "rail_km": 671.4}, "geometry": {"type": "LineString", "coordinates": [[126.623037, 45.756062], [126.62668, 45.760242], [126.627276, 45.76092], [126.627639, 45.761418], [126.627724, 45.761511], [126.627807, 45.761601], [126.628335, 45.762188], [126.62875, 45.762602], [126.629167, 45.762998], [126.629377, 45.763179], [126.629632, 45.763375], [126.62992, 45.763562], [126.630162, 45.763694], [126.630444, 45.763836], [126.63073, 45.763954], [126.631008, 45.764055], [126.631331, 45.764158], [126.631621, 45.764232], [126.631957, 45.764299], [126.632251, 45.764347], [126.632734, 45.764399], [126.633368, 45.764467], [126.634056, 45.764572], [126.634827, 45.764641], [126.635593, 45.764713], [126.636466, 45.764797], [126.636804, 45.764837], [126.637105, 45.764886], [126.637396, 45.764946], [126.637611, 45.764994], [126.638719, 45.765248], [126.639072, 45.765337], [126.639343, 45.765416], [126.639556, 45.76549], [126.639764, 45.76557], [126.640016, 45.765676], [126.6403, 45.76581], [126.644509, 45.767772], [126.644818, 45.767919], [126.64513, 45.768079], [126.645392, 45.768225], [126.645614, 45.768359], [126.645839, 45.768508], [126.646045, 45.768659], [126.646284, 45.768847], [126.646477, 45.769007], [126.646609, 45.769126], [126.646768, 45.769283], [126.646963, 45.769486], [126.647119, 45.769664], [126.647222, 45.769794], [126.648283, 45.77114], [126.648506, 45.771428], [126.648689, 45.771636], [126.648852, 45.771811], [126.649065, 45.772038], [126.64927, 45.772241], [126.649489, 45.772445], [126.649739, 45.772666], [126.663236, 45.784553], [126.663723, 45.784996], [126.664022, 45.785279], [126.664236, 45.785485], [126.665243, 45.786473], [126.665755, 45.786947], [126.666115, 45.787256], [126.666488, 45.787543], [126.666852, 45.78779], [126.667196, 45.788007], [126.667636, 45.788254], [126.668041, 45.788464], [126.668443, 45.788645], [126.668786, 45.788789], [126.669156, 45.788929], [126.669671, 45.789104], [126.670062, 45.789228], [126.671971, 45.789772], [126.672748, 45.789995], [126.673609, 45.790244], [126.674824, 45.79054], [126.676446, 45.790998], [126.67754, 45.791256], [126.68137, 45.792345], [126.68544, 45.793502], [126.686236, 45.793707], [126.687515, 45.794021], [126.688737, 45.794355], [126.690828, 45.79484], [126.691031, 45.794892], [126.691476, 45.795006], [126.692065, 45.795155], [126.692622, 45.795309], [126.693074, 45.795444], [126.693527, 45.795589], [126.694016, 45.795748], [126.694453, 45.795901], [126.695003, 45.796107], [126.695709, 45.796382], [126.696433, 45.79669], [126.698512, 45.797591], [126.704634, 45.800265], [126.707492, 45.801399], [126.710388, 45.802413], [126.712744, 45.803246], [126.715493, 45.804003], [126.717618, 45.804716], [126.72178, 45.805776], [126.726147, 45.806728], [126.7343, 45.808504], [126.752822, 45.812634], [126.763858, 45.815055], [126.801649, 45.823439], [126.813846, 45.826144], [126.826725, 45.828923], [126.829571, 45.829419], [126.830863, 45.829604], [126.832068, 45.829756], [126.834779, 45.830011], [126.836924, 45.830124], [126.839104, 45.830144], [126.840971, 45.83014], [126.842097, 45.830105], [126.843462, 45.830029], [126.844711, 45.829945], [126.846095, 45.829805], [126.847498, 45.829643], [126.848814, 45.829462], [126.85005, 45.829271], [126.852619, 45.828794], [126.853834, 45.828519], [126.85479, 45.828286], [126.85606, 45.827961], [126.857391, 45.827578], [126.858439, 45.827267], [126.85992, 45.826781], [126.860741, 45.826477], [126.861586, 45.826165], [126.862733, 45.825711], [126.863745, 45.825285], [126.865159, 45.824649], [126.866194, 45.824165], [126.867587, 45.82343], [126.868837, 45.822716], [126.869203, 45.822492], [126.870004, 45.822002], [126.871294, 45.821157], [126.872128, 45.820592], [126.872936, 45.820007], [126.874142, 45.819085], [126.876122, 45.817417], [126.876817, 45.816729], [126.877367, 45.8162], [126.87809, 45.815435], [126.878775, 45.814662], [126.879302, 45.814027], [126.880017, 45.813111], [126.880629, 45.812269], [126.881345, 45.811253], [126.882176, 45.809979], [126.882609, 45.8092], [126.88271, 45.809004], [126.883012, 45.808419], [126.883453, 45.807584], [126.88369, 45.807067], [126.883902, 45.806529], [126.884138, 45.805808], [126.88432, 45.805197], [126.884353, 45.805086], [126.88492, 45.802873], [126.885086, 45.802068], [126.885204, 45.80138], [126.885342, 45.800429], [126.885409, 45.799805], [126.885457, 45.799183], [126.885504, 45.798022], [126.885511, 45.797035], [126.885455, 45.795841], [126.885154, 45.79218], [126.885074, 45.791199], [126.884903, 45.789181], [126.884888, 45.78863], [126.884769, 45.78553], [126.884699, 45.784282], [126.884512, 45.78244], [126.884436, 45.781611], [126.884404, 45.780727], [126.884401, 45.77985], [126.884409, 45.778906], [126.88444, 45.777925], [126.884522, 45.776916], [126.884623, 45.77622], [126.885079, 45.772928], [126.885177, 45.772362], [126.885463, 45.771156], [126.885643, 45.77047], [126.885829, 45.76983], [126.886155, 45.768589], [126.886412, 45.767653], [126.886938, 45.765881], [126.887645, 45.763933], [126.88808, 45.762825], [126.888627, 45.761553], [126.888936, 45.760897], [126.891769, 45.754769], [126.89829, 45.740884], [126.898929, 45.739522], [126.899132, 45.73909], [126.901052, 45.734901], [126.901354, 45.734269], [126.901515, 45.733914], [126.90343, 45.729816], [126.904698, 45.727117], [126.904983, 45.726556], [126.905306, 45.725904], [126.905759, 45.725071], [126.906034, 45.724575], [126.907064, 45.722954], [126.907359, 45.722513], [126.907642, 45.722102], [126.907863, 45.721783], [126.90824, 45.721274], [126.908637, 45.720737], [126.908854, 45.720463], [126.909167, 45.720074], [126.909678, 45.719443], [126.911075, 45.717838], [126.912182, 45.716701], [126.912943, 45.71595], [126.913793, 45.715163], [126.91704, 45.712409], [126.918366, 45.711327], [126.91931, 45.710568], [126.920558, 45.709539], [126.922628, 45.707857], [126.925055, 45.705862], [126.926284, 45.704859], [126.927097, 45.704179], [126.927574, 45.70379], [126.928206, 45.703241], [126.928921, 45.702588], [126.929712, 45.701841], [126.930248, 45.70132], [126.931258, 45.700333], [126.932668, 45.698787], [126.933435, 45.697907], [126.934286, 45.696851], [126.934862, 45.696077], [126.935409, 45.695329], [126.937914, 45.691618], [126.938556, 45.690704], [126.942181, 45.685364], [126.942447, 45.684989], [126.943887, 45.682868], [126.944445, 45.68207], [126.948318, 45.676401], [126.948999, 45.675385], [126.950215, 45.673608], [126.954082, 45.667927], [126.9547, 45.667037], [126.956466, 45.664383], [126.963544, 45.654051], [126.964182, 45.653118], [126.971496, 45.64244], [126.976745, 45.634741], [126.982678, 45.626031], [126.983857, 45.624331], [126.985086, 45.622478], [126.987078, 45.619577], [126.993525, 45.610144], [126.995017, 45.607897], [126.998871, 45.602941], [127.001291, 45.600505], [127.007876, 45.595115], [127.011175, 45.592545], [127.02686, 45.580129], [127.028126, 45.579139], [127.028796, 45.578627], [127.046142, 45.564887], [127.050262, 45.561633], [127.051753, 45.560181], [127.053168, 45.55876], [127.056249, 45.555136], [127.057594, 45.553205], [127.064271, 45.543199], [127.067734, 45.538114], [127.068948, 45.536519], [127.071684, 45.533263], [127.074137, 45.530666], [127.076688, 45.528254], [127.077881, 45.527159], [127.078432, 45.526695], [127.079278, 45.525983], [127.088734, 45.517906], [127.0899, 45.516948], [127.09625, 45.511394], [127.098714, 45.509394], [127.103642, 45.505187], [127.105452, 45.503667], [127.108233, 45.501372], [127.109223, 45.500495], [127.112081, 45.498492], [127.115306, 45.496335], [127.118297, 45.494666], [127.1601, 45.469296], [127.161767, 45.468152], [127.162576, 45.467554], [127.163914, 45.466633], [127.16507, 45.465686], [127.166265, 45.46488], [127.17165, 45.461006], [127.172587, 45.460175], [127.180146, 45.454752], [127.184045, 45.451902], [127.184564, 45.451479], [127.193748, 45.444796], [127.195975, 45.443193], [127.202262, 45.438623], [127.203122, 45.437982], [127.204336, 45.437104], [127.205049, 45.436599], [127.234834, 45.41574], [127.235559, 45.41524], [127.240876, 45.411398], [127.241302, 45.41109], [127.247148, 45.406234], [127.247906, 45.405583], [127.250724, 45.403288], [127.251221, 45.402885], [127.252245, 45.401982], [127.255095, 45.399649], [127.280806, 45.378272], [127.288982, 45.371504], [127.2985, 45.364322], [127.29878, 45.364102], [127.302762, 45.360962], [127.306979, 45.358047], [127.307431, 45.357741], [127.31531, 45.351965], [127.316295, 45.351241], [127.330333, 45.341003], [127.331022, 45.340465], [127.33492, 45.337671], [127.339691, 45.334601], [127.350833, 45.327672], [127.353353, 45.326196], [127.35657, 45.324431], [127.368576, 45.318999], [127.369776, 45.318469], [127.380324, 45.31388], [127.380482, 45.313813], [127.425483, 45.294463], [127.43699, 45.290481], [127.451575, 45.285161], [127.460777, 45.281666], [127.466592, 45.279269], [127.467563, 45.278873], [127.467761, 45.278792], [127.482819, 45.272646], [127.488282, 45.270373], [127.498135, 45.2664], [127.506239, 45.263131], [127.508572, 45.26219], [127.509363, 45.26182], [127.510642, 45.261308], [127.513056, 45.260313], [127.5142, 45.259793], [127.519026, 45.257823], [127.520671, 45.257173], [127.527294, 45.254685], [127.532102, 45.253106], [127.539891, 45.250633], [127.545458, 45.248878], [127.547951, 45.248099], [127.583506, 45.236793], [127.584161, 45.236584], [127.587304, 45.235614], [127.594015, 45.233453], [127.596598, 45.23268], [127.59902, 45.232039], [127.599821, 45.231852], [127.602975, 45.231196], [127.606347, 45.230649], [127.608798, 45.230371], [127.610987, 45.230138], [127.613479, 45.229999], [127.615206, 45.229934], [127.617044, 45.229923], [127.61747, 45.22992], [127.618065, 45.229917], [127.619087, 45.229911], [127.621091, 45.22994], [127.622421, 45.229998], [127.623738, 45.230105], [127.62762, 45.230431], [127.634017, 45.231424], [127.636296, 45.232054], [127.644026, 45.234142], [127.653275, 45.236682], [127.654571, 45.237042], [127.667144, 45.240373], [127.675433, 45.242577], [127.67898, 45.243514], [127.68088, 45.244023], [127.681921, 45.244302], [127.684742, 45.245047], [127.686319, 45.245445], [127.687692, 45.245769], [127.690348, 45.246335], [127.692924, 45.246882], [127.693778, 45.247045], [127.694479, 45.247166], [127.695159, 45.247272], [127.696923, 45.247508], [127.698264, 45.247631], [127.699219, 45.247702], [127.701263, 45.247805], [127.704156, 45.247954], [127.706209, 45.248043], [127.707022, 45.248056], [127.708703, 45.248085], [127.709807, 45.24806], [127.718079, 45.247817], [127.728846, 45.247791], [127.733252, 45.247624], [127.743833, 45.247146], [127.746458, 45.246856], [127.750285, 45.246465], [127.754214, 45.245901], [127.769941, 45.242535], [127.778211, 45.24075], [127.782417, 45.239836], [127.785169, 45.239164], [127.792249, 45.237642], [127.8027, 45.23542], [127.80653, 45.234627], [127.809137, 45.234132], [127.814936, 45.232995], [127.819722, 45.232017], [127.830025, 45.229962], [127.842601, 45.227524], [127.84284, 45.227477], [127.844876, 45.22708], [127.845875, 45.226873], [127.846867, 45.226651], [127.849142, 45.226145], [127.850776, 45.225704], [127.853078, 45.225043], [127.859396, 45.223305], [127.860245, 45.223052], [127.862341, 45.222427], [127.863442, 45.222099], [127.868415, 45.220647], [127.868971, 45.220481], [127.869963, 45.220184], [127.873532, 45.219128], [127.880498, 45.217154], [127.886812, 45.21532], [127.889876, 45.214394], [127.89232, 45.213628], [127.894492, 45.212907], [127.897023, 45.211973], [127.901195, 45.210306], [127.910408, 45.206598], [127.91234, 45.20582], [127.921463, 45.202147], [127.924182, 45.201061], [127.927591, 45.199777], [127.931797, 45.198354], [127.939746, 45.195679], [127.943974, 45.194249], [127.951527, 45.191687], [127.955843, 45.190275], [127.957462, 45.189737], [127.958923, 45.189243], [127.96049, 45.188702], [127.961339, 45.188417], [127.962374, 45.188064], [127.963155, 45.187806], [127.96414, 45.187487], [127.964909, 45.18725], [127.965665, 45.187009], [127.966551, 45.186749], [127.967544, 45.186489], [127.968279, 45.186292], [127.969147, 45.186064], [127.971608, 45.185492], [127.973928, 45.184979], [127.97873, 45.183904], [127.98136, 45.183278], [127.983231, 45.182808], [127.985897, 45.182119], [127.987586, 45.181621], [127.988409, 45.181368], [127.989299, 45.181076], [127.990157, 45.1808], [127.991099, 45.180461], [127.991782, 45.180212], [127.992991, 45.179757], [127.993664, 45.179482], [127.995457, 45.178735], [127.99777, 45.177655], [128.000212, 45.176393], [128.002518, 45.175062], [128.003256, 45.174591], [128.004585, 45.173742], [128.005867, 45.172848], [128.007453, 45.17168], [128.01071, 45.168868], [128.013324, 45.166147], [128.014123, 45.165253], [128.015825, 45.163196], [128.016032, 45.162892], [128.017141, 45.161281], [128.019341, 45.157344], [128.020155, 45.155418], [128.020665, 45.153983], [128.021556, 45.150889], [128.021881, 45.149212], [128.022671, 45.143534], [128.022791, 45.142437], [128.023531, 45.136649], [128.023766, 45.134607], [128.023967, 45.133086], [128.024036, 45.132553], [128.024051, 45.132442], [128.02439, 45.129873], [128.025135, 45.124086], [128.025432, 45.122669], [128.025742, 45.121418], [128.026224, 45.119763], [128.026891, 45.117964], [128.027758, 45.115923], [128.029389, 45.112921], [128.030545, 45.111235], [128.031434, 45.109972], [128.033305, 45.107632], [128.036544, 45.104329], [128.038046, 45.102996], [128.039604, 45.101749], [128.041615, 45.100264], [128.044471, 45.098351], [128.046425, 45.097192], [128.047945, 45.096383], [128.050932, 45.094925], [128.053432, 45.093875], [128.073305, 45.086535], [128.089774, 45.080394], [128.107532, 45.073677], [128.115521, 45.070456], [128.122786, 45.067535], [128.138882, 45.061078], [128.139969, 45.060614], [128.141455, 45.060015], [128.141624, 45.059953], [128.153085, 45.055337], [128.154016, 45.054955], [128.16515, 45.050354], [128.170026, 45.047733], [128.17094, 45.047136], [128.176007, 45.043441], [128.182607, 45.038222], [128.189639, 45.031566], [128.194063, 45.027809], [128.196771, 45.025588], [128.197787, 45.024878], [128.205055, 45.020291], [128.207349, 45.018988], [128.213702, 45.015953], [128.219585, 45.013141], [128.222178, 45.011902], [128.224922, 45.01059], [128.227188, 45.009507], [128.23107, 45.007651], [128.234965, 45.005789], [128.239835, 45.003461], [128.241547, 45.002642], [128.243432, 45.001724], [128.245722, 45.00056], [128.248188, 44.99928], [128.248861, 44.998967], [128.254239, 44.996012], [128.255682, 44.995224], [128.258112, 44.993889], [128.258573, 44.993629], [128.260572, 44.992466], [128.261942, 44.99166], [128.266048, 44.98894], [128.268084, 44.98746], [128.271586, 44.984565], [128.277389, 44.979628], [128.283373, 44.974558], [128.286184, 44.972237], [128.28913, 44.970036], [128.293081, 44.967543], [128.319576, 44.952688], [128.356995, 44.932378], [128.372947, 44.923619], [128.376799, 44.921301], [128.384128, 44.918849], [128.394465, 44.916223], [128.408757, 44.9145], [128.425775, 44.912314], [128.453114, 44.910547], [128.473484, 44.910047], [128.489896, 44.909211], [128.51316, 44.909363], [128.552592, 44.908559], [128.571191, 44.908179], [128.580568, 44.907987], [128.600136, 44.907807], [128.603098, 44.907739], [128.608307, 44.907612], [128.610431, 44.907548], [128.613633, 44.907411], [128.628032, 44.906485], [128.640652, 44.90567], [128.646542, 44.905283], [128.657099, 44.904591], [128.662742, 44.904221], [128.671404, 44.903652], [128.680532, 44.903051], [128.686123, 44.902734], [128.690181, 44.90272], [128.694298, 44.902802], [128.698944, 44.903063], [128.701184, 44.903251], [128.708143, 44.903832], [128.713363, 44.904269], [128.741398, 44.906656], [128.7521, 44.90754], [128.758087, 44.907909], [128.762355, 44.907994], [128.7772, 44.907715], [128.781009, 44.907624], [128.792399, 44.907384], [128.800793, 44.907217], [128.805154, 44.906944], [128.809492, 44.906607], [128.815277, 44.905865], [128.822577, 44.904563], [128.828334, 44.903125], [128.834086, 44.901466], [128.839728, 44.899363], [128.843386, 44.89784], [128.846848, 44.896273], [128.850571, 44.894514], [128.854899, 44.892636], [128.942873, 44.85109], [128.945277, 44.849954], [128.953322, 44.846156], [128.954664, 44.845523], [128.981444, 44.832914], [128.985571, 44.830948], [128.990322, 44.828738], [129.011288, 44.818124], [129.017124, 44.815278], [129.024502, 44.811996], [129.029458, 44.809949], [129.036944, 44.807092], [129.038536, 44.806491], [129.039165, 44.80628], [129.041955, 44.805348], [129.045772, 44.804204], [129.046341, 44.804034], [129.066437, 44.798589], [129.067453, 44.798314], [129.073948, 44.796565], [129.074109, 44.796523], [129.086011, 44.792854], [129.087094, 44.792513], [129.090315, 44.791498], [129.110527, 44.785071], [129.112707, 44.784379], [129.121492, 44.781057], [129.128546, 44.777708], [129.133957, 44.773643], [129.139084, 44.768389], [129.141179, 44.765592], [129.142122, 44.764444], [129.201829, 44.718312], [129.208668, 44.71247], [129.217944, 44.701459], [129.239701, 44.67722], [129.246178, 44.67021], [129.257577, 44.658105], [129.269493, 44.645045], [129.28754, 44.630186], [129.292052, 44.627011], [129.296566, 44.624074], [129.298224, 44.623102], [129.301454, 44.621468], [129.304923, 44.619975], [129.306786, 44.619249], [129.309058, 44.618461], [129.31142, 44.61774], [129.314419, 44.616975], [129.31559, 44.616695], [129.316855, 44.616422], [129.318262, 44.61614], [129.319595, 44.615907], [129.321526, 44.615637], [129.323221, 44.615413], [129.325372, 44.615179], [129.339174, 44.613802], [129.34437, 44.613282], [129.346748, 44.613013], [129.348204, 44.61282], [129.349646, 44.612597], [129.350984, 44.612372], [129.352267, 44.612128], [129.35384, 44.611802], [129.355877, 44.611358], [129.357811, 44.610923], [129.361425, 44.610123], [129.36288, 44.609801], [129.371538, 44.60789], [129.377081, 44.606666], [129.379067, 44.606233], [129.381563, 44.605737], [129.383709, 44.605366], [129.385246, 44.605117], [129.388276, 44.60478], [129.390948, 44.604565], [129.402075, 44.60382], [129.407026, 44.603485], [129.409012, 44.603337], [129.41656, 44.602745], [129.418494, 44.602493], [129.419984, 44.602271], [129.421959, 44.601996], [129.424261, 44.601546], [129.427904, 44.600753], [129.429229, 44.60042], [129.431565, 44.599692], [129.434465, 44.598723], [129.437823, 44.597352], [129.440211, 44.59633], [129.449181, 44.592323], [129.451424, 44.591191], [129.455258, 44.589484], [129.465103, 44.585102], [129.467799, 44.58398], [129.469599, 44.583256], [129.473377, 44.581417], [129.477759, 44.579426], [129.481636, 44.57774], [129.486463, 44.575498], [129.489386, 44.574287], [129.491948, 44.573347], [129.49578, 44.572019], [129.498692, 44.57131], [129.504089, 44.570081], [129.505531, 44.5698], [129.508051, 44.569419], [129.512026, 44.568932], [129.514326, 44.568729], [129.518224, 44.568497], [129.520837, 44.56848], [129.522834, 44.5685], [129.526439, 44.56858], [129.530287, 44.568864], [129.533776, 44.569322], [129.535878, 44.569682], [129.538505, 44.57023], [129.549007, 44.572946], [129.555867, 44.575163], [129.576114, 44.581436], [129.585131, 44.584219], [129.585882, 44.584448], [129.586109, 44.584514], [129.58641, 44.584592], [129.586661, 44.584645], [129.586935, 44.584698], [129.587442, 44.584781], [129.587861, 44.584842], [129.588252, 44.584895], [129.59272, 44.585436], [129.593129, 44.58549], [129.593416, 44.585537], [129.593668, 44.585583], [129.593908, 44.585637], [129.594158, 44.585697], [129.594402, 44.585757], [129.594822, 44.585878], [129.596735, 44.586454], [129.597358, 44.586641], [129.598315, 44.586953], [129.598643, 44.587033], [129.598988, 44.587117], [129.600512, 44.587592], [129.601043, 44.587798], [129.602505, 44.588358], [129.602667, 44.58842], [129.60329, 44.588639], [129.608896, 44.590376], [129.609186, 44.590481], [129.60943, 44.590577], [129.610157, 44.590867], [129.610848, 44.591135], [129.611536, 44.591405], [129.612284, 44.591692], [129.612631, 44.591796], [129.613564, 44.592087], [129.614288, 44.592311], [129.614868, 44.592489], [129.616288, 44.592935], [129.617047, 44.59317], [129.61738, 44.593272], [129.617595, 44.593333], [129.617791, 44.593378], [129.618022, 44.593422], [129.618227, 44.593455], [129.618468, 44.593491], [129.61869, 44.593512], [129.618909, 44.593529], [129.61914, 44.593537], [129.619394, 44.593537], [129.621628, 44.593477], [129.621896, 44.593467], [129.622204, 44.59344], [129.622478, 44.593405], [129.622737, 44.593364], [129.622979, 44.593317], [129.62322, 44.593255], [129.623431, 44.59319], [129.623683, 44.593103], [129.623826, 44.593047], [129.623922, 44.593007], [129.6243, 44.592821], [129.624382, 44.592779], [129.624775, 44.592577], [129.626225, 44.591833], [129.632232, 44.588707], [129.632717, 44.58846], [129.633196, 44.588234], [129.633435, 44.588125], [129.63371, 44.588006], [129.634057, 44.587884], [129.634378, 44.587786], [129.634844, 44.587661], [129.63523, 44.587573], [129.635617, 44.5875], [129.636097, 44.587434], [129.636626, 44.587381], [129.637003, 44.587358], [129.63747, 44.587358], [129.637891, 44.587367], [129.6383, 44.587398], [129.638647, 44.587436], [129.63902, 44.58749], [129.639306, 44.587539], [129.639722, 44.587629], [129.640203, 44.587757], [129.640586, 44.587868], [129.641855, 44.588253], [129.642621, 44.588492], [129.649387, 44.590599], [129.650121, 44.590812], [129.650831, 44.590997], [129.651406, 44.591133], [129.651972, 44.591245], [129.652607, 44.591363], [129.653206, 44.591453], [129.653762, 44.591528], [129.654527, 44.591615], [129.65492, 44.591654], [129.655331, 44.591686], [129.655882, 44.591715], [129.6566, 44.591743], [129.657368, 44.591755], [129.6579, 44.591754], [129.664634, 44.591601], [129.665274, 44.591582], [129.665883, 44.591547], [129.666527, 44.591501], [129.667106, 44.591454], [129.667525, 44.591418], [129.667935, 44.591376], [129.668462, 44.591304], [129.668944, 44.591228], [129.669423, 44.591142], [129.669908, 44.591048], [129.670412, 44.590944], [129.670735, 44.590876], [129.671077, 44.590794], [129.671978, 44.590571], [129.672997, 44.59027], [129.673807, 44.590006], [129.674536, 44.589733], [129.675238, 44.589443], [129.675733, 44.589239], [129.675947, 44.589145], [129.676161, 44.589051], [129.676549, 44.588865], [129.677122, 44.588577], [129.677715, 44.588262], [129.677957, 44.588133], [129.678199, 44.587996], [129.678581, 44.587777], [129.68168, 44.585998], [129.682069, 44.585765], [129.683482, 44.584892], [129.68398, 44.584566], [129.684622, 44.584137], [129.685537, 44.583495], [129.68621, 44.583014], [129.687655, 44.58188], [129.688349, 44.581312], [129.695879, 44.57505], [129.698165, 44.573137], [129.698865, 44.572565], [129.699492, 44.57208], [129.701774, 44.570364], [129.702406, 44.569889], [129.702857, 44.569549], [129.703363, 44.569234], [129.703934, 44.568807], [129.710315, 44.564024], [129.71459, 44.560819], [129.715358, 44.560243], [129.716802, 44.55916], [129.7178, 44.558441], [129.718601, 44.557873], [129.719287, 44.557419], [129.720007, 44.556952], [129.720806, 44.556462], [129.72181, 44.555865], [129.723008, 44.555195], [129.728036, 44.552473], [129.728836, 44.552052], [129.729722, 44.551623], [129.731222, 44.550944], [129.732686, 44.550323], [129.73358, 44.54997], [129.734496, 44.549627], [129.735405, 44.549317], [129.736695, 44.548878], [129.737812, 44.548508], [129.739102, 44.54813], [129.740228, 44.547833], [129.741233, 44.547584], [129.742151, 44.547366], [129.743184, 44.547138], [129.744295, 44.546911], [129.745013, 44.546775], [129.745672, 44.546658], [129.746726, 44.54649], [129.753987, 44.545397], [129.75483, 44.545287], [129.755679, 44.545191], [129.756611, 44.545101], [129.757306, 44.545038], [129.758017, 44.544987], [129.758653, 44.544947], [129.759398, 44.544903], [129.760159, 44.54487], [129.760855, 44.544851], [129.761554, 44.544841], [129.762311, 44.544837], [129.763067, 44.544838], [129.764439, 44.544868], [129.765818, 44.544932], [129.767022, 44.545005], [129.768, 44.545088], [129.768856, 44.545177], [129.770445, 44.545372], [129.771016, 44.545447], [129.771626, 44.545535], [129.772227, 44.545629], [129.772866, 44.545739], [129.773488, 44.545851], [129.774563, 44.546064], [129.77564, 44.546301], [129.776408, 44.546477], [129.777962, 44.546892], [129.779081, 44.547206], [129.780264, 44.547557], [129.781457, 44.547953], [129.782692, 44.548394], [129.783778, 44.548812], [129.784678, 44.549167], [129.785458, 44.549508], [129.786374, 44.549924], [129.78716, 44.550287], [129.787908, 44.550658], [129.794485, 44.553892], [129.805503, 44.559346], [129.807506, 44.560268], [129.808647, 44.560771], [129.810253, 44.561441], [129.812055, 44.562135], [129.813858, 44.562768], [129.814979, 44.563135], [129.816157, 44.5635], [129.816916, 44.563721], [129.817684, 44.563925], [129.818176, 44.564036], [129.819776, 44.564447], [129.821159, 44.564864], [129.823469, 44.565514], [129.824165, 44.565696], [129.824919, 44.565886], [129.825747, 44.566023], [129.827316, 44.566401], [129.828168, 44.566565], [129.828764, 44.566694], [129.835814, 44.568487], [129.836245, 44.568589], [129.836729, 44.568698], [129.837564, 44.568858], [129.838213, 44.568969], [129.839461, 44.56916], [129.839857, 44.569213], [129.840224, 44.569259], [129.843121, 44.56959], [129.843535, 44.569629], [129.843903, 44.569654], [129.844281, 44.56966], [129.844572, 44.569679], [129.845418, 44.569784], [129.846074, 44.569829], [129.846635, 44.569875], [129.847369, 44.569982], [129.848472, 44.570072], [129.849458, 44.570152], [129.850272, 44.570236], [129.85117, 44.570349], [129.851859, 44.570428], [129.856056, 44.570826], [129.857243, 44.570953], [129.860862, 44.571397], [129.861721, 44.571492], [129.862618, 44.571576], [129.863231, 44.571622], [129.864099, 44.571721], [129.864798, 44.571819], [129.865454, 44.57192], [129.867439, 44.572236], [129.869083, 44.572462], [129.871024, 44.572711], [129.878821, 44.573628], [129.879709, 44.57373], [129.883003, 44.574111], [129.884218, 44.57424], [129.885599, 44.574369], [129.887974, 44.574562], [129.891275, 44.57474], [129.895759, 44.57494], [129.905757, 44.575353], [129.909009, 44.575465], [129.911729, 44.575638], [129.912694, 44.57573], [129.914899, 44.575983], [129.915987, 44.576172], [129.91781, 44.57653], [129.919088, 44.576818], [129.919781, 44.57699], [129.921196, 44.577378], [129.922355, 44.577734], [129.923203, 44.578003], [129.927028, 44.579463], [129.927962, 44.579877], [129.928729, 44.58025], [129.929658, 44.580722], [129.931145, 44.581532], [129.931611, 44.581812], [129.932074, 44.582091], [129.93331, 44.582858], [129.934446, 44.583593], [129.93994, 44.587111], [129.940281, 44.587312], [129.942285, 44.588536], [129.944484, 44.589784], [129.947039, 44.590972], [129.949519, 44.59189], [129.951711, 44.592591], [129.958726, 44.594681], [129.97841, 44.599988], [129.985295, 44.601781], [129.987466, 44.602314], [129.989736, 44.602776], [129.992456, 44.603269], [129.997426, 44.603974], [130.004644, 44.604743], [130.005614, 44.604839], [130.006256, 44.604881], [130.006898, 44.604907], [130.007805, 44.6049], [130.011054, 44.604826], [130.011845, 44.604803], [130.012452, 44.604774], [130.013541, 44.604691], [130.014105, 44.604641], [130.014744, 44.60457], [130.015408, 44.604478], [130.015934, 44.60439], [130.016566, 44.604284], [130.01735, 44.604124], [130.02764, 44.602322], [130.034637, 44.600927], [130.040424, 44.599354], [130.046107, 44.597495], [130.092652, 44.579903], [130.093848, 44.579463], [130.097823, 44.578188], [130.101945, 44.576831], [130.102849, 44.576546], [130.103884, 44.576245], [130.104903, 44.575958], [130.105746, 44.575731], [130.107164, 44.575392], [130.108352, 44.575122], [130.109554, 44.574861], [130.110453, 44.574688], [130.111154, 44.574566], [130.113026, 44.574266], [130.114847, 44.574016], [130.116679, 44.573805], [130.118698, 44.573629], [130.120118, 44.57353], [130.12833, 44.57309], [130.134698, 44.572735], [130.136046, 44.572658], [130.144186, 44.572206], [130.145896, 44.572114], [130.14892, 44.571948], [130.153002, 44.571644], [130.157035, 44.571272], [130.163005, 44.570753], [130.168976, 44.570101], [130.174148, 44.569449], [130.180249, 44.568674], [130.183575, 44.568253], [130.185634, 44.568023], [130.187001, 44.567885], [130.189261, 44.567707], [130.190602, 44.567626], [130.191631, 44.567588], [130.195978, 44.567532], [130.209397, 44.567387], [130.210291, 44.567381], [130.210984, 44.567391], [130.2123, 44.567441], [130.21313, 44.567481], [130.213898, 44.567531], [130.214708, 44.567597], [130.215489, 44.567681], [130.216309, 44.567787], [130.217126, 44.56791], [130.217966, 44.568061], [130.218721, 44.568207], [130.220153, 44.568493], [130.220947, 44.568687], [130.222403, 44.569061], [130.223741, 44.569466], [130.225255, 44.569972], [130.227002, 44.570618], [130.228256, 44.571128], [130.229468, 44.571662], [130.231311, 44.572475], [130.235458, 44.574296], [130.236568, 44.57478], [130.237704, 44.575273], [130.238609, 44.575643], [130.239268, 44.575892], [130.240238, 44.57627], [130.240981, 44.576546], [130.241814, 44.576842], [130.242514, 44.577082], [130.243225, 44.577314], [130.244545, 44.577738], [130.245678, 44.578101], [130.246549, 44.578378], [130.249904, 44.579445], [130.251519, 44.579957], [130.252809, 44.580359], [130.253961, 44.580697], [130.259324, 44.582208], [130.268982, 44.584944], [130.27347, 44.58622], [130.275449, 44.586777], [130.276459, 44.587048], [130.277309, 44.587253], [130.278218, 44.587464], [130.280517, 44.587951], [130.316956, 44.5965], [130.318786, 44.596975], [130.319841, 44.597262], [130.320464, 44.597444], [130.320902, 44.597585], [130.32142, 44.597779], [130.342, 44.60604], [130.342941, 44.606414], [130.345182, 44.607323], [130.346916, 44.608024], [130.353287, 44.610579], [130.360839, 44.613608], [130.36172, 44.613959], [130.362363, 44.614171], [130.362886, 44.614381], [130.363567, 44.614653], [130.364511, 44.615029], [130.366489, 44.615822], [130.366755, 44.615927], [130.370291, 44.617328], [130.370792, 44.61753], [130.373971, 44.61885], [130.376444, 44.619752], [130.377068, 44.619969], [130.377708, 44.620182], [130.378387, 44.62039], [130.379071, 44.620583], [130.381074, 44.621127], [130.383661, 44.621745], [130.383836, 44.621783], [130.384707, 44.621946], [130.385657, 44.622072], [130.386537, 44.622158], [130.387492, 44.622217], [130.388647, 44.622263], [130.389955, 44.622275], [130.391449, 44.622265], [130.393578, 44.622239], [130.407124, 44.621974], [130.409996, 44.621736], [130.412715, 44.621346], [130.415477, 44.620813], [130.4178, 44.620169], [130.420077, 44.619319], [130.423005, 44.618095], [130.423125, 44.618041], [130.425988, 44.616667], [130.428236, 44.615433], [130.430867, 44.613885], [130.432471, 44.61275], [130.443429, 44.603796], [130.458081, 44.59182], [130.459041, 44.591089], [130.46027, 44.590218], [130.461601, 44.589369], [130.470417, 44.583883], [130.472473, 44.582603], [130.474006, 44.581719], [130.475441, 44.580971], [130.476842, 44.5803], [130.478206, 44.579697], [130.479505, 44.579177], [130.480509, 44.578818], [130.480799, 44.578721], [130.553681, 44.553631], [130.554358, 44.553411], [130.560083, 44.551466], [130.565303, 44.549679], [130.56776, 44.548838], [130.569792, 44.548282], [130.572365, 44.547655], [130.575192, 44.546999], [130.579347, 44.546042], [130.58748, 44.544168], [130.597081, 44.54196], [130.59744, 44.541872], [130.674735, 44.524113], [130.678707, 44.5231], [130.681489, 44.522232], [130.683766, 44.521405], [130.684655, 44.521064], [130.685538, 44.520703], [130.686236, 44.520404], [130.686934, 44.520084], [130.687725, 44.519703], [130.688523, 44.519326], [130.68946, 44.518869], [130.690359, 44.518391], [130.691248, 44.517877], [130.692107, 44.517332], [130.695931, 44.514821], [130.721211, 44.497829], [130.723603, 44.496365], [130.724788, 44.495747], [130.72571, 44.495292], [130.726793, 44.494796], [130.727982, 44.494314], [130.729258, 44.493832], [130.730818, 44.493301], [130.732706, 44.49274], [130.734016, 44.492405], [130.73527, 44.492132], [130.737249, 44.491757], [130.739364, 44.491403], [130.740216, 44.491313], [130.740923, 44.491194], [130.745073, 44.490494], [130.746193, 44.490293], [130.747395, 44.49005], [130.747454, 44.490038], [130.74844, 44.489826], [130.749584, 44.489548], [130.750858, 44.489211], [130.752903, 44.488597], [130.755754, 44.487714], [130.756173, 44.487584], [130.765425, 44.484716], [130.767549, 44.484006], [130.76993, 44.483138], [130.772389, 44.482108], [130.774527, 44.481093], [130.776981, 44.479765], [130.779249, 44.478384], [130.780443, 44.477594], [130.781936, 44.476504], [130.782833, 44.475849], [130.786708, 44.473064], [130.791232, 44.470005], [130.811677, 44.45762], [130.812685, 44.457], [130.815881, 44.455034], [130.835425, 44.443014], [130.85413, 44.431483], [130.857405, 44.429909], [130.860008, 44.428846], [130.862437, 44.428082], [130.864423, 44.427489], [130.865852, 44.427149], [130.866906, 44.426909], [130.868178, 44.426655], [130.869382, 44.426469], [130.870339, 44.426335], [130.871298, 44.426226], [130.87294, 44.426078], [130.873989, 44.426029], [130.875097, 44.425991], [130.875995, 44.425986], [130.877365, 44.425987], [130.878999, 44.42602], [130.879698, 44.425989], [130.880865, 44.426012], [130.881531, 44.426026], [130.892656, 44.426251], [130.899653, 44.426392], [130.900162, 44.426401], [130.900426, 44.426406], [130.901257, 44.426419], [130.902645, 44.426443], [130.912153, 44.426608], [130.914307, 44.426605], [130.916343, 44.426535], [130.917915, 44.426455], [130.919298, 44.426385], [130.920218, 44.426333], [130.921137, 44.426268], [130.922863, 44.426123], [130.924121, 44.425973], [130.925595, 44.42575], [130.927146, 44.425416], [130.929035, 44.424922], [130.930303, 44.424556], [130.931671, 44.424102], [130.933271, 44.42345], [130.934757, 44.422825], [130.937888, 44.421354], [130.941692, 44.419549], [130.944873, 44.417909], [130.948359, 44.416066], [130.951155, 44.414501], [130.953535, 44.413066], [130.956174, 44.411229], [130.95862, 44.409503], [130.961252, 44.40768], [130.963135, 44.406205], [130.977473, 44.394374], [130.978295, 44.39364], [130.979484, 44.392509], [130.979787, 44.392192], [130.980095, 44.391892], [130.98072, 44.391327], [130.981372, 44.390784], [130.98204, 44.39027], [130.98261, 44.389849], [130.983206, 44.389456], [130.984423, 44.38869], [130.985246, 44.388229], [130.987528, 44.387063], [130.989042, 44.386408], [130.991725, 44.385375], [130.992972, 44.384948], [130.993915, 44.384644], [130.994504, 44.384475], [130.996442, 44.383983], [130.99778, 44.383709], [130.999223, 44.383449], [131.001102, 44.383179], [131.002974, 44.382985], [131.003867, 44.38291], [131.00476, 44.382862], [131.026096, 44.382382], [131.029798, 44.382394], [131.03351, 44.382552], [131.034961, 44.382705], [131.037377, 44.382989], [131.039289, 44.383264], [131.040769, 44.383536], [131.043917, 44.384192], [131.046937, 44.384979], [131.069988, 44.391306], [131.07169, 44.39178], [131.07366, 44.392322], [131.075658, 44.392904], [131.076668, 44.39323], [131.077671, 44.393566], [131.078673, 44.393915], [131.079669, 44.394279], [131.08161, 44.395052], [131.097823, 44.401738], [131.099198, 44.40224], [131.099703, 44.402411], [131.101189, 44.402817], [131.102049, 44.402998], [131.102452, 44.403079], [131.104468, 44.403382], [131.106496, 44.403571], [131.106862, 44.403591], [131.107325, 44.403606], [131.1082, 44.403614], [131.108816, 44.403608], [131.113821, 44.403532], [131.114949, 44.403515], [131.116211, 44.403495], [131.116646, 44.403488], [131.117345, 44.403478], [131.117806, 44.403472], [131.118233, 44.403485], [131.118666, 44.403498], [131.119035, 44.403493], [131.119882, 44.403481], [131.128948, 44.403344], [131.13581, 44.403241], [131.13632, 44.403233], [131.137054, 44.403222], [131.137589, 44.403213], [131.138346, 44.403202], [131.139726, 44.403072], [131.140213, 44.403005], [131.140646, 44.402933], [131.141004, 44.402858], [131.141422, 44.402746], [131.141767, 44.40264], [131.142105, 44.402517], [131.142464, 44.402369], [131.142797, 44.402214], [131.143135, 44.402039], [131.143449, 44.401854], [131.143726, 44.401668], [131.143994, 44.401465], [131.144208, 44.401286], [131.144423, 44.401092], [131.144974, 44.40056], [131.145265, 44.400282], [131.146049, 44.399531], [131.146236, 44.399337], [131.146421, 44.399113], [131.146594, 44.398881], [131.146749, 44.398642], [131.146866, 44.398436], [131.146981, 44.398182], [131.147059, 44.397981], [131.147136, 44.39773], [131.147385, 44.396828], [131.147708, 44.395655], [131.147826, 44.395228], [131.148149, 44.394491], [131.148503, 44.393208], [131.148602, 44.392851], [131.148705, 44.392592], [131.148808, 44.392335], [131.149875, 44.388453], [131.149938, 44.388255], [131.150011, 44.388056], [131.150169, 44.387716], [131.150252, 44.387554], [131.15035, 44.387383], [131.150552, 44.387059], [131.150779, 44.386738], [131.150917, 44.386561], [131.151051, 44.386408], [131.151231, 44.386226], [131.151848, 44.385612], [131.152221, 44.385316], [131.152401, 44.385171], [131.152858, 44.384811], [131.153062, 44.384642], [131.153409, 44.384328], [131.15358, 44.384198], [131.153734, 44.384099], [131.154442, 44.383698], [131.156189, 44.382847], [131.159098, 44.381744], [131.160592, 44.381343], [131.161971, 44.381069], [131.163172, 44.380897], [131.164436, 44.380768], [131.165637, 44.380772], [131.16682, 44.380801], [131.167882, 44.380849], [131.169274, 44.380847], [131.170967, 44.380878], [131.174521, 44.380977], [131.179191, 44.381198], [131.182133, 44.381148], [131.183884, 44.381198], [131.185142, 44.381215], [131.186604, 44.381157], [131.18779, 44.380991], [131.189257, 44.38068], [131.192378, 44.379605], [131.193919, 44.37917], [131.195568, 44.378869], [131.196864, 44.37892], [131.197725, 44.379037], [131.198714, 44.379261], [131.199876, 44.379693], [131.201517, 44.380567], [131.201893, 44.380801], [131.202131, 44.38093], [131.202438, 44.381062], [131.202843, 44.38118], [131.203265, 44.381259], [131.203789, 44.381299], [131.204322, 44.381272], [131.204892, 44.381147], [131.205452, 44.380931], [131.205866, 44.380688], [131.206252, 44.380379], [131.206546, 44.380044], [131.206796, 44.379618], [131.207183, 44.378337], [131.207386, 44.37777], [131.20744, 44.377635], [131.207593, 44.377346], [131.207739, 44.377057], [131.207949, 44.376765], [131.20812, 44.376559], [131.208321, 44.376352], [131.208563, 44.376136], [131.208745, 44.37599], [131.208958, 44.375843], [131.209133, 44.375737], [131.209309, 44.375646], [131.209635, 44.375501], [131.21016, 44.375276], [131.210695, 44.375047], [131.211217, 44.374832], [131.211518, 44.374696], [131.211737, 44.374595], [131.211943, 44.374489], [131.212157, 44.374357], [131.212336, 44.374247], [131.2125, 44.37412], [131.212717, 44.373947], [131.212977, 44.373695], [131.213184, 44.373474], [131.213304, 44.373307], [131.213425, 44.373113], [131.213519, 44.372931], [131.213682, 44.372629], [131.213829, 44.372331], [131.214006, 44.371894], [131.214189, 44.371552], [131.214483, 44.371217], [131.215003, 44.370835], [131.215639, 44.370554], [131.216222, 44.3704], [131.216811, 44.37031], [131.21735, 44.370318], [131.21778, 44.370373], [131.218123, 44.370458], [131.218611, 44.370652], [131.21907, 44.370902], [131.219383, 44.371125], [131.219677, 44.371408], [131.219953, 44.37173], [131.220182, 44.372249], [131.220265, 44.372781], [131.220173, 44.373202], [131.220031, 44.373543], [131.219565, 44.374199], [131.21862, 44.375442], [131.218151, 44.376139], [131.216938, 44.377426], [131.216644, 44.377807], [131.216, 44.378957], [131.215798, 44.379424], [131.215706, 44.379798], [131.215678, 44.380409], [131.215596, 44.381191], [131.215118, 44.382919], [131.215007, 44.383615], [131.21509, 44.384719], [131.215228, 44.385467], [131.215357, 44.385881], [131.215688, 44.386709], [131.21588, 44.38711], [131.216101, 44.387412], [131.216451, 44.387734], [131.2168, 44.387957], [131.217761, 44.388348], [131.218356, 44.388534], [131.218887, 44.388652], [131.219418, 44.388693], [131.21999, 44.388658], [131.220572, 44.388549], [131.221037, 44.38841], [131.221883, 44.38801], [131.222339, 44.387761], [131.222897, 44.387573], [131.223466, 44.387481], [131.22426, 44.387456], [131.225279, 44.387512], [131.225984, 44.387476], [131.226907, 44.387242], [131.227468, 44.38713], [131.227964, 44.387113], [131.228484, 44.387169], [131.228975, 44.387282], [131.229546, 44.387466], [131.230086, 44.387773], [131.23045, 44.388095], [131.230799, 44.388476], [131.231039, 44.38889], [131.231177, 44.389218], [131.231276, 44.389877], [131.231389, 44.390253], [131.231566, 44.390548], [131.231792, 44.390854], [131.232197, 44.391196], [131.232518, 44.391393], [131.233042, 44.391629], [131.233465, 44.391741], [131.234283, 44.391836], [131.234637, 44.391874], [131.235013, 44.391955], [131.235461, 44.392114], [131.235892, 44.392325], [131.236437, 44.392639], [131.237212, 44.393203], [131.237685, 44.393429], [131.238162, 44.39354], [131.238451, 44.393599], [131.238958, 44.39363], [131.239446, 44.393594], [131.239835, 44.393538], [131.240562, 44.393335], [131.241061, 44.393216], [131.241608, 44.393174], [131.242035, 44.393172], [131.242507, 44.393231], [131.242877, 44.393318], [131.243349, 44.393473], [131.243896, 44.393714], [131.244341, 44.394], [131.245294, 44.394753], [131.245602, 44.394929], [131.245921, 44.395096], [131.247689, 44.39564], [131.248169, 44.395732], [131.248673, 44.395778], [131.249293, 44.395763], [131.2498, 44.39569], [131.250309, 44.395623], [131.250846, 44.395592], [131.25127, 44.395598], [131.252436, 44.395744], [131.254721, 44.396042], [131.254866, 44.396061], [131.255876, 44.396192], [131.257358, 44.396382], [131.257959, 44.396374], [131.258578, 44.396285], [131.259268, 44.396083], [131.259724, 44.395845], [131.260175, 44.395554], [131.260507, 44.395175], [131.260727, 44.394814], [131.260847, 44.394448], [131.260856, 44.394086], [131.260802, 44.393707], [131.260657, 44.393339], [131.260443, 44.392944], [131.259751, 44.391978], [131.258469, 44.39026], [131.258318, 44.389912], [131.258311, 44.389567], [131.258501, 44.388252], [131.258656, 44.386454], [131.258772, 44.385837], [131.25896, 44.38544], [131.259126, 44.385212], [131.259389, 44.384945], [131.259842, 44.384616], [131.260233, 44.38443], [131.260754, 44.384259], [131.261143, 44.38419], [131.261615, 44.384144], [131.262285, 44.384154], [131.262641, 44.384199], [131.262917, 44.384257], [131.26329, 44.384361], [131.26356, 44.384463], [131.263797, 44.384577], [131.264093, 44.38476], [131.26444, 44.385012], [131.264697, 44.385278], [131.264903, 44.385515], [131.265015, 44.385677], [131.265133, 44.38588], [131.265223, 44.386085], [131.265292, 44.38632], [131.265315, 44.386456], [131.265325, 44.386591], [131.265323, 44.386737], [131.265314, 44.386855], [131.26528, 44.387027], [131.265221, 44.387278], [131.265117, 44.387681], [131.265069, 44.387961], [131.26504, 44.388212], [131.265036, 44.388392], [131.265033, 44.388572], [131.265072, 44.388847], [131.265129, 44.389102], [131.265199, 44.389325], [131.265296, 44.389556], [131.265392, 44.38975], [131.265508, 44.389944], [131.265634, 44.390132], [131.265893, 44.390449], [131.26654, 44.391163], [131.266866, 44.391522], [131.267296, 44.392032], [131.26736, 44.392108], [131.267874, 44.392623], [131.268285, 44.393126], [131.268686, 44.393643], [131.268782, 44.39376], [131.269948, 44.395185], [131.270194, 44.3954], [131.270706, 44.395709], [131.271081, 44.395879], [131.271348, 44.395951], [131.272354, 44.396096], [131.272706, 44.39617], [131.273035, 44.396283], [131.273326, 44.396413], [131.273655, 44.396603], [131.274049, 44.39695], [131.274472, 44.397424], [131.275178, 44.398285], [131.275493, 44.398552], [131.275665, 44.398664], [131.276034, 44.398873], [131.276467, 44.399022], [131.276755, 44.399111], [131.277209, 44.399186], [131.277569, 44.399204], [131.278271, 44.399165], [131.279204, 44.399086], [131.27979, 44.39905], [131.280313, 44.39908], [131.280888, 44.399188], [131.281694, 44.399448], [131.282145, 44.399654], [131.282553, 44.39992], [131.283101, 44.400459], [131.286169, 44.404059], [131.286678, 44.404558], [131.287324, 44.404958], [131.288342, 44.405264], [131.289067, 44.40542], [131.289815, 44.405654], [131.292666, 44.406909], [131.294552, 44.407832], [131.295207, 44.408096], [131.295913, 44.408287], [131.296528, 44.408365], [131.297136, 44.40836], [131.297678, 44.40831], [131.29921, 44.408003], [131.299911, 44.407966], [131.300566, 44.408], [131.30124, 44.408145], [131.302806, 44.408621], [131.303481, 44.408698], [131.304127, 44.408709], [131.305588, 44.408564], [131.306132, 44.408564], [131.306815, 44.408649], [131.307497, 44.408822], [131.308031, 44.409029], [131.310883, 44.410554], [131.311527, 44.410748], [131.312105, 44.410849], [131.312725, 44.410881], [131.313289, 44.410841], [131.313793, 44.41079], [131.317514, 44.410129], [131.31802, 44.410111], [131.318557, 44.410153], [131.320144, 44.410382], [131.320653, 44.410405], [131.321194, 44.410381], [131.322679, 44.410154], [131.323335, 44.410107], [131.323981, 44.410148], [131.324699, 44.410302], [131.326936, 44.411174], [131.327641, 44.41137], [131.328338, 44.411469], [131.329107, 44.411495], [131.330779, 44.411344], [131.332031, 44.411406], [131.334081, 44.411945], [131.334815, 44.412084], [131.335568, 44.412126], [131.336287, 44.412059], [131.336995, 44.411901], [131.338126, 44.411526], [131.338675, 44.411394], [131.339297, 44.411317], [131.34003, 44.411299], [131.345278, 44.411545], [131.346504, 44.411603], [131.346802, 44.411626], [131.347315, 44.411692], [131.348281, 44.411881], [131.350797, 44.412599], [131.351207, 44.412691], [131.351619, 44.412763], [131.352023, 44.412815], [131.352567, 44.412867], [131.353145, 44.412888], [131.354168, 44.4129], [131.355472, 44.41288], [131.356452, 44.412877], [131.358386, 44.412844], [131.359776, 44.412826], [131.36008, 44.412819], [131.360402, 44.412811], [131.360778, 44.412784], [131.361153, 44.412745], [131.361528, 44.412688], [131.362043, 44.41259], [131.362457, 44.412487], [131.362996, 44.412337], [131.363497, 44.412173], [131.363985, 44.411965], [131.364408, 44.411764], [131.364805, 44.411563], [131.365716, 44.411043], [131.3661, 44.410835], [131.36678, 44.410465], [131.367928, 44.409835], [131.368587, 44.409473], [131.373938, 44.406512], [131.374227, 44.406352], [131.375378, 44.405718], [131.376065, 44.405274], [131.376493, 44.405035], [131.376643, 44.404952], [131.37751, 44.404476], [131.377793, 44.40432], [131.378491, 44.403937], [131.379139, 44.403565], [131.379603, 44.403309], [131.38046, 44.402835], [131.383438, 44.401163], [131.38433, 44.400695], [131.384985, 44.40043], [131.38662, 44.399831], [131.387265, 44.399582], [131.387939, 44.399299], [131.3884, 44.399074], [131.391726, 44.397197], [131.392111, 44.396999], [131.398187, 44.395006], [131.398379, 44.394952], [131.405406, 44.39273], [131.405961, 44.392556], [131.415319, 44.389584], [131.420138, 44.388], [131.422884, 44.38713], [131.423995, 44.386759], [131.424421, 44.386573], [131.424895, 44.386346], [131.425318, 44.386108], [131.425771, 44.385819], [131.426016, 44.385636], [131.426305, 44.385396], [131.426711, 44.385037], [131.426954, 44.384804], [131.427225, 44.384523], [131.427433, 44.384234], [131.4276, 44.383942], [131.427881, 44.38334], [131.428301, 44.38236], [131.42867, 44.381484], [131.428938, 44.380871], [131.429281, 44.380218], [131.429413, 44.37994], [131.429504, 44.379767], [131.429647, 44.37952], [131.429801, 44.37931], [131.430074, 44.37896], [131.430423, 44.378532], [131.430687, 44.378201], [131.430953, 44.377878], [131.43114, 44.377645], [131.431392, 44.37736], [131.431586, 44.37714], [131.431776, 44.37697], [131.431943, 44.376809], [131.432127, 44.37666], [131.432437, 44.376437], [131.432768, 44.376228], [131.433199, 44.375984], [131.43433, 44.375397], [131.435784, 44.374632], [131.437251, 44.373861], [131.438725, 44.373081], [131.439145, 44.372862], [131.439635, 44.3726], [131.440318, 44.372178], [131.440386, 44.372143], [131.440855, 44.371894], [131.441516, 44.371538], [131.44198, 44.37131], [131.442035, 44.371283], [131.442152, 44.371227], [131.442577, 44.371033], [131.443016, 44.370861], [131.443572, 44.37067], [131.443912, 44.370581], [131.444192, 44.370508], [131.444546, 44.370443], [131.444886, 44.37038], [131.445639, 44.370287], [131.446596, 44.370191], [131.44692, 44.370154], [131.447314, 44.370088], [131.447703, 44.369999], [131.447997, 44.369926], [131.448271, 44.369855], [131.448608, 44.369753], [131.449623, 44.369353], [131.452812, 44.367931], [131.45409, 44.367542], [131.455138, 44.367362], [131.456198, 44.367289], [131.45844, 44.367363], [131.461776, 44.36758], [131.465943, 44.367809], [131.471466, 44.36811], [131.472194, 44.368146], [131.480987, 44.368617], [131.481588, 44.36865], [131.481945, 44.368677], [131.482231, 44.368704], [131.482566, 44.368739], [131.483045, 44.368802], [131.483543, 44.368885], [131.490766, 44.37011], [131.491876, 44.370302], [131.501734, 44.37198], [131.502254, 44.372063], [131.50583, 44.372665], [131.509562, 44.373299], [131.510801, 44.373514], [131.511245, 44.37361], [131.511747, 44.373734], [131.512439, 44.373922], [131.513039, 44.374122], [131.513761, 44.374394], [131.514482, 44.374702], [131.526014, 44.379902], [131.532085, 44.382627], [131.532338, 44.382745], [131.533658, 44.383345], [131.534243, 44.383632], [131.535605, 44.38434], [131.537157, 44.38514], [131.537524, 44.385332], [131.538381, 44.385779], [131.538801, 44.385998], [131.539209, 44.386202], [131.539557, 44.386359], [131.539953, 44.386504], [131.54035, 44.386626], [131.540822, 44.386747], [131.541147, 44.386812], [131.541548, 44.386869], [131.542044, 44.38693], [131.545043, 44.38735], [131.546819, 44.387598], [131.548652, 44.387842], [131.549574, 44.387977], [131.550471, 44.388144], [131.550592, 44.388166], [131.552423, 44.38852], [131.552923, 44.388604], [131.553352, 44.388667], [131.553642, 44.388701], [131.553981, 44.388728], [131.554338, 44.388745], [131.554744, 44.388755], [131.555054, 44.388749], [131.555505, 44.388725], [131.556361, 44.388667], [131.557966, 44.388564], [131.558443, 44.388538], [131.558979, 44.388534], [131.559497, 44.388563], [131.559861, 44.388593], [131.560268, 44.388651], [131.56068, 44.388719], [131.560856, 44.388753], [131.561521, 44.388926], [131.56203, 44.389088], [131.562414, 44.389204], [131.562901, 44.389337], [131.563149, 44.38938], [131.563476, 44.389413], [131.563763, 44.389431], [131.564191, 44.389414], [131.56453, 44.389373], [131.564833, 44.389334], [131.565304, 44.389231], [131.565634, 44.389133], [131.565949, 44.389006], [131.566221, 44.388874], [131.566469, 44.388726], [131.566711, 44.388574], [131.566889, 44.388438], [131.567279, 44.388066], [131.567479, 44.387826], [131.567814, 44.387364], [131.569558, 44.384876], [131.570077, 44.384191], [131.570455, 44.383726], [131.570785, 44.383379], [131.571106, 44.383075], [131.571313, 44.38288], [131.57156, 44.382678], [131.572636, 44.38189], [131.573321, 44.381402], [131.574063, 44.380925], [131.578486, 44.378245], [131.578888, 44.378017], [131.579278, 44.377795], [131.579543, 44.377658], [131.579775, 44.377545], [131.57995, 44.377464], [131.580473, 44.377269], [131.580795, 44.377167], [131.581097, 44.377073], [131.581437, 44.376982], [131.581916, 44.37688], [131.582943, 44.376714], [131.583627, 44.376581], [131.584439, 44.376376], [131.587426, 44.375319], [131.58759, 44.375261], [131.588659, 44.374869], [131.589102, 44.374687], [131.589447, 44.374505], [131.589786, 44.374297], [131.590097, 44.374089], [131.590782, 44.373593], [131.590928, 44.373479], [131.592291, 44.372469], [131.593665, 44.371454], [131.59378, 44.37137], [131.598216, 44.368092], [131.598779, 44.367685], [131.599192, 44.367411], [131.599643, 44.367148], [131.600696, 44.366633], [131.608558, 44.363128], [131.609035, 44.362918], [131.609587, 44.362708], [131.615567, 44.360821], [131.616168, 44.360609], [131.616742, 44.360374], [131.617358, 44.360069], [131.629759, 44.353172], [131.634285, 44.350633], [131.634373, 44.350584], [131.636372, 44.349479], [131.636955, 44.349198], [131.637764, 44.348857], [131.640243, 44.347792], [131.641115, 44.347403], [131.641582, 44.347181], [131.641952, 44.346982], [131.642539, 44.346607], [131.642592, 44.346567], [131.642895, 44.346335], [131.643177, 44.346089], [131.643411, 44.345859], [131.643639, 44.345629], [131.64386, 44.345379], [131.644067, 44.345116], [131.644363, 44.344662], [131.644709, 44.343948], [131.644846, 44.343569], [131.644966, 44.343176], [131.645046, 44.34279], [131.645092, 44.342403], [131.645098, 44.342061], [131.645077, 44.341719], [131.645004, 44.341288], [131.644939, 44.341013], [131.644845, 44.340741], [131.64463, 44.340193], [131.643986, 44.338966], [131.643321, 44.337716], [131.643268, 44.337615], [131.643132, 44.337392], [131.642895, 44.337055], [131.642601, 44.336655], [131.642357, 44.336406], [131.642017, 44.33608], [131.641526, 44.33569], [131.640721, 44.335097], [131.640292, 44.334689], [131.639924, 44.334296], [131.639656, 44.333962], [131.639439, 44.333635], [131.639278, 44.333365], [131.639114, 44.333014], [131.638994, 44.33263], [131.638846, 44.332143], [131.638811, 44.331893], [131.638776, 44.33163], [131.638766, 44.331347], [131.638782, 44.331049], [131.638809, 44.330794], [131.638905, 44.330286], [131.638956, 44.330096], [131.639122, 44.329635], [131.639294, 44.32929], [131.639525, 44.328883], [131.639892, 44.32838], [131.643597, 44.323995], [131.643718, 44.323855], [131.646268, 44.320817], [131.646566, 44.320459], [131.646804, 44.320129], [131.64703, 44.319797], [131.647276, 44.319346], [131.647461, 44.318895], [131.647636, 44.318302], [131.647854, 44.316995], [131.647989, 44.31646], [131.648099, 44.31612], [131.648196, 44.315762], [131.648381, 44.314538], [131.648587, 44.313297], [131.648794, 44.312041], [131.64908, 44.310346], [131.649135, 44.310018], [131.649185, 44.309767], [131.649268, 44.309446], [131.649362, 44.309158], [131.649484, 44.308868], [131.64958, 44.308667], [131.64969, 44.308475], [131.649808, 44.30828], [131.64993, 44.308093], [131.650402, 44.307494], [131.65088, 44.306919], [131.651245, 44.30648], [131.651615, 44.306041], [131.651796, 44.305821], [131.651925, 44.30564], [131.652194, 44.305231], [131.652496, 44.304797], [131.653164, 44.303989], [131.653258, 44.303877], [131.653467, 44.303607], [131.653652, 44.303336], [131.653789, 44.303101], [131.653936, 44.302825], [131.654062, 44.302529], [131.654174, 44.302222], [131.654271, 44.301903], [131.654333, 44.301592], [131.654379, 44.301274], [131.654384, 44.300852], [131.654372, 44.300591], [131.654344, 44.300336], [131.654316, 44.300213], [131.654281, 44.300036], [131.654231, 44.299861], [131.65403, 44.299255], [131.653762, 44.298694], [131.653349, 44.298057], [131.651949, 44.296118], [131.650575, 44.294187], [131.649401, 44.292558], [131.649272, 44.29239], [131.648285, 44.29103], [131.648017, 44.290654], [131.647437, 44.289567], [131.647276, 44.289064], [131.64718, 44.288538], [131.647137, 44.288093], [131.647158, 44.287609], [131.647266, 44.286983], [131.647679, 44.285996], [131.648301, 44.284506], [131.649127, 44.282547], [131.649438, 44.281464], [131.649267, 44.280673], [131.64888, 44.279437], [131.648161, 44.278569], [131.647475, 44.278162], [131.646541, 44.277762], [131.645329, 44.277509], [131.644417, 44.277132], [131.643387, 44.276349], [131.642872, 44.275404], [131.642775, 44.274666], [131.643019, 44.273969], [131.643302, 44.273284], [131.643763, 44.272546], [131.644595, 44.271925], [131.649245, 44.270241], [131.650372, 44.269665], [131.651326, 44.269373], [131.652421, 44.269266], [131.653333, 44.269327], [131.654867, 44.269627], [131.655597, 44.269688], [131.656809, 44.269558], [131.657828, 44.269189], [131.658633, 44.268736], [131.659373, 44.267906], [131.659727, 44.266969], [131.659577, 44.26617], [131.658922, 44.265109], [131.658236, 44.264479], [131.65697, 44.26345], [131.656251, 44.262313], [131.656187, 44.26179], [131.65624, 44.261129], [131.65655, 44.260473], [131.657796, 44.259193], [131.659212, 44.257833], [131.66065, 44.255881], [131.661488, 44.255031], [131.662892, 44.254152], [131.664458, 44.253553], [131.666693, 44.252837], [131.668342, 44.251885], [131.669791, 44.250725], [131.671389, 44.249902], [131.673084, 44.249349], [131.676818, 44.247612], [131.678546, 44.247128], [131.67964, 44.246667], [131.681346, 44.245599], [131.682633, 44.244984], [131.684328, 44.244338], [131.687525, 44.242886], [131.690766, 44.241172], [131.691967, 44.240111], [131.692433, 44.239488], [131.692639, 44.239214], [131.692911, 44.23885], [131.695068, 44.23553], [131.697117, 44.233177], [131.699574, 44.229772], [131.700153, 44.22908], [131.701323, 44.228042], [131.702664, 44.226574], [131.705031, 44.223875], [131.705207, 44.223675], [131.705807, 44.22286], [131.706323, 44.222094], [131.70673, 44.221084], [131.707702, 44.214187], [131.707293, 44.20953], [131.706977, 44.208715], [131.706392, 44.207785], [131.705711, 44.206823], [131.705384, 44.206039], [131.705089, 44.20452], [131.704783, 44.202466], [131.70445, 44.201366], [131.703807, 44.199205], [131.70362, 44.197944], [131.703506, 44.196267], [131.703356, 44.194567], [131.703361, 44.193436], [131.703648, 44.190963], [131.703683, 44.190653], [131.703898, 44.188766], [131.704279, 44.185508], [131.704321, 44.185196], [131.704362, 44.184899], [131.704423, 44.184524], [131.704535, 44.184122], [131.704655, 44.183657], [131.704674, 44.183587], [131.704735, 44.183365], [131.704756, 44.183285], [131.704842, 44.18296], [131.705078, 44.182311], [131.705366, 44.181201], [131.705872, 44.179264], [131.706049, 44.178624], [131.706168, 44.178291], [131.706247, 44.178083], [131.706338, 44.177865], [131.706505, 44.177506], [131.70669, 44.17714], [131.707523, 44.175618], [131.707963, 44.174816], [131.708247, 44.17417], [131.70851, 44.173659], [131.708596, 44.173497], [131.708857, 44.172965], [131.708954, 44.17274], [131.709048, 44.172488], [131.709166, 44.172107], [131.709268, 44.171724], [131.710442, 44.166853], [131.710925, 44.164775], [131.711258, 44.163859], [131.711657, 44.163031], [131.711794, 44.162758], [131.712674, 44.161096], [131.716064, 44.154692], [131.718253, 44.150581], [131.71851, 44.149942], [131.719379, 44.147071], [131.719591, 44.146475], [131.719626, 44.146378], [131.719991, 44.145785], [131.720495, 44.145115], [131.722737, 44.142806], [131.72484, 44.140658], [131.725956, 44.139733], [131.726986, 44.139025], [131.728467, 44.13824], [131.729389, 44.137909], [131.73073, 44.137454], [131.732114, 44.137131], [131.736297, 44.136344], [131.743734, 44.135075], [131.745622, 44.13469], [131.746888, 44.134313], [131.747843, 44.133774], [131.748873, 44.133088], [131.749506, 44.132465], [131.75001, 44.131856], [131.75059, 44.130925], [131.753261, 44.126558], [131.755171, 44.123393], [131.755729, 44.122607], [131.756254, 44.122045], [131.763089, 44.115652], [131.763668, 44.11509], [131.763999, 44.114524], [131.774724, 44.08849], [131.778384, 44.079545], [131.778505, 44.079164], [131.778613, 44.0788], [131.780263, 44.074764], [131.780606, 44.073933], [131.781196, 44.072485], [131.781339, 44.072082], [131.781487, 44.071594], [131.781628, 44.071096], [131.781699, 44.070782], [131.781848, 44.070086], [131.78195, 44.069498], [131.782016, 44.068971], [131.782133, 44.068271], [131.78214, 44.068179], [131.782264, 44.064816], [131.782422, 44.059728], [131.78254, 44.056447], [131.782604, 44.054886], [131.782567, 44.054254], [131.782486, 44.053884], [131.781896, 44.05196], [131.781741, 44.051274], [131.78166, 44.050741], [131.781671, 44.050325], [131.7818, 44.049299], [131.781859, 44.048694], [131.781827, 44.048201], [131.781752, 44.047719], [131.781564, 44.047129], [131.780942, 44.04549], [131.780298, 44.043847], [131.780158, 44.043257], [131.780126, 44.042972], [131.780115, 44.042486], [131.780158, 44.041931], [131.78026, 44.04158], [131.780416, 44.041013], [131.780716, 44.040346], [131.781354, 44.039054], [131.782079, 44.037743], [131.783323, 44.035815], [131.784332, 44.034519], [131.785179, 44.033485], [131.78931, 44.028853], [131.792357, 44.025486], [131.811712, 44.003951], [131.815665, 43.999556], [131.816373, 43.998788], [131.816915, 43.998314], [131.818396, 43.99709], [131.822945, 43.993663], [131.833041, 43.98603], [131.844306, 43.977483], [131.845186, 43.97675], [131.845894, 43.976067], [131.857044, 43.961716], [131.86299, 43.95396], [131.867583, 43.947985], [131.868502, 43.946776], [131.870453, 43.944224], [131.870496, 43.944167], [131.876055, 43.936882], [131.876085, 43.936843], [131.878201, 43.934076], [131.878433, 43.933758], [131.878483, 43.933691], [131.885896, 43.923909], [131.886737, 43.922784], [131.896379, 43.909991], [131.91603, 43.883292], [131.916667, 43.882426], [131.927696, 43.867203], [131.929528, 43.86466], [131.929609, 43.864551], [131.934732, 43.857429], [131.936727, 43.854674], [131.936811, 43.854565], [131.937364, 43.853785], [131.937588, 43.853397], [131.937921, 43.852803], [131.938276, 43.852172], [131.938551, 43.851772], [131.941355, 43.847869], [131.941827, 43.847202], [131.942979, 43.845576], [131.94321, 43.845249], [131.943454, 43.844923], [131.943715, 43.844622], [131.944348, 43.843915], [131.944658, 43.843488], [131.94496, 43.843084], [131.945432, 43.842527], [131.945509, 43.84243], [131.946026, 43.841811], [131.946102, 43.841711], [131.946958, 43.840443], [131.948642, 43.838134], [131.951167, 43.834554], [131.951394, 43.83428], [131.951678, 43.83402], [131.952009, 43.833755], [131.952384, 43.833513], [131.953132, 43.833134], [131.954468, 43.832482], [131.955351, 43.831997], [131.955595, 43.831846], [131.955826, 43.831668], [131.956663, 43.830842], [131.957962, 43.829418], [131.960091, 43.827101], [131.960375, 43.826809], [131.960495, 43.826682], [131.960809, 43.826348], [131.960829, 43.826323], [131.961194, 43.825928], [131.962, 43.825062], [131.96212, 43.824932], [131.962729, 43.82437], [131.963121, 43.823931], [131.963481, 43.823549], [131.963703, 43.823314], [131.964103, 43.822884], [131.964664, 43.822283], [131.965194, 43.821706], [131.965518, 43.821374], [131.966434, 43.820368], [131.966979, 43.819774], [131.967261, 43.819474], [131.967869, 43.818818], [131.968624, 43.818007], [131.969131, 43.817482], [131.969968, 43.81666], [131.974008, 43.813034], [131.974586, 43.812434], [131.974728, 43.812306], [131.975311, 43.811705], [131.975665, 43.811385], [131.976104, 43.810972], [131.976293, 43.810826], [131.977834, 43.809432], [131.978036, 43.809249], [131.978153, 43.809154], [131.978411, 43.808917], [131.978575, 43.808767], [131.978776, 43.808561], [131.979004, 43.808301], [131.979273, 43.807935], [131.979475, 43.807601], [131.979629, 43.807324], [131.979796, 43.806919], [131.979917, 43.806518], [131.980012, 43.806112], [131.98012, 43.805673], [131.980519, 43.804043], [131.980602, 43.803729], [131.980898, 43.802498], [131.98112, 43.801549], [131.981222, 43.80111], [131.981464, 43.800098], [131.981617, 43.799453], [131.981729, 43.799166], [131.982145, 43.797441], [131.982162, 43.797352], [131.98218, 43.797156], [131.982211, 43.796947], [131.982468, 43.795831], [131.982756, 43.794263], [131.982846, 43.793721], [131.982903, 43.793383], [131.983093, 43.792556], [131.983163, 43.792255], [131.983367, 43.791593], [131.983389, 43.791466], [131.983839, 43.788983], [131.984336, 43.786205], [131.98535, 43.780713], [131.985621, 43.779267], [131.986177, 43.776282], [131.98629, 43.775675], [131.986476, 43.774641], [131.987028, 43.771588], [131.987217, 43.770903], [131.987339, 43.770544], [131.987491, 43.770187], [131.987738, 43.769708], [131.987826, 43.769551], [131.988005, 43.769231], [131.988537, 43.768312], [131.988544, 43.768299], [131.988689, 43.768019], [131.988777, 43.767839], [131.988955, 43.767354], [131.989098, 43.766845], [131.989144, 43.7663], [131.989144, 43.765946], [131.989126, 43.765591], [131.98908, 43.765237], [131.989019, 43.764882], [131.988796, 43.763975], [131.98856, 43.763019], [131.988313, 43.762042], [131.988191, 43.761551], [131.988084, 43.761061], [131.988039, 43.760754], [131.988022, 43.760426], [131.988021, 43.760208], [131.988046, 43.75986], [131.988077, 43.759622], [131.988129, 43.759361], [131.988273, 43.758893], [131.988377, 43.758628], [131.988495, 43.758386], [131.988677, 43.758049], [131.988836, 43.757803], [131.988971, 43.757607], [131.989364, 43.757084], [131.990133, 43.756118], [131.990901, 43.755118], [131.991446, 43.754424], [131.991901, 43.753768], [131.992196, 43.753305], [131.992381, 43.752938], [131.992589, 43.752509], [131.992675, 43.752299], [131.992821, 43.751892], [131.992948, 43.751435], [131.993105, 43.75072], [131.993159, 43.750285], [131.99318, 43.749956], [131.993184, 43.749322], [131.99316, 43.749017], [131.993106, 43.748509], [131.992986, 43.747988], [131.992893, 43.747595], [131.992612, 43.746806], [131.992223, 43.746026], [131.991963, 43.745588], [131.991651, 43.745131], [131.991354, 43.744746], [131.991003, 43.744331], [131.99069, 43.743999], [131.990179, 43.743523], [131.98987, 43.743261], [131.989599, 43.743051], [131.989332, 43.742853], [131.988768, 43.742452], [131.98727, 43.741361], [131.986381, 43.740721], [131.986168, 43.740565], [131.985299, 43.739971], [131.985024, 43.739795], [131.984942, 43.739743], [131.984901, 43.739716], [131.984502, 43.739487], [131.984128, 43.739282], [131.983741, 43.739086], [131.983182, 43.738832], [131.982847, 43.738693], [131.982556, 43.738568], [131.981871, 43.738308], [131.980301, 43.737738], [131.978737, 43.737139], [131.977789, 43.736803], [131.975019, 43.735966], [131.973753, 43.735609], [131.971218, 43.734845], [131.970377, 43.734607], [131.968839, 43.73413], [131.968499, 43.734041], [131.968215, 43.733978], [131.96787, 43.733919], [131.967384, 43.733853], [131.966876, 43.733783], [131.965984, 43.733612], [131.965379, 43.733432], [131.964784, 43.733205], [131.964391, 43.733045], [131.963597, 43.732651], [131.963193, 43.732409], [131.962821, 43.732158], [131.962492, 43.73192], [131.9621, 43.731574], [131.96171, 43.731163], [131.961402, 43.730796], [131.96108, 43.730343], [131.960949, 43.730094], [131.960674, 43.729468], [131.960518, 43.728881], [131.960157, 43.727436], [131.959993, 43.726737], [131.959779, 43.725962], [131.959541, 43.725357], [131.959196, 43.724776], [131.958696, 43.724162], [131.957625, 43.723053], [131.956669, 43.722045], [131.956311, 43.721591], [131.956041, 43.721134], [131.955716, 43.720481], [131.955429, 43.719672], [131.955343, 43.719079], [131.955298, 43.718477], [131.955286, 43.717548], [131.955281, 43.717367], [131.955313, 43.715694], [131.955547, 43.714016], [131.955908, 43.710782], [131.956133, 43.708556], [131.95614, 43.7071], [131.956157, 43.703638], [131.956164, 43.702033], [131.956165, 43.701766], [131.956167, 43.701151], [131.956185, 43.700471], [131.956238, 43.699812], [131.956255, 43.699683], [131.956268, 43.699315], [131.956275, 43.699021], [131.956696, 43.696073], [131.956972, 43.694023], [131.957075, 43.69327], [131.957159, 43.692491], [131.957181, 43.692052], [131.957183, 43.691616], [131.95718, 43.691324], [131.957191, 43.690709], [131.957165, 43.690295], [131.95718, 43.689643], [131.957165, 43.689476], [131.957078, 43.688499], [131.956943, 43.687063], [131.956923, 43.686704], [131.956913, 43.686345], [131.956917, 43.685996], [131.956924, 43.685654], [131.956927, 43.685411], [131.956933, 43.685052], [131.95698, 43.68469], [131.957057, 43.684395], [131.957168, 43.684085], [131.957942, 43.682467], [131.960126, 43.677848], [131.960435, 43.677223], [131.960792, 43.676602], [131.961677, 43.675311], [131.963041, 43.67335], [131.964126, 43.671804], [131.964441, 43.671222], [131.9647, 43.670614], [131.964912, 43.669984], [131.965024, 43.669615], [131.965331, 43.668477], [131.965473, 43.668127], [131.965634, 43.667823], [131.966001, 43.667204], [131.966326, 43.66668], [131.966482, 43.666413], [131.96661, 43.666174], [131.966737, 43.66592], [131.966838, 43.665649], [131.966943, 43.665268], [131.96698, 43.66505], [131.966999, 43.664837], [131.966974, 43.664437], [131.966883, 43.663972], [131.966792, 43.66369], [131.966675, 43.663408], [131.966243, 43.662725], [131.966038, 43.662455], [131.965618, 43.661779], [131.965196, 43.661155], [131.964681, 43.660541], [131.96374, 43.659338], [131.963256, 43.658829], [131.962821, 43.658436], [131.961887, 43.657687], [131.960205, 43.656402], [131.959691, 43.656059], [131.959122, 43.655767], [131.958517, 43.655511], [131.957966, 43.655343], [131.95737, 43.655206], [131.95672, 43.655092], [131.954768, 43.654868], [131.953234, 43.6547], [131.952603, 43.654651], [131.95206, 43.654648], [131.951313, 43.654684], [131.945834, 43.655128], [131.943938, 43.655393], [131.941646, 43.655744], [131.936645, 43.656681], [131.935537, 43.656838], [131.934489, 43.656927], [131.933067, 43.657139], [131.932496, 43.65725], [131.931892, 43.657331], [131.93136, 43.657368], [131.930618, 43.65736], [131.928933, 43.657231], [131.928378, 43.657161], [131.927758, 43.657051], [131.927252, 43.656916], [131.926775, 43.656761], [131.926225, 43.656535], [131.925749, 43.656302], [131.925159, 43.65594], [131.924625, 43.655512], [131.924364, 43.655256], [131.92413, 43.654997], [131.923817, 43.654587], [131.923593, 43.654201], [131.923417, 43.653819], [131.923309, 43.653502], [131.92323, 43.653192], [131.923181, 43.652824], [131.923159, 43.652556], [131.923173, 43.652367], [131.923192, 43.652101], [131.923244, 43.651686], [131.923316, 43.65139], [131.923417, 43.651101], [131.923606, 43.650702], [131.923738, 43.650469], [131.924135, 43.649472], [131.924419, 43.6488], [131.924583, 43.648459], [131.924763, 43.648134], [131.925052, 43.647672], [131.925364, 43.647232], [131.925681, 43.646832], [131.926363, 43.646027], [131.926934, 43.645429], [131.927239, 43.645151], [131.927543, 43.644888], [131.92804, 43.644491], [131.928607, 43.644105], [131.928923, 43.643891], [131.929518, 43.643501], [131.929745, 43.643373], [131.930459, 43.642928], [131.93057, 43.642866], [131.931005, 43.642625], [131.932194, 43.641965], [131.933215, 43.641364], [131.933864, 43.640936], [131.934949, 43.640217], [131.936223, 43.639367], [131.941018, 43.636111], [131.941547, 43.635818], [131.942024, 43.635541], [131.942583, 43.635312], [131.94309, 43.635139], [131.943774, 43.634959], [131.944603, 43.634795], [131.945592, 43.634639], [131.945887, 43.63459], [131.94626, 43.63453], [131.946853, 43.634435], [131.947504, 43.63433], [131.948863, 43.634125], [131.949693, 43.634011], [131.950451, 43.633957], [131.953081, 43.633801], [131.956508, 43.633602], [131.961738, 43.633234], [131.966206, 43.632764], [131.96821, 43.632542], [131.969573, 43.632381], [131.970496, 43.63223], [131.971329, 43.632028], [131.972266, 43.631676], [131.972934, 43.631375], [131.973504, 43.631019], [131.974168, 43.630545], [131.974715, 43.630035], [131.975192, 43.629448], [131.975642, 43.628832], [131.976074, 43.628229], [131.977177, 43.626584], [131.978298, 43.624953], [131.979405, 43.623363], [131.979791, 43.62287], [131.980197, 43.622437], [131.981601, 43.620936], [131.981991, 43.620419], [131.982299, 43.61995], [131.982598, 43.619335], [131.982766, 43.61885], [131.982943, 43.61817], [131.983838, 43.614732], [131.984318, 43.612635], [131.98456, 43.611348], [131.984704, 43.610623], [131.984888, 43.609583], [131.984928, 43.609038], [131.984857, 43.608373], [131.984687, 43.607794], [131.984494, 43.607381], [131.984095, 43.60675], [131.983764, 43.606368], [131.983337, 43.605975], [131.982951, 43.605637], [131.981441, 43.604472], [131.978269, 43.602121], [131.973422, 43.598478], [131.97246, 43.597835], [131.971821, 43.597296], [131.971318, 43.596811], [131.971191, 43.596675], [131.970405, 43.595758], [131.970362, 43.595707], [131.969769, 43.595038], [131.966157, 43.59084], [131.964278, 43.588678], [131.964126, 43.588491], [131.963718, 43.588111], [131.963117, 43.587566], [131.9628, 43.587314], [131.962364, 43.58703], [131.961391, 43.586547], [131.96037, 43.586073], [131.955102, 43.583606], [131.952383, 43.582325], [131.951646, 43.581976], [131.951334, 43.581841], [131.950996, 43.581718], [131.950527, 43.581547], [131.950075, 43.58143], [131.949453, 43.581302], [131.948763, 43.581187], [131.947304, 43.581001], [131.945054, 43.580754], [131.942236, 43.580396], [131.941574, 43.580259], [131.940936, 43.580068], [131.940314, 43.579841], [131.939123, 43.579341], [131.93801, 43.578867], [131.936818, 43.578279], [131.936305, 43.577989], [131.935847, 43.577684], [131.935409, 43.577345], [131.935027, 43.576993], [131.934655, 43.576598], [131.933545, 43.575087], [131.931917, 43.572907], [131.928986, 43.568964], [131.926, 43.564841], [131.925421, 43.56406], [131.924851, 43.563294], [131.924657, 43.563038], [131.924276, 43.562536], [131.924003, 43.5622], [131.923735, 43.561933], [131.923333, 43.561592], [131.92294, 43.56129], [131.9226, 43.561065], [131.922228, 43.560845], [131.921856, 43.560648], [131.921614, 43.560533], [131.921213, 43.560366], [131.920749, 43.560175], [131.9206, 43.56012], [131.919933, 43.559872], [131.912772, 43.557225], [131.909581, 43.556057], [131.908558, 43.555702], [131.907721, 43.555411], [131.90753, 43.555348], [131.906599, 43.554972], [131.906495, 43.554936], [131.905497, 43.554569], [131.905141, 43.554425], [131.904761, 43.554258], [131.904248, 43.554001], [131.903708, 43.55367], [131.903239, 43.55332], [131.902868, 43.553015], [131.902472, 43.552617], [131.90215, 43.552231], [131.901606, 43.551467], [131.900201, 43.549476], [131.899543, 43.548582], [131.897979, 43.54635], [131.896383, 43.544165], [131.895994, 43.543631], [131.89548, 43.54276], [131.895054, 43.54175], [131.894799, 43.541032], [131.894369, 43.539783], [131.894219, 43.539073], [131.894118, 43.538181], [131.894126, 43.537474], [131.894203, 43.536832], [131.894329, 43.53626], [131.89456, 43.535386], [131.89559, 43.531647], [131.895912, 43.530429], [131.896472, 43.52892], [131.896528, 43.528777], [131.897599, 43.525959], [131.898627, 43.523318], [131.898791, 43.522799], [131.898904, 43.522318], [131.899039, 43.521035], [131.899295, 43.518264], [131.899306, 43.518164], [131.899573, 43.516384], [131.899727, 43.515782], [131.899754, 43.51569], [131.900217, 43.513966], [131.9004, 43.513185], [131.900423, 43.513085], [131.900733, 43.511852], [131.90084, 43.51129], [131.90092, 43.510697], [131.900952, 43.510173], [131.900903, 43.50969], [131.900793, 43.509233], [131.900611, 43.508676], [131.899921, 43.507392], [131.898631, 43.505026], [131.896753, 43.501556], [131.896073, 43.500256], [131.895856, 43.499609], [131.895745, 43.49917], [131.895731, 43.499046], [131.895699, 43.498355], [131.895757, 43.497835], [131.895834, 43.497378], [131.896019, 43.496848], [131.896276, 43.49635], [131.896511, 43.495971], [131.896655, 43.495784], [131.896772, 43.495643], [131.89724, 43.495183], [131.89826, 43.494321], [131.898631, 43.494022], [131.899218, 43.493466], [131.899769, 43.492884], [131.901148, 43.491136], [131.902037, 43.490193], [131.903301, 43.488954], [131.905292, 43.486938], [131.905679, 43.486551], [131.906236, 43.485906], [131.90674, 43.485193], [131.907141, 43.484458], [131.907467, 43.483745], [131.907728, 43.482881], [131.908072, 43.482003], [131.908691, 43.480812], [131.909306, 43.479932], [131.910243, 43.478874], [131.91204, 43.477062], [131.913924, 43.475148], [131.91415, 43.474928], [131.914795, 43.474299], [131.915231, 43.473874], [131.915446, 43.473683], [131.915702, 43.473485], [131.91628, 43.473123], [131.916902, 43.472837], [131.917405, 43.472665], [131.91779, 43.472552], [131.918193, 43.47248], [131.918364, 43.472456], [131.918805, 43.472381], [131.919236, 43.472338], [131.919438, 43.472334], [131.920117, 43.472263], [131.920759, 43.472219], [131.923434, 43.472095], [131.924316, 43.472013], [131.924955, 43.471921], [131.925578, 43.471813], [131.93112, 43.470695], [131.932042, 43.470558], [131.932986, 43.470367], [131.93312, 43.470335], [131.933651, 43.470205], [131.934285, 43.469982], [131.934783, 43.469751], [131.935206, 43.469484], [131.935607, 43.469165], [131.935992, 43.4688], [131.93627, 43.468434], [131.936467, 43.468084], [131.936614, 43.467733], [131.936774, 43.467064], [131.936905, 43.466528], [131.936985, 43.466149], [131.937404, 43.464209], [131.937745, 43.463135], [131.938062, 43.462275], [131.93827, 43.461684], [131.938433, 43.460905], [131.938445, 43.460321], [131.938447, 43.459386], [131.938478, 43.457841], [131.938519, 43.457349], [131.938617, 43.456919], [131.938789, 43.456515], [131.939034, 43.456094], [131.939348, 43.455667], [131.939774, 43.455257], [131.940268, 43.454919], [131.941085, 43.454465], [131.941727, 43.454166], [131.942299, 43.453967], [131.94346, 43.453614], [131.944458, 43.453276], [131.944845, 43.453098], [131.945278, 43.45286], [131.945842, 43.452448], [131.94659, 43.451864], [131.947199, 43.45149], [131.947849, 43.451214], [131.948339, 43.451048], [131.948993, 43.450908], [131.949434, 43.45084], [131.950108, 43.450808], [131.951081, 43.450789], [131.95235, 43.450766], [131.952678, 43.450748], [131.953035, 43.45071], [131.953338, 43.450673], [131.953968, 43.450533], [131.95461, 43.450316], [131.955752, 43.449834], [131.95623, 43.44968], [131.95735, 43.449416], [131.957849, 43.449247], [131.958343, 43.44906], [131.95887, 43.448772], [131.959536, 43.44836], [131.959908, 43.448102], [131.960386, 43.447698], [131.960701, 43.447354], [131.960991, 43.446951], [131.961175, 43.446586], [131.961318, 43.446161], [131.961369, 43.44569], [131.961356, 43.445362], [131.961312, 43.444913], [131.961212, 43.444378], [131.961057, 43.444007], [131.960815, 43.443639], [131.960501, 43.443272], [131.96019, 43.442951], [131.9597, 43.442586], [131.959189, 43.442272], [131.958743, 43.442079], [131.958233, 43.441916], [131.957595, 43.441746], [131.956888, 43.441604], [131.956221, 43.441524], [131.955848, 43.441486], [131.955454, 43.441454], [131.954755, 43.441437], [131.95433, 43.441438], [131.953318, 43.441451], [131.951784, 43.44147], [131.951129, 43.441483], [131.950836, 43.441479], [131.950541, 43.441458], [131.949782, 43.441352], [131.949185, 43.441227], [131.948457, 43.440987], [131.947481, 43.440556], [131.946492, 43.44007], [131.945478, 43.439518], [131.944816, 43.43904], [131.944346, 43.438675], [131.943905, 43.43829], [131.943517, 43.437806], [131.943112, 43.437144], [131.942949, 43.436812], [131.942773, 43.43623], [131.942675, 43.435788], [131.942683, 43.435444], [131.942769, 43.434996], [131.942928, 43.434512], [131.943484, 43.433087], [131.943987, 43.431761], [131.944346, 43.430952], [131.94494, 43.429908], [131.945605, 43.428838], [131.946042, 43.428149], [131.946546, 43.42745], [131.946989, 43.426986], [131.947988, 43.426201], [131.949237, 43.42523], [131.9504, 43.424271], [131.951094, 43.42352], [131.951676, 43.422727], [131.952272, 43.421945], [131.952686, 43.421169], [131.95288, 43.42065], [131.953028, 43.420153], [131.953125, 43.419759], [131.953194, 43.419361], [131.953259, 43.418952], [131.953327, 43.418536], [131.953396, 43.41812], [131.953532, 43.41736], [131.953558, 43.417032], [131.953556, 43.416855], [131.953535, 43.416671], [131.953474, 43.416349], [131.953385, 43.416008], [131.953125, 43.415269], [131.952958, 43.414927], [131.952607, 43.414384], [131.951147, 43.412751], [131.9509, 43.412329], [131.950687, 43.411879], [131.950549, 43.411457], [131.950521, 43.410847], [131.950604, 43.410214], [131.950805, 43.409587], [131.951463, 43.40845], [131.951843, 43.407853], [131.952195, 43.407466], [131.952539, 43.40713], [131.955078, 43.404811], [131.955459, 43.404453], [131.956637, 43.403575], [131.957873, 43.402983], [131.959327, 43.402344], [131.961486, 43.40153], [131.962184, 43.401277], [131.963024, 43.401052], [131.963604, 43.400928], [131.964386, 43.400797], [131.964798, 43.400739], [131.965576, 43.40063], [131.966441, 43.40048], [131.967651, 43.400198], [131.969089, 43.399854], [131.971252, 43.399343], [131.971724, 43.399283], [131.972204, 43.399247], [131.972713, 43.399254], [131.974026, 43.399285], [131.974641, 43.399243], [131.975164, 43.399155], [131.975572, 43.399057], [131.97609, 43.39889], [131.976576, 43.398692], [131.976944, 43.398494], [131.97734, 43.398257], [131.977748, 43.397936], [131.978047, 43.397652], [131.97828, 43.397385], [131.978458, 43.397142], [131.978659, 43.396794], [131.978803, 43.396478], [131.978927, 43.3961], [131.978955, 43.395753], [131.978964, 43.394926], [131.978996, 43.394504], [131.97907, 43.394112], [131.979236, 43.393685], [131.979651, 43.392807], [131.979783, 43.392325], [131.979844, 43.39173], [131.979832, 43.39139], [131.979755, 43.391021], [131.979603, 43.390537], [131.979328, 43.390081], [131.979153, 43.389848], [131.978881, 43.389544], [131.978361, 43.389095], [131.977723, 43.388703], [131.977369, 43.388546], [131.977007, 43.388383], [131.976548, 43.388247], [131.976003, 43.388097], [131.97471, 43.387766], [131.974158, 43.387581], [131.973637, 43.387364], [131.973328, 43.387187], [131.972971, 43.386977], [131.972409, 43.386499], [131.97213, 43.386221], [131.971843, 43.385841], [131.971633, 43.385448], [131.971443, 43.38497], [131.971366, 43.384498], [131.97134, 43.38403], [131.9714, 43.383625], [131.971507, 43.383272], [131.971662, 43.382869], [131.971834, 43.382568], [131.972053, 43.382261], [131.972323, 43.38197], [131.973041, 43.381277], [131.973398, 43.380874], [131.97355, 43.380661], [131.973708, 43.380412], [131.973852, 43.38009], [131.973961, 43.37976], [131.974039, 43.379388], [131.97405, 43.379073], [131.974045, 43.378768], [131.97399, 43.378402], [131.973754, 43.377408], [131.973691, 43.376883], [131.973688, 43.376489], [131.973783, 43.375987], [131.973907, 43.375645], [131.974071, 43.375304], [131.974277, 43.374961], [131.974559, 43.374619], [131.975122, 43.374114], [131.975482, 43.373852], [131.975877, 43.373625], [131.976333, 43.373403], [131.976836, 43.373218], [131.97733, 43.373085], [131.977834, 43.372976], [131.981523, 43.372508], [131.982635, 43.372353], [131.983568, 43.37224], [131.984312, 43.37214], [131.984945, 43.372019], [131.985174, 43.371973], [131.985341, 43.37193], [131.985581, 43.371867], [131.98592, 43.371766], [131.986187, 43.371682], [131.986631, 43.371505], [131.987088, 43.371307], [131.987517, 43.371148], [131.987913, 43.370998], [131.988154, 43.370894], [131.98907, 43.370493], [131.992383, 43.369065], [131.993844, 43.36842], [131.995409, 43.367748], [131.995809, 43.367573], [131.996223, 43.36741], [131.996756, 43.36722], [131.996944, 43.367142], [131.997392, 43.366949], [131.997636, 43.366843], [131.998521, 43.366504], [131.998672, 43.366439], [131.999516, 43.366128], [132.000257, 43.365805], [132.001152, 43.365411], [132.001837, 43.36521], [132.003918, 43.36487], [132.004473, 43.364735], [132.005536, 43.36439], [132.006589, 43.363921], [132.010673, 43.362128], [132.011092, 43.361946], [132.014687, 43.360382], [132.016609, 43.359533], [132.017426, 43.359122], [132.018075, 43.358684], [132.018655, 43.358182], [132.019004, 43.357743], [132.019294, 43.357296], [132.019519, 43.356883], [132.019524, 43.356868], [132.019689, 43.356446], [132.019816, 43.355798], [132.01982, 43.355215], [132.019783, 43.354631], [132.019621, 43.353034], [132.019365, 43.350537], [132.019226, 43.348998], [132.019222, 43.348224], [132.019271, 43.347653], [132.0194, 43.346915], [132.01955, 43.346379], [132.019732, 43.345868], [132.020015, 43.345251], [132.021174, 43.34345], [132.021948, 43.342301], [132.024516, 43.338462], [132.025123, 43.337575], [132.025765, 43.336625], [132.026275, 43.335912], [132.026584, 43.335558], [132.027056, 43.335136], [132.027461, 43.334838], [132.028211, 43.334407], [132.029015, 43.334069], [132.029842, 43.333827], [132.030736, 43.333661], [132.031613, 43.333593], [132.032571, 43.333638], [132.034915, 43.333829], [132.03829, 43.334087], [132.04017, 43.33422], [132.041505, 43.334263], [132.044617, 43.334275], [132.045565, 43.334242], [132.046177, 43.334247], [132.046223, 43.334247], [132.04627, 43.334246], [132.046319, 43.334244], [132.046369, 43.334242], [132.046421, 43.334239], [132.046475, 43.334236], [132.046531, 43.334233], [132.046588, 43.334229], [132.046647, 43.334225], [132.046708, 43.334221], [132.04677, 43.334217], [132.046834, 43.334213], [132.0469, 43.334209], [132.046968, 43.334206], [132.047038, 43.334203], [132.047109, 43.334201], [132.047182, 43.334199], [132.047257, 43.334198], [132.047334, 43.334197], [132.047412, 43.334198], [132.048967, 43.334212], [132.049264, 43.334211], [132.049301, 43.334211], [132.04934, 43.33421], [132.049381, 43.334208], [132.049425, 43.334206], [132.04947, 43.334204], [132.049518, 43.334201], [132.049567, 43.334197], [132.049618, 43.334194], [132.049671, 43.33419], [132.049725, 43.334187], [132.049781, 43.334183], [132.04982, 43.334181], [132.049846, 43.334179], [132.049877, 43.334176], [132.049913, 43.334173], [132.049954, 43.334169], [132.049999, 43.334164], [132.050048, 43.33416], [132.050099, 43.334155], [132.050154, 43.33415], [132.050211, 43.334145], [132.050271, 43.33414], [132.050331, 43.334134], [132.050394, 43.334129], [132.050456, 43.334125], [132.050519, 43.33412], [132.050582, 43.334116], [132.050644, 43.334112], [132.050705, 43.334109], [132.050765, 43.334107], [132.050823, 43.334105], [132.050879, 43.334104], [132.050932, 43.334103], [132.050986, 43.334102], [132.05104, 43.3341], [132.051095, 43.334097], [132.05115, 43.334094], [132.051205, 43.334091], [132.051261, 43.334087], [132.051317, 43.334084], [132.051373, 43.33408], [132.051428, 43.334076], [132.051484, 43.334072], [132.05154, 43.334068], [132.051596, 43.334064], [132.051651, 43.33406], [132.051706, 43.334057], [132.051761, 43.334054], [132.051815, 43.334052], [132.051869, 43.33405], [132.051923, 43.334049], [132.051975, 43.334048], [132.052411, 43.334044], [132.052549, 43.334041], [132.052688, 43.334035], [132.052827, 43.334027], [132.052967, 43.334018], [132.053106, 43.334006], [132.053244, 43.333993], [132.053381, 43.333979], [132.053515, 43.333963], [132.053647, 43.333946], [132.053775, 43.333929], [132.0539, 43.333911], [132.054021, 43.333893], [132.054136, 43.333875], [132.054246, 43.333857], [132.054351, 43.333839], [132.054449, 43.333822], [132.054539, 43.333805], [132.054623, 43.33379], [132.054698, 43.333775], [132.054764, 43.333762], [132.054832, 43.333749], [132.05491, 43.333732], [132.054998, 43.333713], [132.055094, 43.333692], [132.055199, 43.333669], [132.05531, 43.333643], [132.055428, 43.333616], [132.05555, 43.333586], [132.055678, 43.333556], [132.055808, 43.333524], [132.055941, 43.333491], [132.056076, 43.333456], [132.056212, 43.333421], [132.056348, 43.333386], [132.056483, 43.33335], [132.056616, 43.333313], [132.056746, 43.333276], [132.056873, 43.33324], [132.056995, 43.333204], [132.057112, 43.333168], [132.057224, 43.333132], [132.057333, 43.333098], [132.057438, 43.333064], [132.057539, 43.333031], [132.057638, 43.332999], [132.057734, 43.332966], [132.057827, 43.332935], [132.057918, 43.332903], [132.058006, 43.332872], [132.058093, 43.332841], [132.058178, 43.332809], [132.058262, 43.332778], [132.058345, 43.332747], [132.058427, 43.332715], [132.058508, 43.332683], [132.058589, 43.332651], [132.05867, 43.332618], [132.058751, 43.332584], [132.058832, 43.33255], [132.058914, 43.332515], [132.058994, 43.33248], [132.059073, 43.332446], [132.059149, 43.332413], [132.059222, 43.332381], [132.059293, 43.33235], [132.059362, 43.33232], [132.059429, 43.33229], [132.059494, 43.332262], [132.059557, 43.332234], [132.059618, 43.332207], [132.059676, 43.33218], [132.059733, 43.332154], [132.059788, 43.332129], [132.059841, 43.332104], [132.059892, 43.33208], [132.059942, 43.332056], [132.05999, 43.332033], [132.060036, 43.33201], [132.060081, 43.331987], [132.060125, 43.331965], [132.060166, 43.331943], [132.060206, 43.331922], [132.060243, 43.331902], [132.060279, 43.331883], [132.060313, 43.331864], [132.060345, 43.331846], [132.060376, 43.331829], [132.060405, 43.331812], [132.060433, 43.331796], [132.06046, 43.331781], [132.060486, 43.331766], [132.06051, 43.331751], [132.060534, 43.331737], [132.060557, 43.331723], [132.06058, 43.331709], [132.060602, 43.331696], [132.060623, 43.331682], [132.060644, 43.331669], [132.060665, 43.331656], [132.060686, 43.331644], [132.061027, 43.331433], [132.061072, 43.331405], [132.061117, 43.331379], [132.061162, 43.331353], [132.061206, 43.331329], [132.06125, 43.331306], [132.061293, 43.331284], [132.061335, 43.331262], [132.061376, 43.331242], [132.061417, 43.331223], [132.061457, 43.331204], [132.061496, 43.331187], [132.061534, 43.33117], [132.061572, 43.331154], [132.061608, 43.331139], [132.061644, 43.331125], [132.061678, 43.331112], [132.061711, 43.331099], [132.061744, 43.331087], [132.061775, 43.331076], [132.061804, 43.331065], [132.061834, 43.331055], [132.061865, 43.331044], [132.061896, 43.331032], [132.061927, 43.331021], [132.061959, 43.331009], [132.061991, 43.330997], [132.062023, 43.330985], [132.062055, 43.330973], [132.062086, 43.330961], [132.062118, 43.330948], [132.062149, 43.330936], [132.062179, 43.330923], [132.062208, 43.330911], [132.062237, 43.330899], [132.062265, 43.330887], [132.062292, 43.330875], [132.062317, 43.330864], [132.062341, 43.330853], [132.062363, 43.330842], [132.062384, 43.330832], [132.062425, 43.33081], [132.062467, 43.330788], [132.06251, 43.330766], [132.062553, 43.330742], [132.062596, 43.330718], [132.062638, 43.330694], [132.062681, 43.330669], [132.062722, 43.330644], [132.062763, 43.330619], [132.062802, 43.330594], [132.062814, 43.330586], [132.062826, 43.330578], [132.062836, 43.330571], [132.062846, 43.330565], [132.062856, 43.330558], [132.062864, 43.330553], [132.062873, 43.330547], [132.062881, 43.330542], [132.062889, 43.330536], [132.062897, 43.330531], [132.062905, 43.330526], [132.062914, 43.33052], [132.062923, 43.330514], [132.062932, 43.330508], [132.062942, 43.330501], [132.062953, 43.330494], [132.062965, 43.330486], [132.062978, 43.330478], [132.062992, 43.330469], [132.063007, 43.330459], [132.063272, 43.330287], [132.063318, 43.330257], [132.063363, 43.330229], [132.063407, 43.330203], [132.063449, 43.330178], [132.063491, 43.330155], [132.063531, 43.330133], [132.06357, 43.330111], [132.063608, 43.330091], [132.063646, 43.330071], [132.063683, 43.330052], [132.063719, 43.330033], [132.063755, 43.330014], [132.063791, 43.329995], [132.063826, 43.329976], [132.063862, 43.329956], [132.063897, 43.329937], [132.063932, 43.329916], [132.063968, 43.329895], [132.064004, 43.329872], [132.064041, 43.329849], [132.064485, 43.329558], [132.064675, 43.329441], [132.065479, 43.32899], [132.066288, 43.328632], [132.066329, 43.328614], [132.066368, 43.328595], [132.066407, 43.328576], [132.066446, 43.328558], [132.066484, 43.328539], [132.066521, 43.32852], [132.066559, 43.328501], [132.066596, 43.328482], [132.066632, 43.328463], [132.066669, 43.328444], [132.066706, 43.328425], [132.066742, 43.328406], [132.066779, 43.328387], [132.066816, 43.328368], [132.066853, 43.32835], [132.06689, 43.328331], [132.066928, 43.328313], [132.066966, 43.328295], [132.067004, 43.328278], [132.067043, 43.32826], [132.067681, 43.327981], [132.068124, 43.327763], [132.068551, 43.32754], [132.069561, 43.326924], [132.070177, 43.32646], [132.071685, 43.325346], [132.072375, 43.324688], [132.072937, 43.323962], [132.07398, 43.322455], [132.07427, 43.322011], [132.074524, 43.321475], [132.074777, 43.320872], [132.074828, 43.320751], [132.075205, 43.319761], [132.075481, 43.319038], [132.075559, 43.318751], [132.075616, 43.31848], [132.075671, 43.318148], [132.075693, 43.317869], [132.075677, 43.317306], [132.07565, 43.317033], [132.075548, 43.316196], [132.075542, 43.316141], [132.075518, 43.31592], [132.075427, 43.315162], [132.075418, 43.315073], [132.075408, 43.315016], [132.075272, 43.314434], [132.075256, 43.314338], [132.075211, 43.314104], [132.075151, 43.313877], [132.074962, 43.313449], [132.074863, 43.313243], [132.074759, 43.312997], [132.074604, 43.312732], [132.074401, 43.312418], [132.074217, 43.312171], [132.074066, 43.312], [132.073883, 43.311803], [132.073718, 43.311642], [132.073547, 43.311473], [132.073316, 43.311278], [132.073127, 43.311115], [132.072943, 43.310966], [132.072704, 43.310788], [132.07242, 43.310591], [132.07217, 43.310428], [132.071902, 43.310257], [132.071444, 43.309999], [132.071052, 43.309801], [132.070558, 43.309558], [132.068115, 43.308372], [132.067826, 43.308212], [132.067703, 43.308137], [132.067483, 43.308004], [132.06713, 43.30779], [132.066858, 43.30764], [132.066008, 43.30722], [132.065965, 43.3072], [132.065245, 43.306788], [132.065191, 43.306762], [132.063604, 43.305996], [132.062216, 43.305328], [132.061676, 43.305057], [132.06131, 43.304852], [132.061123, 43.30474], [132.060593, 43.304391], [132.059923, 43.303886], [132.059374, 43.30346], [132.058946, 43.303098], [132.058561, 43.302707], [132.05805, 43.302177], [132.057761, 43.301805], [132.057655, 43.301659], [132.057325, 43.301193], [132.057206, 43.301011], [132.056809, 43.300334], [132.056436, 43.299622], [132.056249, 43.299072], [132.056208, 43.298933], [132.056138, 43.298478], [132.056103, 43.297819], [132.05614, 43.297336], [132.056262, 43.296813], [132.056294, 43.296677], [132.056546, 43.29606], [132.056961, 43.295254], [132.057919, 43.29346], [132.05827, 43.292744], [132.058417, 43.292215], [132.058545, 43.29177], [132.058645, 43.291278], [132.058695, 43.29079], [132.058703, 43.290309], [132.058627, 43.289672], [132.058423, 43.288784], [132.058368, 43.288607], [132.058046, 43.287779], [132.057569, 43.287032], [132.05725, 43.286596], [132.05683, 43.2861], [132.056217, 43.285526], [132.055619, 43.285038], [132.054912, 43.284571], [132.053748, 43.283933], [132.051375, 43.282656], [132.05035, 43.282093], [132.04984, 43.28175], [132.049324, 43.281314], [132.048971, 43.280971], [132.048725, 43.280701], [132.048486, 43.280404], [132.048415, 43.280301], [132.048279, 43.280093], [132.048155, 43.279889], [132.047488, 43.278612], [132.047311, 43.278293], [132.047231, 43.278143], [132.046694, 43.277091], [132.046585, 43.276684], [132.046508, 43.276095], [132.046582, 43.275585], [132.046711, 43.275121], [132.046862, 43.274769], [132.047368, 43.273888], [132.047585, 43.273413], [132.047711, 43.272987], [132.047839, 43.272496], [132.047848, 43.271976], [132.047807, 43.271599], [132.047798, 43.27155], [132.047775, 43.271467], [132.047726, 43.271296], [132.047709, 43.271235], [132.047675, 43.271161], [132.047496, 43.270744], [132.047289, 43.270416], [132.046911, 43.269955], [132.046573, 43.26965], [132.046178, 43.269337], [132.046027, 43.26924], [132.045818, 43.269106], [132.04533, 43.268865], [132.044724, 43.268647], [132.04372, 43.26833], [132.043659, 43.268312], [132.043538, 43.268274], [132.043372, 43.268222], [132.04281, 43.268019], [132.042234, 43.267748], [132.041876, 43.267534], [132.041791, 43.267484], [132.04137, 43.267148], [132.040937, 43.266692], [132.040659, 43.266306], [132.040416, 43.265857], [132.040261, 43.265396], [132.04018, 43.264744], [132.040239, 43.264315], [132.040278, 43.264085], [132.040368, 43.263724], [132.04057, 43.263164], [132.040692, 43.262899], [132.040768, 43.262755], [132.040916, 43.262475], [132.041444, 43.261634], [132.041557, 43.261458], [132.041894, 43.26068], [132.042039, 43.260146], [132.042079, 43.259732], [132.042065, 43.259358], [132.041944, 43.258756], [132.041788, 43.258415], [132.041746, 43.258335], [132.041691, 43.258259], [132.041623, 43.258153], [132.041504, 43.258004], [132.041133, 43.257562], [132.040812, 43.257264], [132.040616, 43.257118], [132.039931, 43.256609], [132.039391, 43.256079], [132.039058, 43.255647], [132.03862, 43.254721], [132.038198, 43.253636], [132.038084, 43.253116], [132.038001, 43.252549], [132.037946, 43.252052], [132.037956, 43.251329], [132.038055, 43.250861], [132.038095, 43.25053], [132.038134, 43.250213], [132.038103, 43.249492], [132.038068, 43.248914], [132.038113, 43.248512], [132.038222, 43.248094], [132.038357, 43.247786], [132.038882, 43.246874], [132.038973, 43.246688], [132.039162, 43.246191], [132.039246, 43.245652], [132.039231, 43.245111], [132.039116, 43.244582], [132.038748, 43.243047], [132.038742, 43.243023], [132.038575, 43.242433], [132.038476, 43.242061], [132.038187, 43.240966], [132.037909, 43.239895], [132.037781, 43.239557], [132.037643, 43.239231], [132.037443, 43.238871], [132.037252, 43.238623], [132.037031, 43.238356], [132.036745, 43.23807], [132.036398, 43.237775], [132.035991, 43.237504], [132.035608, 43.237293], [132.035256, 43.237135], [132.034801, 43.236975], [132.034335, 43.236858], [132.033878, 43.236766], [132.033431, 43.236707], [132.032993, 43.236693], [132.03259, 43.236689], [132.032133, 43.236722], [132.031284, 43.23683], [132.030239, 43.23695], [132.029699, 43.237021], [132.029554, 43.237033], [132.029056, 43.237076], [132.028835, 43.237083], [132.028373, 43.237099], [132.027719, 43.2371], [132.026883, 43.237104], [132.026805, 43.237104], [132.026338, 43.237092], [132.025919, 43.237066], [132.025163, 43.236991], [132.023116, 43.23671], [132.021467, 43.2365], [132.021062, 43.236481], [132.020657, 43.23648], [132.020248, 43.236511], [132.019927, 43.236553], [132.019739, 43.236579], [132.019391, 43.236646], [132.018977, 43.236759], [132.017692, 43.23721], [132.017145, 43.237374], [132.016518, 43.237519], [132.016344, 43.237553], [132.016031, 43.237588], [132.015574, 43.237617], [132.015158, 43.237633], [132.014539, 43.23759], [132.014152, 43.23753], [132.013655, 43.237425], [132.013077, 43.237252], [132.012313, 43.236984], [132.012187, 43.236939], [132.012153, 43.236927], [132.01208, 43.2369], [132.009731, 43.236129], [132.008306, 43.235671], [132.007125, 43.235269], [132.005078, 43.234558], [132.003055, 43.233846], [132.000859, 43.233093], [132.000802, 43.233073], [132.000548, 43.232985], [131.99989, 43.232763], [131.999441, 43.232613], [131.999064, 43.232489], [131.998423, 43.232318], [131.997853, 43.232231], [131.997547, 43.232208], [131.997143, 43.232203], [131.996572, 43.232231], [131.996165, 43.232276], [131.995619, 43.232367], [131.995013, 43.232538], [131.993938, 43.232896], [131.993569, 43.233005], [131.99333, 43.233068], [131.992498, 43.233244], [131.992135, 43.23334], [131.991382, 43.233522], [131.990611, 43.233634], [131.990189, 43.233658], [131.989637, 43.23368], [131.989112, 43.233658], [131.988596, 43.23361], [131.987926, 43.233495], [131.987433, 43.233359], [131.986866, 43.233206], [131.985963, 43.232909], [131.985662, 43.232794], [131.98551, 43.232736], [131.984333, 43.232223], [131.984103, 43.232123], [131.982324, 43.231387], [131.980347, 43.23061], [131.978463, 43.229851], [131.974252, 43.228231], [131.970707, 43.226796], [131.968641, 43.225948], [131.967244, 43.225402], [131.96582, 43.224896], [131.964969, 43.224547], [131.964235, 43.224162], [131.962776, 43.223408], [131.961597, 43.222763], [131.960001, 43.221832], [131.958205, 43.220965], [131.956521, 43.220172], [131.955242, 43.219562], [131.954834, 43.219349], [131.953698, 43.218834], [131.951931, 43.217997], [131.951401, 43.217753], [131.950884, 43.217549], [131.949749, 43.217161], [131.947244, 43.216365], [131.947153, 43.216332], [131.946442, 43.216075], [131.945453, 43.215638], [131.94454, 43.215166], [131.943744, 43.21484], [131.942149, 43.214376], [131.941115, 43.214087], [131.94041, 43.213802], [131.939956, 43.213562], [131.939325, 43.213134], [131.938684, 43.212449], [131.93834, 43.211939], [131.937497, 43.210699], [131.937402, 43.210604], [131.936692, 43.209902], [131.935681, 43.208984], [131.934446, 43.20818], [131.933735, 43.207788], [131.933288, 43.207572], [131.933061, 43.207487], [131.932875, 43.207417], [131.93136, 43.206842], [131.929919, 43.206194], [131.928744, 43.205602], [131.927476, 43.204856], [131.926256, 43.203883], [131.924746, 43.202185], [131.92434, 43.201556], [131.924023, 43.201205], [131.923821, 43.200982], [131.923107, 43.200072], [131.922507, 43.19925], [131.922472, 43.199204], [131.921728, 43.198241], [131.920907, 43.197176], [131.920708, 43.19693], [131.919567, 43.195481], [131.919299, 43.195027], [131.918971, 43.194356], [131.918731, 43.193906], [131.917659, 43.1926], [131.917138, 43.192144], [131.916515, 43.191752], [131.915841, 43.191463], [131.914376, 43.190977], [131.91387, 43.190765], [131.913767, 43.190721], [131.913221, 43.190403], [131.912092, 43.189692], [131.910432, 43.188618], [131.910117, 43.188361], [131.909936, 43.188211], [131.909494, 43.187737], [131.909212, 43.187333], [131.909008, 43.186903], [131.90888, 43.186463], [131.908811, 43.185969], [131.908837, 43.185404], [131.908949, 43.184995], [131.908997, 43.184824], [131.90948, 43.183571], [131.909602, 43.183048], [131.909622, 43.182708], [131.909596, 43.18239], [131.909535, 43.181993], [131.909419, 43.181604], [131.909102, 43.181025], [131.909072, 43.180986], [131.908779, 43.180616], [131.908458, 43.18031], [131.907869, 43.179861], [131.906997, 43.179249], [131.906886, 43.179172], [131.906531, 43.178859], [131.906293, 43.178565], [131.905969, 43.178123], [131.905075, 43.17677], [131.904698, 43.176088], [131.904555, 43.175747], [131.90447, 43.175393], [131.90443, 43.175031], [131.904341, 43.174213], [131.904166, 43.17357], [131.903842, 43.173092], [131.903547, 43.172714], [131.903244, 43.17241], [131.902449, 43.171714], [131.901969, 43.171208], [131.90186, 43.171058], [131.901765, 43.170907], [131.901591, 43.170617], [131.901443, 43.170254], [131.901369, 43.170018], [131.90132, 43.169787], [131.901307, 43.169721], [131.901269, 43.169348], [131.90127, 43.169313], [131.901275, 43.16907], [131.901307, 43.168843], [131.901401, 43.168541], [131.901462, 43.168376], [131.901551, 43.168183], [131.901566, 43.168148], [131.901675, 43.167918], [131.901907, 43.167513], [131.90255, 43.166657], [131.903062, 43.165912], [131.90315, 43.165792], [131.903349, 43.165518], [131.903652, 43.165128], [131.904229, 43.164482], [131.904632, 43.164053], [131.90558, 43.163043], [131.906069, 43.162528], [131.906603, 43.16196], [131.906634, 43.161926], [131.907169, 43.161263], [131.907184, 43.161246], [131.907462, 43.160952], [131.907619, 43.160773], [131.907896, 43.160469], [131.908118, 43.160191], [131.908263, 43.159962], [131.908412, 43.159719], [131.908502, 43.159508], [131.908533, 43.159417], [131.908563, 43.159326], [131.908605, 43.15914], [131.908659, 43.158843], [131.908698, 43.15865], [131.908727, 43.158323], [131.908722, 43.15797], [131.908673, 43.15765], [131.908605, 43.157346], [131.908483, 43.157043], [131.9083, 43.156736], [131.908193, 43.156557], [131.907892, 43.155966], [131.907782, 43.1558], [131.907733, 43.155717], [131.90757, 43.155474], [131.907413, 43.15523], [131.907267, 43.154936], [131.907126, 43.15464], [131.906877, 43.153946], [131.906615, 43.153523], [131.906297, 43.153128], [131.906025, 43.152864], [131.905501, 43.152446], [131.905095, 43.152132], [131.90474, 43.151834], [131.904433, 43.151488], [131.904194, 43.151133], [131.903971, 43.150649], [131.903879, 43.150292], [131.903861, 43.149915], [131.903864, 43.149511], [131.903902, 43.149305], [131.903992, 43.149026], [131.904109, 43.148749], [131.904296, 43.148379], [131.904495, 43.147976], [131.904592, 43.147758], [131.904606, 43.14772], [131.904725, 43.147389], [131.904793, 43.147127], [131.904867, 43.146758], [131.904891, 43.146573], [131.904898, 43.146521], [131.904912, 43.146228], [131.90492, 43.146151], [131.90491, 43.14598], [131.904899, 43.145718], [131.904821, 43.145314], [131.904749, 43.145001], [131.9047, 43.144846], [131.904661, 43.14471], [131.904584, 43.144495], [131.904511, 43.144272], [131.904469, 43.144126], [131.904413, 43.143752], [131.904402, 43.143647], [131.904404, 43.143449], [131.90442, 43.143283], [131.904449, 43.14314], [131.904493, 43.142902], [131.904542, 43.142758], [131.904598, 43.142627], [131.904698, 43.142441], [131.904763, 43.142338], [131.904843, 43.142227], [131.90493, 43.142107], [131.905023, 43.142009], [131.90523, 43.141791], [131.905479, 43.141601], [131.905713, 43.14145], [131.90611, 43.141239], [131.906658, 43.141014], [131.908752, 43.140362], [131.912424, 43.139251], [131.912584, 43.139201], [131.912739, 43.139148], [131.912889, 43.139092], [131.913033, 43.139032], [131.913173, 43.138967], [131.913308, 43.1389], [131.913437, 43.138828], [131.913561, 43.138753], [131.913679, 43.138674], [131.913792, 43.138591], [131.913898, 43.138504], [131.913999, 43.138413], [131.914093, 43.138319], [131.914182, 43.138221], [131.914263, 43.138118], [131.914338, 43.138013], [131.914406, 43.137903], [131.914468, 43.137789], [131.914522, 43.137672], [131.91457, 43.137551], [131.914608, 43.137427], [131.914636, 43.137302], [131.914653, 43.137179], [131.914661, 43.137056], [131.914661, 43.136934], [131.914652, 43.136814], [131.914637, 43.136697], [131.914614, 43.136583], [131.914587, 43.136472], [131.914554, 43.136365], [131.914516, 43.136262], [131.914475, 43.136164], [131.914431, 43.136072], [131.914385, 43.135985], [131.914337, 43.135905], [131.914288, 43.135832], [131.914238, 43.135766], [131.914189, 43.135707], [131.914141, 43.135657], [131.914094, 43.135616], [131.91405, 43.135581], [131.914005, 43.135543], [131.913958, 43.135503], [131.913908, 43.13546], [131.913855, 43.135416], [131.913799, 43.13537], [131.913739, 43.135323], [131.913676, 43.135274], [131.913609, 43.135225], [131.913537, 43.135176], [131.913461, 43.135127], [131.91338, 43.135077], [131.913293, 43.135029], [131.913201, 43.134981], [131.913104, 43.134934], [131.913, 43.134889], [131.912889, 43.134846], [131.912772, 43.134805], [131.912648, 43.134766], [131.912517, 43.13473], [131.912382, 43.134698], [131.912249, 43.13467], [131.912116, 43.134646], [131.911984, 43.134627], [131.911852, 43.134612], [131.91172, 43.134601], [131.911588, 43.134595], [131.911457, 43.134592], [131.911325, 43.134594], [131.911192, 43.134599], [131.911059, 43.134608], [131.910925, 43.134621], [131.910789, 43.134638], [131.910653, 43.134658], [131.910516, 43.134682], [131.910376, 43.134709], [131.910239, 43.13474], [131.910174, 43.134755], [131.910093, 43.134776], [131.909997, 43.1348], [131.909888, 43.134828], [131.909821, 43.134846], [131.909767, 43.13486], [131.909638, 43.134894], [131.9095, 43.134931], [131.909357, 43.134969], [131.909211, 43.135008], [131.909062, 43.135049], [131.908912, 43.135089], [131.908777, 43.135126], [131.908765, 43.135129], [131.908621, 43.135168], [131.908481, 43.135206], [131.908349, 43.135242], [131.908226, 43.135275], [131.908114, 43.135306], [131.908014, 43.135333], [131.907928, 43.135357], [131.907858, 43.135376], [131.907796, 43.135393], [131.90773, 43.13541], [131.90766, 43.135429], [131.907586, 43.135449], [131.907507, 43.13547], [131.907424, 43.135492], [131.907335, 43.135517], [131.907241, 43.135543], [131.90714, 43.135571], [131.907033, 43.135601], [131.906919, 43.135633], [131.906799, 43.135667], [131.90667, 43.135705], [131.906534, 43.135745], [131.90639, 43.135788], [131.906237, 43.135834], [131.906075, 43.135883], [131.905904, 43.135936], [131.905737, 43.135992], [131.905571, 43.136049], [131.905357, 43.136122], [131.905135, 43.136198], [131.904911, 43.136277], [131.904681, 43.136353], [131.904444, 43.136433], [131.904196, 43.136518], [131.903961, 43.136596], [131.90373, 43.136674], [131.903504, 43.136751], [131.903256, 43.136834], [131.903028, 43.136914], [131.902827, 43.136983], [131.90267, 43.13704], [131.902629, 43.137054], [131.902439, 43.137121], [131.902287, 43.137173], [131.902138, 43.137224], [131.902012, 43.137267], [131.901915, 43.137302], [131.901845, 43.137327], [131.901804, 43.137342], [131.901774, 43.137352], [131.901736, 43.137365], [131.901692, 43.13738], [131.901642, 43.137398], [131.901587, 43.137417], [131.901527, 43.137438], [131.901465, 43.13746], [131.901399, 43.137483], [131.901331, 43.137507], [131.901262, 43.137531], [131.901193, 43.137556], [131.901124, 43.137581], [131.901056, 43.137605], [131.90099, 43.137629], [131.900926, 43.137652], [131.900866, 43.137674], [131.90081, 43.137695], [131.900759, 43.137714], [131.900713, 43.137731], [131.900674, 43.137746], [131.900634, 43.137762], [131.900585, 43.137782], [131.900527, 43.137805], [131.900462, 43.13783], [131.900392, 43.137857], [131.900317, 43.137887], [131.900238, 43.137917], [131.900156, 43.137949], [131.900072, 43.137981], [131.899989, 43.138014], [131.899905, 43.138046], [131.899824, 43.138077], [131.899745, 43.138107], [131.899701, 43.138124], [131.89967, 43.138136], [131.8996, 43.138163], [131.899536, 43.138188], [131.899479, 43.138209], [131.899431, 43.138228], [131.899391, 43.138243], [131.899362, 43.138254], [131.899333, 43.138264], [131.899295, 43.138278], [131.898922, 43.138412], [131.898882, 43.138426], [131.898844, 43.138439], [131.898765, 43.138468], [131.898684, 43.138496], [131.898603, 43.138525], [131.898523, 43.138553], [131.898444, 43.138581], [131.898368, 43.138608], [131.898296, 43.138633], [131.898228, 43.138657], [131.898165, 43.138678], [131.898109, 43.138697], [131.89806, 43.138714], [131.898017, 43.138728], [131.897976, 43.138742], [131.897938, 43.138755], [131.897902, 43.138767], [131.897868, 43.138778], [131.897836, 43.138788], [131.897806, 43.138798], [131.897777, 43.138807], [131.89775, 43.138815], [131.897723, 43.138823], [131.897698, 43.138831], [131.897672, 43.138838], [131.897648, 43.138845], [131.897623, 43.138851], [131.897598, 43.138858], [131.897573, 43.138864], [131.897548, 43.13887], [131.897521, 43.138876], [131.897494, 43.138882], [131.897465, 43.138888], [131.897436, 43.138894], [131.897408, 43.1389], [131.897381, 43.138906], [131.897354, 43.138911], [131.897328, 43.138916], [131.897302, 43.138921], [131.897277, 43.138926], [131.897253, 43.13893], [131.897229, 43.138934], [131.897206, 43.138938], [131.897183, 43.138942], [131.897161, 43.138946], [131.897139, 43.13895], [131.897117, 43.138953], [131.897097, 43.138956], [131.897076, 43.13896], [131.897056, 43.138963], [131.897036, 43.138966], [131.897017, 43.138969], [131.896998, 43.138972], [131.896963, 43.138978], [131.89693, 43.138984], [131.896896, 43.138989], [131.896864, 43.138994], [131.896831, 43.138999], [131.896799, 43.139004], [131.896767, 43.139008], [131.896735, 43.139012], [131.896702, 43.139016], [131.896669, 43.139019], [131.896636, 43.139022], [131.896602, 43.139024], [131.896566, 43.139026], [131.896532, 43.139028], [131.896496, 43.139029], [131.896454, 43.139029], [131.896409, 43.139029], [131.896062, 43.139021], [131.895728, 43.138989], [131.895391, 43.138937], [131.895062, 43.138872], [131.89475, 43.13878], [131.894452, 43.138668], [131.894096, 43.138507], [131.893732, 43.138303], [131.893676, 43.138269], [131.893499, 43.138161], [131.891368, 43.136856], [131.889713, 43.135742], [131.889369, 43.135506], [131.888629, 43.135002], [131.888552, 43.134956], [131.887921, 43.134451], [131.887633, 43.134151], [131.887396, 43.133789], [131.887233, 43.133408], [131.887157, 43.133099], [131.887136, 43.132727], [131.887169, 43.132314], [131.887302, 43.131882], [131.887565, 43.131336], [131.887793, 43.130822], [131.887804, 43.13077], [131.887878, 43.130324], [131.887888, 43.129998], [131.887818, 43.129568], [131.887703, 43.129272], [131.887455, 43.128824], [131.887142, 43.128446], [131.886776, 43.128119], [131.88642, 43.127867], [131.886008, 43.127671], [131.885747, 43.127568], [131.885439, 43.127474], [131.884948, 43.127339], [131.88433, 43.127203], [131.883737, 43.127071], [131.882924, 43.126829], [131.881818, 43.126415], [131.881509, 43.126307], [131.881178, 43.126166], [131.880962, 43.126063], [131.880691, 43.125926], [131.880358, 43.125732], [131.880054, 43.125515], [131.879611, 43.125005], [131.879472, 43.124791], [131.879324, 43.124516], [131.879234, 43.124097], [131.879211, 43.12391], [131.879223, 43.123615], [131.879232, 43.123363], [131.879282, 43.123077], [131.879361, 43.122871], [131.879485, 43.12262], [131.879584, 43.122443], [131.879628, 43.122397], [131.880125, 43.121817], [131.880765, 43.121201], [131.880826, 43.121144], [131.881409, 43.120588], [131.881946, 43.120036], [131.882082, 43.119916], [131.88266, 43.11938], [131.88313, 43.118959], [131.883396, 43.118703], [131.883637, 43.118423], [131.883731, 43.118287], [131.883816, 43.118148], [131.883893, 43.11801], [131.883965, 43.117867], [131.884047, 43.117669], [131.884089, 43.117528], [131.884119, 43.117377], [131.884165, 43.117144], [131.884177, 43.116972], [131.884173, 43.116803], [131.884158, 43.116663], [131.884126, 43.116509], [131.884102, 43.116367], [131.884044, 43.116208], [131.883701, 43.115187], [131.883616, 43.114945], [131.88345, 43.114499], [131.883378, 43.114316], [131.883291, 43.114137], [131.883158, 43.113828], [131.882887, 43.113418], [131.882699, 43.113157], [131.882481, 43.11288], [131.882365, 43.112743], [131.882244, 43.112607], [131.882089, 43.112411], [131.88191, 43.11216], [131.881737, 43.111893], [131.881517, 43.111438], [131.881441, 43.111271], [131.881377, 43.111113], [131.881288, 43.11086]]}}]}