{"type": "FeatureCollection", "name": "malaya_rail_singapore_hatyai", "features": [{"type": "Feature", "properties": {"name": "malaya_rail_singapore_hatyai", "source": "OpenStreetMap via Overpass", "rail_km": 938.3}, "geometry": {"type": "LineString", "coordinates": [[103.769078, 1.443409], [103.769252, 1.443662], [103.769379, 1.443845], [103.769489, 1.444031], [103.769668, 1.444349], [103.769806, 1.444645], [103.769997, 1.44513], [103.770184, 1.445697], [103.770242, 1.445874], [103.770371, 1.446187], [103.770512, 1.446832], [103.770597, 1.447318], [103.77063, 1.447546], [103.770632, 1.447791], [103.770554, 1.448467], [103.770413, 1.449082], [103.770228, 1.449725], [103.769332, 1.452666], [103.768407, 1.455686], [103.768051, 1.456716], [103.767932, 1.456976], [103.767859, 1.457208], [103.767781, 1.457556], [103.767659, 1.458186], [103.767595, 1.45834], [103.767514, 1.45851], [103.767373, 1.45872], [103.767296, 1.458835], [103.766952, 1.459289], [103.766779, 1.459499], [103.766649, 1.459701], [103.766531, 1.459887], [103.764892, 1.462514], [103.763535, 1.46469], [103.763468, 1.464786], [103.763197, 1.465108], [103.76289, 1.465452], [103.762593, 1.465783], [103.762266, 1.466184], [103.761779, 1.466759], [103.761436, 1.467131], [103.761154, 1.467453], [103.760961, 1.467678], [103.760815, 1.467849], [103.760471, 1.468238], [103.759573, 1.469275], [103.759251, 1.46965], [103.758511, 1.4705], [103.75794, 1.471189], [103.75768, 1.471541], [103.75733, 1.472059], [103.757097, 1.472444], [103.756855, 1.472857], [103.756581, 1.47338], [103.755696, 1.475084], [103.755529, 1.475435], [103.755296, 1.476], [103.755175, 1.476386], [103.755077, 1.476807], [103.755016, 1.477245], [103.75499, 1.477578], [103.754981, 1.47784], [103.754986, 1.478243], [103.755059, 1.479346], [103.755124, 1.480299], [103.755246, 1.482011], [103.755287, 1.482589], [103.755357, 1.483555], [103.755414, 1.484109], [103.755435, 1.484278], [103.755463, 1.484461], [103.75551, 1.4847], [103.755604, 1.485095], [103.75578, 1.485649], [103.756002, 1.486251], [103.756536, 1.487608], [103.756906, 1.48856], [103.757, 1.48884], [103.757091, 1.489134], [103.757143, 1.48935], [103.757226, 1.489798], [103.757274, 1.490167], [103.757288, 1.490362], [103.757294, 1.490649], [103.75728, 1.4909], [103.757263, 1.491114], [103.75723, 1.491364], [103.757191, 1.491598], [103.757159, 1.491751], [103.757047, 1.492163], [103.756979, 1.492379], [103.756889, 1.492623], [103.756721, 1.492989], [103.756475, 1.493449], [103.756101, 1.494062], [103.755692, 1.494735], [103.755271, 1.495419], [103.754398, 1.496845], [103.754083, 1.497358], [103.753819, 1.497771], [103.753489, 1.498278], [103.752858, 1.499143], [103.752551, 1.499595], [103.751746, 1.500725], [103.750729, 1.502156], [103.749805, 1.503441], [103.747625, 1.506522], [103.744532, 1.510853], [103.743629, 1.512121], [103.74323, 1.5127], [103.742936, 1.513152], [103.742718, 1.513552], [103.742441, 1.514119], [103.742305, 1.514434], [103.742208, 1.514688], [103.742119, 1.514937], [103.741825, 1.515865], [103.741509, 1.516862], [103.741372, 1.517283], [103.74112, 1.517932], [103.740985, 1.518232], [103.74082, 1.51855], [103.74045, 1.519174], [103.740171, 1.519583], [103.740017, 1.519793], [103.739801, 1.520064], [103.739453, 1.520479], [103.738825, 1.52121], [103.738043, 1.522116], [103.737352, 1.52292], [103.736917, 1.523423], [103.736604, 1.523795], [103.736368, 1.524109], [103.736159, 1.5244], [103.736009, 1.524615], [103.735811, 1.524937], [103.735689, 1.525163], [103.735556, 1.525445], [103.735409, 1.525777], [103.73485, 1.5273], [103.734298, 1.528853], [103.734139, 1.529211], [103.733889, 1.529688], [103.733654, 1.530048], [103.733371, 1.530408], [103.733079, 1.530732], [103.732843, 1.530966], [103.732612, 1.531159], [103.732333, 1.531372], [103.732034, 1.531581], [103.731668, 1.531784], [103.731149, 1.532052], [103.730454, 1.532389], [103.728977, 1.533091], [103.728581, 1.5333], [103.728289, 1.533465], [103.727601, 1.533791], [103.727223, 1.53397], [103.726909, 1.534119], [103.725132, 1.534994], [103.723476, 1.535805], [103.721777, 1.536639], [103.720446, 1.53729], [103.719195, 1.537904], [103.718803, 1.538093], [103.715352, 1.539772], [103.714727, 1.540066], [103.714372, 1.540203], [103.714078, 1.540306], [103.713816, 1.540382], [103.713609, 1.540431], [103.713178, 1.540504], [103.712768, 1.540547], [103.712335, 1.540552], [103.711918, 1.540535], [103.711485, 1.540483], [103.711176, 1.540418], [103.710577, 1.540276], [103.708979, 1.539896], [103.708557, 1.53982], [103.708328, 1.539791], [103.708047, 1.539771], [103.707809, 1.539765], [103.707573, 1.539766], [103.707349, 1.539775], [103.707116, 1.539801], [103.706907, 1.539829], [103.70669, 1.539866], [103.706308, 1.53995], [103.705996, 1.540043], [103.705491, 1.540236], [103.70498, 1.54047], [103.703727, 1.541216], [103.702656, 1.541882], [103.702231, 1.5422], [103.701992, 1.542425], [103.701731, 1.542705], [103.701411, 1.5431], [103.701171, 1.54344], [103.700982, 1.543767], [103.700757, 1.544169], [103.69831, 1.549156], [103.697581, 1.550553], [103.69727, 1.551076], [103.696641, 1.55196], [103.695665, 1.55334], [103.695262, 1.554], [103.694974, 1.554583], [103.694746, 1.555161], [103.694614, 1.555593], [103.694503, 1.556141], [103.694054, 1.558422], [103.69393, 1.558923], [103.693767, 1.559405], [103.693519, 1.559961], [103.693222, 1.560471], [103.692942, 1.56088], [103.692613, 1.561236], [103.692232, 1.561617], [103.691578, 1.562128], [103.690319, 1.563021], [103.689589, 1.563541], [103.688074, 1.56455], [103.687397, 1.564897], [103.686858, 1.56514], [103.68638, 1.56534], [103.685634, 1.5656], [103.685003, 1.565787], [103.684394, 1.565931], [103.683898, 1.566037], [103.68287, 1.56624], [103.680795, 1.566645], [103.679185, 1.566955], [103.678651, 1.567079], [103.677815, 1.567332], [103.676996, 1.567641], [103.675727, 1.568122], [103.674158, 1.568737], [103.673948, 1.568845], [103.673474, 1.569129], [103.672969, 1.569503], [103.672546, 1.569894], [103.672275, 1.570187], [103.671987, 1.570595], [103.671827, 1.570853], [103.671646, 1.571162], [103.671487, 1.571479], [103.671211, 1.572078], [103.670833, 1.572851], [103.670222, 1.574159], [103.669572, 1.575551], [103.669008, 1.576697], [103.66863, 1.577332], [103.6682, 1.577927], [103.667674, 1.578538], [103.666828, 1.579334], [103.665566, 1.580408], [103.66401, 1.581728], [103.659782, 1.585328], [103.655665, 1.58884], [103.653869, 1.590391], [103.653316, 1.59093], [103.652364, 1.591984], [103.651754, 1.592769], [103.651189, 1.593583], [103.650729, 1.594342], [103.650284, 1.595187], [103.64983, 1.59617], [103.649409, 1.597313], [103.649176, 1.598046], [103.648902, 1.599107], [103.648707, 1.600255], [103.648526, 1.60195], [103.648469, 1.602634], [103.648409, 1.603471], [103.648295, 1.605451], [103.648257, 1.606111], [103.648155, 1.608755], [103.648033, 1.61142], [103.647903, 1.614121], [103.647801, 1.614968], [103.647669, 1.615652], [103.647251, 1.617368], [103.646871, 1.619019], [103.64661, 1.619801], [103.646326, 1.620497], [103.645852, 1.621306], [103.645398, 1.622001], [103.644436, 1.623245], [103.643667, 1.624138], [103.642919, 1.624848], [103.63976, 1.627706], [103.639718, 1.627745], [103.639573, 1.627879], [103.636177, 1.630936], [103.63593, 1.63116], [103.629132, 1.637293], [103.628702, 1.637674], [103.626248, 1.639849], [103.624292, 1.641559], [103.622801, 1.642875], [103.621478, 1.644016], [103.620851, 1.644579], [103.619601, 1.645681], [103.618938, 1.646259], [103.615892, 1.648925], [103.615519, 1.649254], [103.61429, 1.650335], [103.613849, 1.650758], [103.613473, 1.651169], [103.61303, 1.651694], [103.611655, 1.653574], [103.610936, 1.654567], [103.610559, 1.655079], [103.609623, 1.656366], [103.608982, 1.657187], [103.608689, 1.657535], [103.608002, 1.658301], [103.607519, 1.658833], [103.607263, 1.659104], [103.604907, 1.661185], [103.604143, 1.661743], [103.603609, 1.662022], [103.602969, 1.662297], [103.602013, 1.662673], [103.601326, 1.66295], [103.600473, 1.663362], [103.599958, 1.663607], [103.599575, 1.663768], [103.596442, 1.665023], [103.596026, 1.665207], [103.595749, 1.665341], [103.595348, 1.66556], [103.594914, 1.665832], [103.59449, 1.666119], [103.593601, 1.666812], [103.592346, 1.667676], [103.59139, 1.668399], [103.591224, 1.668525], [103.59049, 1.669098], [103.58999, 1.669493], [103.588376, 1.670771], [103.586864, 1.671964], [103.583665, 1.674466], [103.582259, 1.675569], [103.579206, 1.677966], [103.576514, 1.680078], [103.575416, 1.680957], [103.574806, 1.681488], [103.572872, 1.683331], [103.572157, 1.68401], [103.571497, 1.684611], [103.571157, 1.684892], [103.570776, 1.68516], [103.570374, 1.685445], [103.56974, 1.685849], [103.5618, 1.690425], [103.560856, 1.691003], [103.560401, 1.691323], [103.55984, 1.69178], [103.558769, 1.692701], [103.557599, 1.693623], [103.55506, 1.695982], [103.554083, 1.696834], [103.552293, 1.698403], [103.551749, 1.69889], [103.546354, 1.703692], [103.545383, 1.70455], [103.544841, 1.704961], [103.544324, 1.705328], [103.543691, 1.705725], [103.539855, 1.707863], [103.537126, 1.709389], [103.536158, 1.709935], [103.533276, 1.71156], [103.52869, 1.714095], [103.526898, 1.715115], [103.526289, 1.715461], [103.524558, 1.716418], [103.524114, 1.716679], [103.523697, 1.716937], [103.523203, 1.717286], [103.522678, 1.717675], [103.52193, 1.718347], [103.521305, 1.718995], [103.520764, 1.719674], [103.520333, 1.720272], [103.518945, 1.7224], [103.518005, 1.723896], [103.516568, 1.726101], [103.514978, 1.728582], [103.513383, 1.731048], [103.511362, 1.73424], [103.51087, 1.735042], [103.510643, 1.735484], [103.510409, 1.736007], [103.510051, 1.736785], [103.509822, 1.737311], [103.509584, 1.738037], [103.509328, 1.739161], [103.50907, 1.740479], [103.508572, 1.74437], [103.508485, 1.744867], [103.508376, 1.745461], [103.508249, 1.745987], [103.508011, 1.746785], [103.507864, 1.747213], [103.507683, 1.747652], [103.507499, 1.748069], [103.507151, 1.748722], [103.506877, 1.749172], [103.506632, 1.749567], [103.502038, 1.755645], [103.500607, 1.757552], [103.499601, 1.758946], [103.499245, 1.759508], [103.498552, 1.76079], [103.498306, 1.76132], [103.497177, 1.763931], [103.496554, 1.765801], [103.496281, 1.766856], [103.49542, 1.77369], [103.49503, 1.776227], [103.493058, 1.791821], [103.492963, 1.792525], [103.49264, 1.79494], [103.492358, 1.796427], [103.492158, 1.797137], [103.491774, 1.798098], [103.491484, 1.798625], [103.490368, 1.800209], [103.489598, 1.801059], [103.488631, 1.801954], [103.488411, 1.802143], [103.478046, 1.811411], [103.477546, 1.811866], [103.4717, 1.817202], [103.471214, 1.817585], [103.470697, 1.817989], [103.470194, 1.818335], [103.46968, 1.81862], [103.466878, 1.819663], [103.466212, 1.819918], [103.460991, 1.821957], [103.458659, 1.822999], [103.455692, 1.824783], [103.450233, 1.82824], [103.446968, 1.830242], [103.444742, 1.831633], [103.442035, 1.833476], [103.440429, 1.834806], [103.435342, 1.838678], [103.431427, 1.841662], [103.428734, 1.843528], [103.420905, 1.848431], [103.419753, 1.849254], [103.418862, 1.850212], [103.417532, 1.851738], [103.41698, 1.852631], [103.416396, 1.853859], [103.413032, 1.863025], [103.411303, 1.867865], [103.409627, 1.872413], [103.408265, 1.875702], [103.407544, 1.877146], [103.407227, 1.877872], [103.406767, 1.878593], [103.406398, 1.879364], [103.405285, 1.881491], [103.404001, 1.884008], [103.402904, 1.88616], [103.400445, 1.89102], [103.399582, 1.892735], [103.399127, 1.893611], [103.397731, 1.896414], [103.39697, 1.897611], [103.396149, 1.898738], [103.39552, 1.899423], [103.389681, 1.904692], [103.385204, 1.908725], [103.383983, 1.910001], [103.380405, 1.915954], [103.378226, 1.919231], [103.375679, 1.921961], [103.37378, 1.923574], [103.37215, 1.924719], [103.369172, 1.926311], [103.367032, 1.927414], [103.365678, 1.928251], [103.364707, 1.929034], [103.363792, 1.929927], [103.361813, 1.932374], [103.360703, 1.933689], [103.358313, 1.936542], [103.356513, 1.938556], [103.353732, 1.941716], [103.352133, 1.943542], [103.348516, 1.947641], [103.347722, 1.948548], [103.346038, 1.950527], [103.345786, 1.950856], [103.345497, 1.95129], [103.344983, 1.952193], [103.343619, 1.955154], [103.342591, 1.957368], [103.342288, 1.958028], [103.341314, 1.960142], [103.339973, 1.963154], [103.338118, 1.9672], [103.336925, 1.969871], [103.336283, 1.971234], [103.335546, 1.972837], [103.335459, 1.973028], [103.335303, 1.973371], [103.335045, 1.973845], [103.334918, 1.974122], [103.333645, 1.976869], [103.332568, 1.979304], [103.331063, 1.98261], [103.330894, 1.982978], [103.330476, 1.983886], [103.329772, 1.985267], [103.329311, 1.986087], [103.328474, 1.987586], [103.327951, 1.988516], [103.327468, 1.989454], [103.3272, 1.990045], [103.326913, 1.990767], [103.326764, 1.991222], [103.326494, 1.992261], [103.325463, 1.996672], [103.324223, 2.002017], [103.322806, 2.008018], [103.320517, 2.017584], [103.319956, 2.020106], [103.318785, 2.024958], [103.318299, 2.027115], [103.317902, 2.030159], [103.317787, 2.030921], [103.3177, 2.031459], [103.317601, 2.031869], [103.31658, 2.035363], [103.316131, 2.036907], [103.315, 2.040794], [103.314442, 2.042814], [103.314198, 2.043713], [103.313931, 2.044491], [103.313423, 2.045736], [103.313184, 2.046235], [103.312613, 2.047265], [103.311801, 2.048536], [103.308846, 2.052737], [103.306207, 2.056545], [103.302865, 2.061311], [103.300681, 2.06445], [103.300167, 2.065186], [103.298259, 2.067989], [103.293604, 2.07468], [103.285556, 2.086229], [103.285127, 2.086799], [103.284499, 2.087552], [103.28384, 2.088289], [103.283212, 2.08894], [103.280883, 2.091056], [103.277555, 2.093941], [103.275706, 2.09559], [103.275306, 2.095983], [103.274919, 2.096421], [103.27466, 2.096741], [103.274415, 2.09709], [103.273922, 2.097852], [103.27353, 2.098579], [103.272701, 2.100491], [103.271844, 2.102672], [103.271326, 2.104089], [103.271057, 2.104731], [103.270606, 2.1056], [103.270246, 2.106268], [103.269738, 2.107018], [103.269211, 2.107696], [103.268491, 2.108522], [103.266833, 2.110309], [103.266091, 2.111106], [103.265534, 2.111773], [103.264984, 2.112519], [103.264497, 2.113357], [103.264138, 2.114034], [103.263831, 2.114782], [103.263569, 2.115561], [103.263395, 2.116138], [103.263241, 2.116876], [103.26273, 2.119412], [103.262014, 2.122929], [103.261152, 2.127281], [103.260702, 2.129382], [103.260443, 2.130312], [103.260294, 2.130716], [103.259854, 2.131662], [103.259431, 2.132433], [103.259142, 2.132919], [103.25846, 2.133827], [103.257747, 2.134622], [103.257217, 2.135134], [103.256655, 2.135602], [103.255911, 2.136128], [103.255433, 2.136444], [103.254735, 2.136827], [103.253996, 2.137174], [103.253499, 2.137368], [103.252904, 2.137573], [103.25143, 2.13803], [103.248232, 2.139099], [103.24623, 2.139762], [103.242604, 2.140967], [103.241864, 2.141225], [103.241123, 2.141556], [103.240133, 2.142065], [103.23956, 2.142436], [103.23884, 2.142968], [103.238331, 2.143413], [103.237445, 2.144308], [103.235468, 2.146513], [103.233322, 2.148958], [103.232606, 2.149761], [103.229824, 2.152922], [103.229266, 2.153556], [103.228875, 2.154094], [103.22851, 2.154646], [103.228034, 2.155521], [103.227681, 2.15629], [103.227472, 2.156837], [103.227259, 2.157443], [103.227044, 2.158316], [103.226562, 2.160799], [103.226028, 2.163651], [103.225827, 2.164417], [103.225627, 2.165075], [103.225374, 2.165751], [103.224989, 2.166572], [103.224665, 2.167168], [103.224221, 2.167896], [103.223643, 2.168658], [103.219403, 2.17386], [103.218304, 2.17523], [103.216671, 2.177204], [103.215858, 2.17803], [103.215157, 2.178621], [103.214088, 2.179371], [103.21314, 2.179919], [103.212447, 2.180223], [103.210725, 2.180737], [103.203195, 2.18278], [103.200264, 2.183539], [103.198093, 2.184161], [103.197468, 2.184392], [103.196829, 2.184651], [103.195683, 2.185342], [103.195289, 2.185649], [103.194933, 2.18595], [103.194089, 2.186758], [103.193063, 2.187727], [103.192155, 2.188616], [103.191782, 2.188988], [103.190599, 2.190167], [103.189879, 2.190863], [103.189195, 2.191524], [103.186119, 2.194591], [103.180568, 2.199918], [103.180081, 2.200488], [103.179573, 2.201142], [103.171812, 2.211819], [103.171442, 2.212327], [103.170426, 2.213718], [103.170338, 2.213839], [103.168588, 2.216277], [103.165378, 2.220635], [103.163886, 2.222727], [103.161948, 2.225303], [103.15984, 2.228429], [103.158217, 2.230551], [103.157585, 2.231366], [103.156752, 2.232542], [103.155682, 2.233984], [103.154985, 2.23503], [103.152997, 2.237756], [103.152406, 2.238582], [103.15211, 2.239094], [103.151445, 2.240502], [103.151123, 2.241211], [103.150871, 2.241957], [103.150668, 2.242952], [103.150581, 2.243552], [103.150551, 2.243891], [103.150508, 2.244793], [103.150507, 2.245752], [103.150611, 2.247019], [103.150911, 2.248438], [103.151196, 2.249867], [103.151306, 2.250782], [103.151344, 2.251922], [103.151339, 2.252564], [103.151301, 2.253173], [103.151161, 2.254312], [103.151102, 2.254662], [103.150851, 2.255478], [103.150595, 2.256134], [103.150054, 2.257301], [103.149722, 2.258046], [103.149279, 2.259035], [103.146131, 2.266199], [103.143945, 2.271126], [103.143267, 2.272648], [103.142654, 2.273939], [103.141678, 2.275878], [103.140134, 2.278652], [103.139749, 2.27932], [103.13852, 2.281567], [103.137873, 2.282662], [103.135654, 2.286262], [103.13404, 2.288843], [103.133576, 2.289594], [103.132071, 2.292005], [103.130245, 2.29497], [103.129605, 2.296019], [103.12909, 2.296843], [103.128253, 2.298192], [103.126215, 2.301482], [103.125473, 2.302674], [103.124672, 2.303984], [103.122625, 2.30727], [103.12096, 2.309935], [103.120063, 2.311317], [103.119288, 2.312247], [103.118977, 2.312551], [103.118749, 2.312757], [103.118293, 2.313118], [103.117871, 2.313494], [103.117108, 2.313908], [103.116214, 2.314343], [103.115976, 2.314434], [103.113052, 2.315313], [103.112332, 2.315522], [103.108618, 2.316619], [103.107097, 2.317094], [103.106649, 2.317267], [103.106048, 2.317522], [103.105204, 2.31798], [103.104791, 2.318227], [103.103789, 2.318888], [103.103118, 2.319339], [103.102071, 2.320074], [103.100625, 2.321053], [103.100062, 2.321452], [103.097767, 2.323078], [103.094536, 2.32535], [103.093253, 2.326232], [103.091581, 2.327399], [103.089075, 2.329157], [103.087127, 2.330523], [103.084501, 2.332358], [103.08353, 2.333039], [103.0814, 2.334546], [103.076908, 2.337689], [103.073777, 2.339884], [103.071644, 2.341392], [103.071074, 2.341792], [103.066535, 2.344968], [103.065984, 2.345351], [103.064876, 2.346122], [103.063927, 2.346785], [103.063379, 2.347215], [103.062942, 2.347595], [103.062627, 2.347872], [103.062212, 2.348307], [103.061701, 2.348924], [103.060791, 2.350106], [103.059917, 2.351298], [103.059077, 2.352424], [103.05743, 2.354587], [103.05655, 2.355767], [103.056043, 2.356396], [103.055644, 2.356849], [103.055158, 2.357334], [103.054728, 2.357707], [103.054291, 2.358065], [103.053839, 2.358392], [103.052777, 2.35917], [103.051237, 2.360298], [103.047731, 2.362893], [103.045257, 2.364695], [103.042085, 2.367016], [103.04097, 2.367846], [103.039865, 2.36866], [103.039154, 2.369174], [103.035557, 2.371823], [103.034999, 2.372234], [103.033224, 2.373582], [103.03163, 2.374757], [103.030776, 2.375368], [103.029496, 2.376315], [103.02822, 2.377265], [103.027397, 2.377841], [103.026815, 2.378262], [103.025759, 2.379037], [103.023653, 2.380592], [103.023006, 2.38106], [103.020424, 2.382959], [103.019809, 2.383416], [103.019055, 2.383955], [103.016942, 2.385493], [103.016356, 2.38606], [103.015874, 2.38665], [103.015139, 2.387545], [103.013673, 2.389642], [103.013025, 2.39078], [103.012819, 2.391273], [103.012244, 2.392701], [103.01206, 2.393619], [103.011961, 2.394224], [103.011589, 2.396601], [103.011332, 2.398491], [103.010868, 2.401258], [103.010711, 2.401806], [103.010519, 2.402424], [103.010309, 2.402976], [103.010056, 2.40356], [103.00963, 2.404382], [103.009161, 2.405168], [103.00825, 2.406652], [103.007045, 2.408585], [103.005827, 2.410566], [103.004751, 2.412301], [103.004292, 2.413064], [103.003693, 2.414168], [103.002944, 2.415753], [103.001477, 2.418836], [103.000319, 2.421254], [102.9996, 2.422786], [102.998541, 2.425095], [102.998237, 2.425674], [102.99627, 2.429665], [102.995098, 2.432124], [102.993899, 2.434652], [102.993593, 2.43527], [102.992523, 2.437454], [102.992018, 2.438226], [102.991556, 2.438848], [102.990765, 2.439653], [102.988202, 2.441929], [102.984105, 2.445502], [102.981838, 2.447509], [102.980025, 2.449075], [102.979153, 2.449777], [102.978575, 2.450276], [102.977038, 2.451363], [102.974355, 2.45333], [102.972981, 2.454278], [102.97006, 2.456273], [102.968621, 2.457335], [102.96783, 2.457952], [102.966577, 2.458937], [102.966041, 2.459381], [102.964246, 2.460657], [102.963435, 2.461255], [102.962818, 2.461676], [102.96152, 2.462606], [102.961086, 2.462912], [102.960465, 2.463292], [102.958988, 2.464118], [102.957603, 2.464871], [102.955734, 2.46588], [102.954983, 2.466265], [102.95246, 2.467708], [102.950138, 2.468967], [102.946308, 2.471059], [102.945845, 2.471291], [102.945353, 2.471489], [102.94476, 2.471705], [102.944168, 2.471874], [102.943501, 2.472012], [102.942859, 2.472089], [102.941685, 2.472144], [102.939982, 2.472171], [102.936977, 2.472254], [102.934353, 2.472325], [102.931679, 2.472359], [102.931051, 2.472313], [102.930502, 2.472204], [102.927658, 2.471605], [102.927178, 2.471531], [102.926524, 2.471468], [102.925671, 2.471433], [102.925089, 2.471429], [102.924542, 2.471465], [102.923927, 2.471521], [102.923072, 2.471649], [102.921857, 2.471863], [102.919772, 2.472191], [102.918841, 2.472405], [102.918358, 2.472553], [102.916706, 2.473129], [102.916159, 2.473314], [102.915627, 2.473472], [102.915111, 2.473603], [102.914541, 2.473715], [102.913771, 2.473823], [102.911935, 2.473928], [102.910376, 2.474019], [102.909905, 2.474052], [102.909405, 2.474105], [102.908814, 2.474188], [102.907592, 2.474446], [102.906824, 2.474702], [102.906321, 2.474903], [102.90575, 2.475148], [102.905207, 2.475427], [102.904279, 2.475959], [102.903554, 2.476473], [102.898684, 2.480671], [102.8965, 2.482532], [102.89499, 2.483855], [102.894193, 2.484465], [102.893714, 2.484787], [102.893202, 2.485082], [102.89271, 2.485346], [102.892158, 2.485597], [102.890827, 2.486123], [102.889657, 2.486499], [102.889115, 2.486706], [102.888296, 2.486977], [102.883474, 2.488557], [102.882142, 2.488965], [102.881461, 2.489191], [102.880251, 2.489594], [102.879837, 2.489729], [102.879408, 2.489836], [102.879075, 2.489908], [102.877697, 2.490114], [102.876063, 2.490335], [102.872161, 2.490868], [102.870987, 2.49105], [102.870454, 2.491121], [102.869947, 2.491151], [102.869443, 2.491176], [102.868891, 2.491162], [102.868339, 2.491126], [102.867706, 2.491052], [102.867114, 2.490942], [102.866361, 2.490776], [102.86561, 2.490565], [102.8622, 2.489381], [102.860413, 2.488767], [102.85992, 2.488599], [102.859467, 2.488462], [102.859019, 2.48835], [102.858568, 2.488261], [102.858111, 2.488187], [102.857648, 2.48814], [102.856935, 2.488115], [102.856235, 2.488132], [102.855757, 2.488173], [102.855271, 2.488227], [102.850494, 2.488862], [102.848519, 2.489113], [102.84772, 2.489226], [102.847243, 2.489305], [102.846657, 2.489446], [102.846241, 2.489569], [102.845923, 2.489668], [102.845488, 2.489848], [102.844913, 2.490118], [102.843239, 2.490964], [102.842094, 2.491507], [102.838059, 2.493521], [102.833217, 2.495953], [102.829375, 2.497893], [102.825778, 2.499709], [102.822474, 2.501379], [102.820305, 2.50247], [102.818126, 2.503565], [102.817704, 2.5038], [102.81703, 2.504244], [102.816609, 2.504561], [102.815753, 2.50526], [102.814519, 2.506291], [102.813175, 2.507414], [102.812109, 2.508304], [102.811263, 2.509053], [102.810989, 2.509328], [102.810762, 2.509575], [102.810551, 2.509844], [102.810376, 2.510113], [102.810207, 2.51041], [102.810058, 2.510657], [102.809202, 2.512528], [102.808661, 2.513707], [102.808433, 2.514155], [102.808205, 2.514545], [102.807999, 2.514842], [102.807695, 2.515197], [102.807387, 2.5155], [102.807019, 2.515802], [102.80662, 2.516087], [102.80607, 2.516403], [102.805588, 2.516621], [102.805107, 2.51679], [102.804549, 2.516914], [102.803982, 2.517001], [102.803499, 2.51706], [102.802199, 2.51715], [102.801645, 2.517233], [102.801061, 2.517361], [102.800574, 2.517534], [102.799971, 2.517813], [102.799438, 2.518123], [102.798914, 2.518502], [102.798271, 2.519037], [102.795657, 2.521279], [102.789943, 2.526221], [102.786797, 2.528903], [102.785141, 2.530315], [102.784355, 2.530982], [102.783664, 2.531575], [102.783014, 2.532082], [102.782314, 2.532587], [102.782054, 2.532765], [102.781621, 2.533019], [102.781189, 2.53325], [102.780651, 2.533505], [102.780109, 2.533733], [102.77874, 2.534214], [102.776215, 2.535077], [102.775466, 2.535319], [102.774786, 2.535574], [102.774226, 2.535841], [102.773656, 2.536154], [102.773086, 2.536524], [102.772526, 2.536975], [102.77215, 2.53728], [102.771338, 2.538054], [102.770595, 2.538753], [102.770185, 2.539159], [102.769798, 2.539585], [102.769194, 2.540375], [102.76907, 2.540564], [102.768944, 2.540769], [102.768713, 2.541176], [102.768524, 2.541554], [102.768322, 2.542055], [102.768167, 2.542454], [102.76777, 2.543562], [102.767355, 2.544643], [102.767142, 2.545132], [102.766892, 2.545615], [102.766625, 2.546032], [102.766194, 2.546625], [102.765792, 2.547111], [102.765411, 2.547538], [102.765009, 2.547917], [102.764578, 2.548279], [102.761827, 2.550174], [102.760496, 2.551126], [102.757409, 2.553285], [102.756801, 2.553697], [102.755509, 2.554618], [102.754112, 2.555624], [102.753598, 2.555984], [102.752846, 2.55645], [102.751843, 2.55704], [102.744087, 2.561317], [102.738499, 2.564423], [102.736792, 2.565399], [102.732118, 2.567988], [102.73134, 2.568427], [102.730767, 2.568772], [102.730316, 2.569072], [102.729883, 2.569383], [102.729546, 2.569674], [102.726647, 2.572464], [102.724356, 2.574722], [102.722258, 2.576693], [102.722046, 2.576845], [102.720976, 2.577482], [102.720479, 2.577762], [102.719777, 2.578073], [102.718825, 2.578399], [102.717854, 2.578706], [102.716306, 2.579054], [102.710655, 2.580042], [102.70537, 2.580985], [102.695936, 2.582692], [102.690353, 2.583721], [102.689642, 2.583836], [102.688825, 2.583909], [102.687939, 2.5839], [102.687083, 2.583829], [102.686347, 2.583728], [102.685479, 2.583591], [102.684637, 2.583431], [102.68375, 2.583294], [102.683048, 2.58324], [102.682113, 2.583211], [102.681402, 2.583246], [102.680566, 2.583348], [102.679641, 2.583508], [102.678212, 2.583814], [102.677025, 2.584024], [102.67639, 2.584135], [102.675778, 2.584167], [102.674981, 2.584162], [102.66998, 2.583936], [102.665339, 2.583725], [102.662324, 2.583607], [102.661504, 2.583604], [102.660729, 2.583658], [102.659855, 2.583744], [102.658946, 2.583869], [102.658183, 2.584018], [102.657201, 2.584286], [102.655736, 2.584649], [102.654731, 2.584873], [102.653896, 2.585016], [102.652664, 2.58515], [102.651481, 2.585277], [102.650568, 2.585335], [102.649449, 2.585281], [102.648673, 2.585198], [102.647519, 2.585051], [102.646274, 2.584871], [102.641754, 2.584304], [102.638165, 2.583842], [102.635887, 2.583552], [102.633702, 2.583281], [102.63147, 2.582999], [102.628731, 2.582645], [102.627409, 2.582496], [102.624765, 2.582215], [102.623495, 2.582076], [102.622906, 2.58197], [102.621677, 2.581665], [102.620998, 2.581497], [102.620311, 2.581322], [102.620002, 2.581243], [102.617899, 2.580703], [102.61726, 2.580534], [102.615515, 2.580097], [102.613789, 2.579646], [102.611866, 2.579142], [102.611414, 2.579021], [102.610284, 2.578712], [102.609797, 2.57859], [102.608211, 2.578192], [102.607374, 2.577973], [102.607088, 2.577902], [102.606408, 2.577707], [102.605682, 2.577494], [102.602277, 2.576435], [102.601536, 2.576194], [102.600737, 2.575917], [102.599881, 2.575644], [102.599464, 2.575551], [102.598948, 2.575439], [102.598506, 2.575415], [102.597922, 2.575439], [102.597052, 2.575515], [102.59647, 2.575579], [102.595236, 2.575702], [102.593391, 2.575881], [102.592675, 2.575995], [102.592393, 2.576065], [102.592097, 2.576148], [102.591708, 2.576306], [102.59134, 2.576478], [102.590999, 2.576683], [102.590544, 2.577002], [102.590378, 2.577131], [102.590161, 2.577327], [102.58964, 2.577829], [102.589218, 2.57846], [102.588915, 2.578934], [102.588145, 2.58022], [102.587892, 2.580637], [102.587572, 2.581085], [102.587346, 2.58138], [102.587112, 2.581608], [102.586611, 2.582041], [102.586233, 2.582293], [102.585878, 2.582538], [102.58544, 2.582744], [102.584957, 2.582908], [102.584521, 2.583006], [102.584233, 2.583068], [102.583855, 2.583114], [102.583001, 2.583097], [102.581106, 2.582926], [102.57784, 2.582607], [102.574415, 2.582276], [102.571044, 2.581957], [102.568347, 2.581694], [102.565919, 2.581454], [102.563384, 2.581214], [102.5614, 2.580996], [102.560882, 2.580867], [102.560467, 2.58075], [102.560144, 2.58062], [102.559867, 2.580498], [102.559558, 2.58031], [102.559149, 2.580037], [102.558833, 2.579823], [102.557833, 2.578904], [102.557224, 2.57833], [102.555727, 2.577039], [102.554568, 2.576004], [102.553823, 2.575434], [102.55298, 2.574866], [102.552059, 2.574358], [102.549974, 2.573371], [102.547059, 2.572064], [102.545043, 2.571169], [102.542677, 2.57007], [102.540599, 2.569109], [102.537357, 2.567666], [102.535988, 2.567067], [102.534283, 2.566309], [102.531233, 2.564932], [102.529758, 2.564244], [102.52723, 2.563103], [102.525563, 2.562372], [102.523226, 2.561286], [102.521958, 2.560734], [102.521055, 2.560201], [102.520539, 2.559861], [102.520012, 2.559498], [102.519131, 2.5587], [102.518546, 2.558085], [102.51838, 2.55791], [102.517989, 2.557432], [102.517216, 2.556469], [102.516236, 2.555191], [102.515036, 2.553745], [102.514147, 2.552636], [102.513115, 2.551346], [102.511661, 2.549537], [102.509642, 2.546967], [102.50921, 2.546443], [102.508236, 2.545233], [102.507798, 2.544694], [102.506975, 2.543793], [102.505311, 2.541919], [102.504152, 2.540549], [102.501313, 2.537361], [102.499807, 2.535684], [102.499021, 2.534783], [102.498356, 2.534017], [102.497899, 2.533483], [102.497626, 2.533119], [102.497324, 2.5327], [102.496992, 2.532169], [102.496627, 2.531519], [102.495651, 2.529424], [102.495057, 2.52811], [102.494298, 2.526389], [102.493672, 2.524863], [102.493005, 2.523549], [102.492407, 2.522201], [102.491743, 2.520738], [102.491589, 2.520385], [102.490373, 2.517749], [102.489699, 2.516229], [102.489319, 2.515398], [102.488952, 2.514642], [102.488349, 2.513671], [102.488037, 2.513244], [102.487527, 2.512611], [102.487149, 2.512212], [102.486582, 2.511667], [102.485739, 2.510935], [102.484656, 2.510115], [102.484324, 2.509866], [102.482454, 2.508414], [102.481119, 2.507383], [102.480382, 2.506829], [102.479626, 2.506317], [102.478933, 2.505982], [102.476841, 2.505003], [102.473643, 2.503576], [102.46898, 2.501386], [102.467548, 2.500747], [102.467036, 2.500561], [102.466488, 2.500379], [102.465954, 2.500242], [102.46537, 2.50011], [102.464034, 2.499853], [102.459197, 2.498906], [102.455951, 2.498282], [102.452915, 2.497677], [102.452362, 2.497545], [102.4518, 2.497406], [102.451147, 2.497145], [102.450358, 2.496813], [102.449779, 2.496519], [102.44914, 2.49615], [102.448452, 2.495654], [102.448163, 2.495415], [102.447657, 2.494976], [102.446642, 2.494044], [102.446042, 2.493488], [102.4454, 2.492904], [102.444905, 2.492411], [102.444566, 2.492019], [102.444108, 2.491437], [102.443675, 2.490843], [102.443332, 2.490307], [102.442886, 2.489528], [102.442618, 2.489049], [102.442274, 2.488524], [102.441675, 2.487565], [102.441025, 2.486536], [102.440788, 2.486203], [102.440346, 2.485631], [102.440078, 2.485314], [102.439577, 2.484767], [102.438487, 2.483474], [102.437419, 2.482147], [102.436524, 2.481156], [102.435612, 2.480283], [102.435073, 2.479865], [102.434415, 2.479391], [102.433667, 2.478951], [102.432905, 2.478582], [102.432337, 2.478355], [102.431855, 2.478164], [102.431421, 2.478041], [102.430903, 2.477911], [102.429978, 2.477709], [102.429382, 2.477629], [102.428951, 2.477564], [102.42731, 2.477569], [102.425851, 2.477558], [102.425231, 2.477536], [102.424787, 2.477488], [102.424329, 2.477424], [102.423498, 2.477254], [102.423089, 2.477161], [102.42242, 2.476933], [102.421448, 2.476579], [102.420635, 2.476188], [102.419475, 2.475642], [102.418841, 2.475365], [102.417963, 2.47494], [102.416482, 2.474165], [102.415018, 2.47346], [102.414385, 2.473138], [102.413397, 2.472711], [102.413037, 2.472494], [102.412351, 2.472038], [102.411777, 2.471662], [102.411273, 2.471216], [102.410189, 2.470332], [102.409981, 2.47014], [102.409424, 2.46967], [102.409208, 2.469472], [102.408835, 2.469143], [102.407117, 2.467562], [102.406797, 2.46726], [102.406401, 2.466919], [102.40601, 2.466611], [102.405278, 2.466078], [102.404817, 2.46578], [102.404127, 2.465416], [102.402995, 2.464949], [102.402744, 2.464865], [102.402196, 2.464683], [102.40176, 2.46457], [102.400493, 2.464291], [102.397023, 2.463574], [102.395794, 2.463306], [102.392652, 2.462638], [102.389278, 2.461867], [102.387883, 2.46156], [102.3858, 2.461166], [102.385067, 2.461098], [102.384375, 2.461065], [102.383787, 2.46104], [102.383439, 2.461062], [102.383031, 2.461095], [102.382559, 2.461146], [102.373344, 2.462669], [102.372561, 2.462781], [102.372068, 2.462851], [102.371557, 2.4629], [102.370882, 2.462939], [102.370348, 2.462941], [102.369899, 2.462925], [102.36934, 2.462865], [102.367788, 2.462625], [102.367248, 2.46252], [102.364437, 2.462061], [102.360357, 2.461397], [102.357738, 2.460934], [102.353129, 2.46022], [102.351521, 2.459925], [102.348866, 2.459431], [102.347689, 2.459224], [102.346387, 2.459016], [102.344748, 2.458765], [102.340962, 2.458124], [102.340091, 2.457972], [102.339573, 2.457887], [102.338924, 2.457777], [102.337992, 2.457638], [102.335976, 2.457306], [102.334532, 2.457068], [102.330428, 2.456376], [102.328692, 2.456068], [102.322589, 2.455046], [102.320657, 2.454741], [102.318985, 2.454458], [102.317774, 2.454257], [102.316794, 2.454088], [102.316109, 2.454006], [102.315564, 2.453958], [102.314991, 2.453944], [102.314529, 2.453954], [102.313971, 2.453999], [102.312905, 2.454109], [102.307512, 2.454795], [102.306018, 2.454998], [102.304917, 2.455152], [102.301088, 2.45559], [102.298023, 2.455984], [102.296705, 2.456161], [102.294471, 2.456467], [102.293402, 2.456582], [102.284784, 2.457687], [102.283348, 2.457867], [102.28065, 2.4582], [102.279292, 2.458357], [102.278493, 2.458466], [102.27794, 2.458524], [102.277366, 2.458573], [102.276835, 2.458596], [102.276376, 2.4586], [102.275827, 2.458577], [102.274583, 2.458397], [102.273374, 2.458148], [102.272298, 2.457917], [102.271813, 2.457828], [102.271336, 2.457763], [102.270828, 2.457718], [102.270366, 2.45769], [102.27007, 2.457685], [102.269711, 2.457693], [102.26909, 2.457732], [102.268746, 2.457774], [102.268179, 2.457854], [102.267756, 2.457934], [102.267248, 2.458042], [102.266545, 2.458242], [102.266027, 2.458411], [102.264947, 2.458741], [102.263835, 2.459], [102.262861, 2.459141], [102.261878, 2.4592], [102.258623, 2.459295], [102.257536, 2.459301], [102.256549, 2.459319], [102.253272, 2.459426], [102.25264, 2.459442], [102.251656, 2.459459], [102.250537, 2.459472], [102.24926, 2.459518], [102.248339, 2.459533], [102.247356, 2.459545], [102.246355, 2.459576], [102.245897, 2.459593], [102.24503, 2.45961], [102.243814, 2.459592], [102.243388, 2.459578], [102.242206, 2.459501], [102.241086, 2.459418], [102.240386, 2.459382], [102.240077, 2.459369], [102.239469, 2.459345], [102.238832, 2.459338], [102.238408, 2.45935], [102.237887, 2.459378], [102.237467, 2.45942], [102.236976, 2.459491], [102.236223, 2.45961], [102.234778, 2.46], [102.234329, 2.460121], [102.233726, 2.460286], [102.232158, 2.46074], [102.231765, 2.460848], [102.230566, 2.461244], [102.230074, 2.461435], [102.229527, 2.461687], [102.228432, 2.462277], [102.226906, 2.463126], [102.22688, 2.463141], [102.226164, 2.463547], [102.222892, 2.465399], [102.222278, 2.465733], [102.221886, 2.465953], [102.220963, 2.466473], [102.220512, 2.466727], [102.219626, 2.467217], [102.21803, 2.468117], [102.217026, 2.468696], [102.216983, 2.468721], [102.21573, 2.469393], [102.215069, 2.469662], [102.214851, 2.469742], [102.214621, 2.469817], [102.214406, 2.469883], [102.214174, 2.469946], [102.213817, 2.470031], [102.213418, 2.470109], [102.213047, 2.470159], [102.21267, 2.470195], [102.212314, 2.470214], [102.211905, 2.470218], [102.211539, 2.470211], [102.211208, 2.47019], [102.210992, 2.470173], [102.210777, 2.470144], [102.21029, 2.470057], [102.209862, 2.469963], [102.20945, 2.469845], [102.208806, 2.469628], [102.207929, 2.469234], [102.207403, 2.468927], [102.206737, 2.468479], [102.20646, 2.468266], [102.20606, 2.467916], [102.205825, 2.467686], [102.20544, 2.467275], [102.205222, 2.467001], [102.204759, 2.466394], [102.204462, 2.465942], [102.204334, 2.46571], [102.204274, 2.465592], [102.203928, 2.464877], [102.203711, 2.464326], [102.20335, 2.463376], [102.202845, 2.462045], [102.202642, 2.461501], [102.202431, 2.460964], [102.201847, 2.459429], [102.201578, 2.458747], [102.201261, 2.457951], [102.201093, 2.457575], [102.20076, 2.456928], [102.200505, 2.456499], [102.200286, 2.456159], [102.199895, 2.455637], [102.199519, 2.4552], [102.199295, 2.454971], [102.198989, 2.454668], [102.19881, 2.454501], [102.198545, 2.454268], [102.198316, 2.454084], [102.197987, 2.453848], [102.19739, 2.453481], [102.197124, 2.453319], [102.196737, 2.453101], [102.196371, 2.452926], [102.195959, 2.452743], [102.195332, 2.452517], [102.195063, 2.452428], [102.194631, 2.452298], [102.194018, 2.45217], [102.193349, 2.452087], [102.192893, 2.452059], [102.192307, 2.452054], [102.191775, 2.452066], [102.191015, 2.452138], [102.190291, 2.452285], [102.189526, 2.452472], [102.188791, 2.452751], [102.188189, 2.453019], [102.187866, 2.453182], [102.187499, 2.453386], [102.186854, 2.453804], [102.186324, 2.454217], [102.186, 2.454484], [102.185585, 2.454887], [102.185352, 2.455127], [102.184724, 2.455861], [102.184316, 2.45643], [102.184195, 2.45665], [102.183758, 2.457427], [102.183553, 2.457878], [102.183323, 2.458449], [102.183068, 2.459333], [102.183003, 2.459599], [102.182889, 2.460216], [102.181836, 2.467993], [102.181346, 2.471693], [102.181184, 2.472861], [102.180768, 2.475969], [102.180307, 2.479436], [102.179631, 2.484412], [102.179274, 2.487067], [102.178899, 2.489896], [102.178688, 2.49135], [102.178434, 2.492473], [102.17805, 2.493634], [102.177764, 2.494359], [102.177293, 2.495515], [102.177248, 2.495613], [102.177108, 2.49595], [102.176912, 2.496447], [102.176326, 2.497915], [102.173288, 2.505452], [102.173206, 2.505649], [102.173115, 2.505863], [102.172895, 2.506384], [102.172479, 2.507424], [102.171988, 2.508633], [102.17158, 2.509672], [102.171182, 2.510612], [102.170775, 2.511641], [102.170266, 2.512903], [102.169742, 2.514195], [102.169429, 2.514965], [102.169111, 2.515751], [102.168997, 2.516039], [102.168353, 2.517651], [102.167421, 2.519965], [102.167348, 2.520146], [102.167251, 2.520386], [102.16602, 2.52343], [102.165862, 2.523821], [102.165443, 2.524834], [102.165174, 2.525447], [102.164796, 2.52615], [102.164582, 2.526524], [102.164345, 2.526853], [102.164045, 2.527278], [102.16358, 2.527864], [102.163429, 2.528035], [102.16325, 2.528235], [102.162899, 2.528597], [102.162643, 2.528838], [102.162289, 2.529137], [102.161998, 2.52937], [102.161434, 2.529819], [102.160616, 2.530471], [102.159238, 2.531569], [102.157871, 2.532657], [102.15683, 2.53352], [102.156208, 2.534004], [102.155035, 2.53494], [102.153157, 2.536454], [102.152504, 2.536961], [102.151039, 2.538087], [102.150211, 2.538771], [102.149678, 2.539221], [102.14917, 2.539638], [102.148426, 2.540231], [102.148179, 2.540428], [102.145131, 2.542861], [102.144793, 2.543124], [102.144062, 2.543705], [102.143591, 2.544068], [102.14289, 2.54464], [102.140783, 2.546312], [102.140405, 2.546637], [102.139886, 2.547078], [102.139529, 2.547353], [102.138807, 2.547887], [102.137911, 2.548618], [102.137273, 2.549104], [102.136077, 2.550042], [102.135632, 2.550456], [102.134878, 2.551118], [102.134664, 2.55131], [102.13394, 2.551982], [102.133533, 2.552359], [102.133109, 2.552798], [102.133026, 2.552876], [102.132621, 2.553266], [102.131903, 2.553945], [102.131322, 2.554452], [102.130981, 2.554774], [102.130286, 2.555443], [102.129808, 2.555829], [102.129161, 2.55643], [102.128634, 2.55692], [102.127925, 2.557535], [102.127675, 2.557731], [102.127459, 2.557878], [102.12704, 2.558164], [102.126024, 2.558794], [102.124588, 2.559636], [102.123806, 2.560122], [102.123208, 2.560477], [102.122907, 2.56067], [102.120349, 2.562232], [102.119582, 2.562754], [102.118765, 2.563245], [102.117953, 2.563745], [102.116476, 2.564622], [102.115319, 2.565319], [102.114612, 2.565721], [102.113216, 2.566562], [102.112246, 2.567186], [102.111807, 2.567469], [102.111374, 2.567747], [102.110547, 2.568251], [102.110265, 2.56846], [102.109638, 2.568978], [102.109224, 2.569352], [102.108816, 2.569777], [102.108531, 2.570089], [102.108132, 2.570597], [102.107782, 2.571095], [102.107419, 2.571674], [102.107249, 2.57196], [102.106178, 2.573745], [102.105599, 2.574736], [102.105408, 2.575066], [102.10529, 2.575284], [102.104183, 2.57711], [102.10369, 2.577868], [102.1034, 2.578346], [102.102828, 2.579385], [102.102602, 2.579792], [102.102234, 2.580391], [102.101337, 2.581882], [102.100535, 2.583177], [102.09977, 2.58444], [102.099362, 2.585121], [102.098947, 2.58583], [102.098343, 2.586875], [102.097561, 2.588173], [102.097357, 2.5885], [102.096715, 2.589619], [102.095617, 2.591393], [102.094669, 2.593039], [102.093881, 2.5943], [102.093689, 2.594623], [102.093465, 2.595], [102.093197, 2.59548], [102.093169, 2.595528], [102.092452, 2.596762], [102.091907, 2.597657], [102.090212, 2.600523], [102.08971, 2.601343], [102.089033, 2.602509], [102.088568, 2.603246], [102.088156, 2.603955], [102.087954, 2.604302], [102.087858, 2.60447], [102.087549, 2.604917], [102.087151, 2.605576], [102.086926, 2.605953], [102.086764, 2.606241], [102.086579, 2.606576], [102.086089, 2.607397], [102.085467, 2.608422], [102.08518, 2.608888], [102.084916, 2.609358], [102.084684, 2.609743], [102.084388, 2.610225], [102.083373, 2.61189], [102.083153, 2.612237], [102.082488, 2.61318], [102.081974, 2.61388], [102.081647, 2.614314], [102.081108, 2.615017], [102.080851, 2.615355], [102.080405, 2.615962], [102.079883, 2.616658], [102.079651, 2.616964], [102.0793, 2.617457], [102.079014, 2.617814], [102.078747, 2.61816], [102.078344, 2.618721], [102.078054, 2.619115], [102.07782, 2.619408], [102.077346, 2.62], [102.076834, 2.620679], [102.076149, 2.621609], [102.075224, 2.622816], [102.074873, 2.623269], [102.0742, 2.62411], [102.073862, 2.624502], [102.073042, 2.62532], [102.072692, 2.625608], [102.072355, 2.625864], [102.071939, 2.626177], [102.071369, 2.62656], [102.070543, 2.627041], [102.069825, 2.627394], [102.068672, 2.627912], [102.06811, 2.62817], [102.067901, 2.628259], [102.067652, 2.628366], [102.067338, 2.6285], [102.066804, 2.628735], [102.06647, 2.628874], [102.066023, 2.629064], [102.065362, 2.629366], [102.064644, 2.629734], [102.064457, 2.629843], [102.064087, 2.630067], [102.063822, 2.630238], [102.063165, 2.630706], [102.062343, 2.631415], [102.060492, 2.632888], [102.059515, 2.633564], [102.059231, 2.633765], [102.058972, 2.633918], [102.058431, 2.634186], [102.057809, 2.634473], [102.057129, 2.634719], [102.05688, 2.634803], [102.056506, 2.634916], [102.056319, 2.634976], [102.055491, 2.63515], [102.053958, 2.635412], [102.053288, 2.635523], [102.052068, 2.635765], [102.051862, 2.635805], [102.05062, 2.636055], [102.05026, 2.636108], [102.049817, 2.636176], [102.049418, 2.636225], [102.049084, 2.636258], [102.048993, 2.636267], [102.048636, 2.636286], [102.047897, 2.636285], [102.0467, 2.636252], [102.046156, 2.636227], [102.045522, 2.636224], [102.045165, 2.636241], [102.044423, 2.636294], [102.044017, 2.636347], [102.043685, 2.6364], [102.043379, 2.636458], [102.043009, 2.636534], [102.042593, 2.636657], [102.041983, 2.636859], [102.041478, 2.637038], [102.041174, 2.637162], [102.040869, 2.637297], [102.040574, 2.637443], [102.040212, 2.637644], [102.039637, 2.638009], [102.038958, 2.638494], [102.038688, 2.638698], [102.038296, 2.639019], [102.037782, 2.639462], [102.037396, 2.639826], [102.037193, 2.640024], [102.035398, 2.641678], [102.033711, 2.643169], [102.033238, 2.643616], [102.032893, 2.643976], [102.032686, 2.644214], [102.032306, 2.644668], [102.031403, 2.645855], [102.030871, 2.646541], [102.030738, 2.646706], [102.030347, 2.647189], [102.029003, 2.648939], [102.027658, 2.650791], [102.026946, 2.651575], [102.026315, 2.652121], [102.025896, 2.652497], [102.025591, 2.652728], [102.025397, 2.652884], [102.024608, 2.653376], [102.024126, 2.653669], [102.023167, 2.654092], [102.022649, 2.654292], [102.022135, 2.654473], [102.021225, 2.654679], [102.020118, 2.654875], [102.0182, 2.655077], [102.015767, 2.655343], [102.014617, 2.655483], [102.014423, 2.655498], [102.014082, 2.655511], [102.0137, 2.655501], [102.013267, 2.655463], [102.012955, 2.655416], [102.012745, 2.655371], [102.012539, 2.655321], [102.012155, 2.655217], [102.011557, 2.655044], [102.011051, 2.654892], [102.010523, 2.654742], [102.009905, 2.654615], [102.009669, 2.654581], [102.00942, 2.654558], [102.009192, 2.654551], [102.008818, 2.654555], [102.008511, 2.654576], [102.008314, 2.654604], [102.008047, 2.654648], [102.007611, 2.654755], [102.007175, 2.654904], [102.006909, 2.655015], [102.006757, 2.655086], [102.006493, 2.655216], [102.006155, 2.655413], [102.005865, 2.655619], [102.005715, 2.655748], [102.005041, 2.656329], [102.004593, 2.656695], [102.004358, 2.656889], [102.003897, 2.6572], [102.003631, 2.657365], [102.003263, 2.657547], [102.003153, 2.65759], [102.002932, 2.657677], [102.002499, 2.657817], [102.002316, 2.657859], [102.002066, 2.657913], [102.001722, 2.657964], [102.000707, 2.658102], [102.000033, 2.658199], [101.999603, 2.658285], [101.999287, 2.658365], [101.999074, 2.658434], [101.998544, 2.658652], [101.998111, 2.65888], [101.997767, 2.659103], [101.997559, 2.659262], [101.997304, 2.659485], [101.99704, 2.659727], [101.996227, 2.660579], [101.995752, 2.661083], [101.994588, 2.662271], [101.994121, 2.66277], [101.993431, 2.663531], [101.993069, 2.664064], [101.992883, 2.66437], [101.99187, 2.666349], [101.991549, 2.666943], [101.990831, 2.668297], [101.990358, 2.66917], [101.99002, 2.669648], [101.989892, 2.6698], [101.989743, 2.669956], [101.989507, 2.670183], [101.988965, 2.67064], [101.98876, 2.670779], [101.988469, 2.670958], [101.988203, 2.671093], [101.987877, 2.671247], [101.987316, 2.67146], [101.985672, 2.672063], [101.985014, 2.672356], [101.984827, 2.67246], [101.984655, 2.672571], [101.98434, 2.672776], [101.984085, 2.672972], [101.983876, 2.673145], [101.983703, 2.673306], [101.983472, 2.673578], [101.98329, 2.673788], [101.983052, 2.674109], [101.982866, 2.674368], [101.98256, 2.674801], [101.982206, 2.675322], [101.982005, 2.675577], [101.981902, 2.675698], [101.981644, 2.675967], [101.981417, 2.676179], [101.981215, 2.676345], [101.980888, 2.676588], [101.980611, 2.676762], [101.980097, 2.677053], [101.979035, 2.677621], [101.978101, 2.678111], [101.977466, 2.678481], [101.977085, 2.678768], [101.976685, 2.679144], [101.976461, 2.679404], [101.976198, 2.679762], [101.976014, 2.680056], [101.975898, 2.680286], [101.975792, 2.680506], [101.975702, 2.680738], [101.975573, 2.681117], [101.97551, 2.681334], [101.975453, 2.681565], [101.975405, 2.681791], [101.975228, 2.68265], [101.974977, 2.683399], [101.974872, 2.683662], [101.97483, 2.683757], [101.974735, 2.683943], [101.974269, 2.68477], [101.973947, 2.685362], [101.973714, 2.685801], [101.973452, 2.686361], [101.973373, 2.686568], [101.972006, 2.689974], [101.971752, 2.690613], [101.971058, 2.692454], [101.970896, 2.69296], [101.970656, 2.693548], [101.970544, 2.69379], [101.970246, 2.694338], [101.969998, 2.694711], [101.969723, 2.695068], [101.969189, 2.695652], [101.968932, 2.695882], [101.968458, 2.696259], [101.968255, 2.696384], [101.967979, 2.696555], [101.967749, 2.696684], [101.967393, 2.696853], [101.966538, 2.697233], [101.966386, 2.697305], [101.966013, 2.697478], [101.964589, 2.698137], [101.963763, 2.698629], [101.962507, 2.699356], [101.961459, 2.699975], [101.960398, 2.700618], [101.959764, 2.700995], [101.957944, 2.702051], [101.957058, 2.702577], [101.956387, 2.702975], [101.955637, 2.703428], [101.955171, 2.703747], [101.954859, 2.703987], [101.954653, 2.704157], [101.9543, 2.704481], [101.954059, 2.704735], [101.953824, 2.705004], [101.953624, 2.705259], [101.953471, 2.705466], [101.953307, 2.705697], [101.953158, 2.705957], [101.953031, 2.706246], [101.952985, 2.706335], [101.952876, 2.706545], [101.952713, 2.706961], [101.952452, 2.707623], [101.952241, 2.708142], [101.952027, 2.708757], [101.95158, 2.709942], [101.951471, 2.710198], [101.951325, 2.710541], [101.951035, 2.711087], [101.950893, 2.711317], [101.950547, 2.711798], [101.950191, 2.712177], [101.949857, 2.712494], [101.949396, 2.712837], [101.949152, 2.713005], [101.948633, 2.71335], [101.94728, 2.714265], [101.945592, 2.715407], [101.944876, 2.715849], [101.943964, 2.716456], [101.943855, 2.716528], [101.943631, 2.716661], [101.943143, 2.716954], [101.942739, 2.717232], [101.942344, 2.717438], [101.941953, 2.717652], [101.941473, 2.717987], [101.940441, 2.718707], [101.939563, 2.719295], [101.939289, 2.719434], [101.938902, 2.71961], [101.937694, 2.720101], [101.937355, 2.720235], [101.937289, 2.720264], [101.936759, 2.720502], [101.936325, 2.720661], [101.930047, 2.722319], [101.929009, 2.722517], [101.928014, 2.722701], [101.927646, 2.722799], [101.927333, 2.722929], [101.927015, 2.723135], [101.926644, 2.723459], [101.926267, 2.723741], [101.925996, 2.723885], [101.925706, 2.723995], [101.925502, 2.724054], [101.925297, 2.724098], [101.92517, 2.724121], [101.924903, 2.724132], [101.924618, 2.724111], [101.92417, 2.724036], [101.923579, 2.723758], [101.922847, 2.723405], [101.922562, 2.723301], [101.922238, 2.723202], [101.921936, 2.723151], [101.921637, 2.723119], [101.921316, 2.723123], [101.920952, 2.723141], [101.920623, 2.723205], [101.920378, 2.723268], [101.920058, 2.723383], [101.91981, 2.72348], [101.919379, 2.723718], [101.917893, 2.724632], [101.917741, 2.724727], [101.916986, 2.725155], [101.916726, 2.725266], [101.916513, 2.725345], [101.916229, 2.725432], [101.91604, 2.725478], [101.915734, 2.725506], [101.9154, 2.725524], [101.914224, 2.725479], [101.911424, 2.725368], [101.909993, 2.725288], [101.90966, 2.725276], [101.908935, 2.725256], [101.907534, 2.725189], [101.907067, 2.725173], [101.906679, 2.725183], [101.906205, 2.725213], [101.906035, 2.725228], [101.905829, 2.725257], [101.90553, 2.725305], [101.905356, 2.72534], [101.905163, 2.725388], [101.904921, 2.725457], [101.904541, 2.725581], [101.904213, 2.725704], [101.90373, 2.72591], [101.903354, 2.7261], [101.902989, 2.726329], [101.902738, 2.726501], [101.902549, 2.726637], [101.902317, 2.72683], [101.902063, 2.727041], [101.901755, 2.727329], [101.901593, 2.727494], [101.901454, 2.727652], [101.900992, 2.728239], [101.900033, 2.729476], [101.899409, 2.730267], [101.898746, 2.731139], [101.897893, 2.732251], [101.897421, 2.732862], [101.897021, 2.733372], [101.896743, 2.733736], [101.896408, 2.734176], [101.895833, 2.734971], [101.895729, 2.73514], [101.895534, 2.73547], [101.895302, 2.735938], [101.89492, 2.736791], [101.894814, 2.737056], [101.894509, 2.737728], [101.894116, 2.738667], [101.893952, 2.739018], [101.893782, 2.739366], [101.893606, 2.739626], [101.893454, 2.739841], [101.893328, 2.739994], [101.89319, 2.740145], [101.893036, 2.740289], [101.892847, 2.740444], [101.892534, 2.740667], [101.892253, 2.74081], [101.891964, 2.740934], [101.891725, 2.741015], [101.891465, 2.741086], [101.891224, 2.741127], [101.890959, 2.741162], [101.890666, 2.741175], [101.890379, 2.741151], [101.890132, 2.741122], [101.889889, 2.741078], [101.889701, 2.74103], [101.889516, 2.740971], [101.889203, 2.740844], [101.888968, 2.740731], [101.8887, 2.740591], [101.887512, 2.739885], [101.887156, 2.739684], [101.886664, 2.739382], [101.886074, 2.739087], [101.885779, 2.738979], [101.885476, 2.738878], [101.885018, 2.738724], [101.884844, 2.738673], [101.884664, 2.738627], [101.88436, 2.738572], [101.884073, 2.738531], [101.883788, 2.738498], [101.883427, 2.738467], [101.88318, 2.738461], [101.882829, 2.738466], [101.882403, 2.738492], [101.882123, 2.738522], [101.881815, 2.738569], [101.881509, 2.738628], [101.881225, 2.738697], [101.877368, 2.739777], [101.876732, 2.739955], [101.873192, 2.740941], [101.871976, 2.741281], [101.870613, 2.741665], [101.869461, 2.741996], [101.864698, 2.743328], [101.862437, 2.743989], [101.860323, 2.744555], [101.848794, 2.747795], [101.845997, 2.748579], [101.83523, 2.751602], [101.834582, 2.751783], [101.832721, 2.7523], [101.832285, 2.752429], [101.826592, 2.754026], [101.825468, 2.754347], [101.824393, 2.754631], [101.824041, 2.754736], [101.823432, 2.754908], [101.822648, 2.755129], [101.815829, 2.75704], [101.81537, 2.757194], [101.814847, 2.757399], [101.81407, 2.75778], [101.813075, 2.758389], [101.812452, 2.758837], [101.811793, 2.759435], [101.811452, 2.75974], [101.811178, 2.760032], [101.810874, 2.760408], [101.809536, 2.762074], [101.809251, 2.762425], [101.808037, 2.763896], [101.806112, 2.766264], [101.805645, 2.766907], [101.805492, 2.767184], [101.805412, 2.767355], [101.805169, 2.767927], [101.803548, 2.772495], [101.801969, 2.77696], [101.798428, 2.78691], [101.796385, 2.792685], [101.796242, 2.793216], [101.796155, 2.793592], [101.796099, 2.793942], [101.796031, 2.794588], [101.796019, 2.795072], [101.796027, 2.795406], [101.796048, 2.795812], [101.796082, 2.796094], [101.796139, 2.796452], [101.796206, 2.796806], [101.796313, 2.797249], [101.796432, 2.797647], [101.796563, 2.798015], [101.796724, 2.798377], [101.797157, 2.799179], [101.797389, 2.799543], [101.797642, 2.799907], [101.797894, 2.800228], [101.798316, 2.800722], [101.798664, 2.801108], [101.798795, 2.801249], [101.799204, 2.801665], [101.799782, 2.802357], [101.802322, 2.805017], [101.80399, 2.8068], [101.804797, 2.807678], [101.805646, 2.808581], [101.806878, 2.809937], [101.807362, 2.810455], [101.807724, 2.810864], [101.808017, 2.811186], [101.809589, 2.812955], [101.80982, 2.813188], [101.810071, 2.813406], [101.810291, 2.813592], [101.810544, 2.813764], [101.810816, 2.813922], [101.811085, 2.81404], [101.811386, 2.81415], [101.811714, 2.814246], [101.812686, 2.814497], [101.813117, 2.814648], [101.813464, 2.814823], [101.81374, 2.814997], [101.814015, 2.815201], [101.814218, 2.815394], [101.814455, 2.815626], [101.814676, 2.815852], [101.814807, 2.815995], [101.815231, 2.816488], [101.815905, 2.817251], [101.816569, 2.818018], [101.816884, 2.818387], [101.817053, 2.818572], [101.817584, 2.819124], [101.817799, 2.819367], [101.818145, 2.819779], [101.81885, 2.8206], [101.819217, 2.821017], [101.819789, 2.82164], [101.82023, 2.82214], [101.820759, 2.822824], [101.821167, 2.823238], [101.821619, 2.823625], [101.821956, 2.82387], [101.822839, 2.824476], [101.824669, 2.825744], [101.825197, 2.826154], [101.82529, 2.826236], [101.825646, 2.826629], [101.825861, 2.826935], [101.825993, 2.827161], [101.826052, 2.827282], [101.826191, 2.827581], [101.826263, 2.827802], [101.826324, 2.827984], [101.826509, 2.828802], [101.826808, 2.830393], [101.827402, 2.833518], [101.827768, 2.83561], [101.827919, 2.836465], [101.82794, 2.836584], [101.828221, 2.838117], [101.828245, 2.838435], [101.828252, 2.838753], [101.828209, 2.839072], [101.828158, 2.839375], [101.828059, 2.839723], [101.827956, 2.840028], [101.82764, 2.840584], [101.827434, 2.840874], [101.82722, 2.841133], [101.826082, 2.842214], [101.825876, 2.842431], [101.825664, 2.842691], [101.82544, 2.843025], [101.825294, 2.843263], [101.825029, 2.843793], [101.824887, 2.844208], [101.824753, 2.844663], [101.82454, 2.845371], [101.824004, 2.847299], [101.823301, 2.849724], [101.823033, 2.85062], [101.822888, 2.851128], [101.822451, 2.852608], [101.822007, 2.854271], [101.820636, 2.859034], [101.819636, 2.862564], [101.819324, 2.86354], [101.819252, 2.863838], [101.81919, 2.864111], [101.819159, 2.864301], [101.819138, 2.864538], [101.819152, 2.864896], [101.819207, 2.865425], [101.819324, 2.866177], [101.819356, 2.866503], [101.819372, 2.866768], [101.819344, 2.867052], [101.819309, 2.867302], [101.81917, 2.867854], [101.819042, 2.868293], [101.818909, 2.868714], [101.818321, 2.870578], [101.817862, 2.871973], [101.81667, 2.875692], [101.816242, 2.876986], [101.816031, 2.877453], [101.815858, 2.877798], [101.815567, 2.87828], [101.815327, 2.878636], [101.81486, 2.879218], [101.814367, 2.879724], [101.813967, 2.880068], [101.809264, 2.883975], [101.808749, 2.884334], [101.80823, 2.884592], [101.807698, 2.884786], [101.807178, 2.884912], [101.803185, 2.885333], [101.802825, 2.885405], [101.802469, 2.8855], [101.801969, 2.88569], [101.801368, 2.886017], [101.800981, 2.886321], [101.800442, 2.88678], [101.799875, 2.887297], [101.799256, 2.88784], [101.797055, 2.889819], [101.793576, 2.89285], [101.792874, 2.893324], [101.792222, 2.893684], [101.791533, 2.894072], [101.790718, 2.894532], [101.790163, 2.894834], [101.786952, 2.896561], [101.786329, 2.896921], [101.786052, 2.897133], [101.78587, 2.897295], [101.785606, 2.897558], [101.785402, 2.897795], [101.785195, 2.898107], [101.78509, 2.898319], [101.784933, 2.89867], [101.784847, 2.898934], [101.784813, 2.899034], [101.784784, 2.899164], [101.784739, 2.899404], [101.784712, 2.899659], [101.784703, 2.89984], [101.784702, 2.900057], [101.784708, 2.900308], [101.784738, 2.900543], [101.784746, 2.900602], [101.784772, 2.900731], [101.78482, 2.900927], [101.784824, 2.900943], [101.784903, 2.901189], [101.785002, 2.901443], [101.785225, 2.901935], [101.78569, 2.902897], [101.786159, 2.903772], [101.786303, 2.904047], [101.786436, 2.904319], [101.786593, 2.904571], [101.786753, 2.904791], [101.786924, 2.905009], [101.787204, 2.90529], [101.787506, 2.905544], [101.787701, 2.905677], [101.787987, 2.905858], [101.788471, 2.906081], [101.78877, 2.90618], [101.78908, 2.906255], [101.790602, 2.906555], [101.790763, 2.906589], [101.791604, 2.906769], [101.792337, 2.906904], [101.792741, 2.907029], [101.793098, 2.907192], [101.793521, 2.907442], [101.793803, 2.907664], [101.793989, 2.907852], [101.79432, 2.908255], [101.794549, 2.908629], [101.794692, 2.908957], [101.794719, 2.909015], [101.795147, 2.910237], [101.795586, 2.9116], [101.79596, 2.912805], [101.796518, 2.914613], [101.796727, 2.915357], [101.796799, 2.915742], [101.796828, 2.91614], [101.796819, 2.916661], [101.796774, 2.917032], [101.79672, 2.917457], [101.796391, 2.919727], [101.796135, 2.921525], [101.795954, 2.922739], [101.795896, 2.923089], [101.795823, 2.923432], [101.795742, 2.923666], [101.795655, 2.923887], [101.795552, 2.924114], [101.79544, 2.924323], [101.795215, 2.924657], [101.794755, 2.92527], [101.794543, 2.925565], [101.794381, 2.925794], [101.794232, 2.926048], [101.794125, 2.926276], [101.79401, 2.92653], [101.793912, 2.926788], [101.793825, 2.927131], [101.793762, 2.927443], [101.793741, 2.927674], [101.793727, 2.927919], [101.793755, 2.928273], [101.793783, 2.928511], [101.794053, 2.929787], [101.794356, 2.931211], [101.794539, 2.932173], [101.794568, 2.932458], [101.794586, 2.932742], [101.794574, 2.933119], [101.794538, 2.933394], [101.794497, 2.93359], [101.794313, 2.934141], [101.794128, 2.934516], [101.793887, 2.934886], [101.793578, 2.935224], [101.793317, 2.93548], [101.792935, 2.935799], [101.792224, 2.936329], [101.79081, 2.937418], [101.790523, 2.937621], [101.789894, 2.938065], [101.788754, 2.938977], [101.788464, 2.939201], [101.787856, 2.939666], [101.787582, 2.939874], [101.787309, 2.940093], [101.787131, 2.940255], [101.786886, 2.940524], [101.786636, 2.940849], [101.786452, 2.941186], [101.786335, 2.941439], [101.786223, 2.941725], [101.786172, 2.941869], [101.786132, 2.942026], [101.786108, 2.942175], [101.786051, 2.942609], [101.786046, 2.94286], [101.786055, 2.943088], [101.786084, 2.94338], [101.786125, 2.943609], [101.786191, 2.943839], [101.786262, 2.944048], [101.786376, 2.944341], [101.786616, 2.944823], [101.787875, 2.947267], [101.788216, 2.947929], [101.788333, 2.948159], [101.788395, 2.948288], [101.789081, 2.949664], [101.78965, 2.950776], [101.790053, 2.951565], [101.790868, 2.953176], [101.791753, 2.954911], [101.792088, 2.955587], [101.792407, 2.956324], [101.792742, 2.957451], [101.792828, 2.958014], [101.792847, 2.958642], [101.792809, 2.95939], [101.792754, 2.959798], [101.792688, 2.960135], [101.792541, 2.96066], [101.791917, 2.962559], [101.791608, 2.963532], [101.79155, 2.9637], [101.791033, 2.965225], [101.79095, 2.965473], [101.790762, 2.966026], [101.790584, 2.966568], [101.790397, 2.967192], [101.790293, 2.967682], [101.790255, 2.968039], [101.790236, 2.968391], [101.790283, 2.970129], [101.790296, 2.971797], [101.7903, 2.972002], [101.790377, 2.976708], [101.790425, 2.978702], [101.790436, 2.97949], [101.790436, 2.979519], [101.790476, 2.981489], [101.790491, 2.982263], [101.790509, 2.983511], [101.790524, 2.984181], [101.790534, 2.985339], [101.790538, 2.985456], [101.790551, 2.986168], [101.790575, 2.986657], [101.790526, 2.987091], [101.790442, 2.987502], [101.790192, 2.988151], [101.790005, 2.988482], [101.789834, 2.988734], [101.789826, 2.988748], [101.789606, 2.988998], [101.789288, 2.989342], [101.788714, 2.989766], [101.78846, 2.989884], [101.788147, 2.990027], [101.788117, 2.99004], [101.787524, 2.990295], [101.787351, 2.990369], [101.786793, 2.990623], [101.785291, 2.991261], [101.784125, 2.991755], [101.783763, 2.991909], [101.775236, 2.99552], [101.77491, 2.995619], [101.774624, 2.9957], [101.773985, 2.995839], [101.773637, 2.995888], [101.773233, 2.995918], [101.77283, 2.995938], [101.772439, 2.99593], [101.772132, 2.995901], [101.771677, 2.995846], [101.771133, 2.995739], [101.77064, 2.995594], [101.770365, 2.995497], [101.769661, 2.995199], [101.769217, 2.994986], [101.768821, 2.994744], [101.768277, 2.994361], [101.76799, 2.994136], [101.766866, 2.99313], [101.765986, 2.992366], [101.765671, 2.992125], [101.765289, 2.99183], [101.764878, 2.991579], [101.764395, 2.991335], [101.763979, 2.991153], [101.763614, 2.991017], [101.763249, 2.990905], [101.763068, 2.990855], [101.762806, 2.990791], [101.762477, 2.990722], [101.762313, 2.990692], [101.761852, 2.990642], [101.761296, 2.990611], [101.760887, 2.990632], [101.760511, 2.990658], [101.760035, 2.990724], [101.758464, 2.990914], [101.756679, 2.991133], [101.755765, 2.99124], [101.754295, 2.99142], [101.754198, 2.991432], [101.752695, 2.991623], [101.749834, 2.991973], [101.748302, 2.992186], [101.747684, 2.992315], [101.746835, 2.992521], [101.746218, 2.992714], [101.746045, 2.992774], [101.745323, 2.993056], [101.744626, 2.993367], [101.74421, 2.993566], [101.743808, 2.993786], [101.743202, 2.994146], [101.742698, 2.994465], [101.742311, 2.994738], [101.741654, 2.995247], [101.741097, 2.995734], [101.740944, 2.995884], [101.74009, 2.996714], [101.739541, 2.997279], [101.738648, 2.998196], [101.737937, 2.998924], [101.737407, 2.999467], [101.736204, 3.000704], [101.735924, 3.000995], [101.735275, 3.001667], [101.735136, 3.001804], [101.734584, 3.002362], [101.733903, 3.003054], [101.733554, 3.003327], [101.733327, 3.003475], [101.733082, 3.00361], [101.732869, 3.003711], [101.732637, 3.003802], [101.7321, 3.003959], [101.730637, 3.004322], [101.729957, 3.004495], [101.729476, 3.004619], [101.729154, 3.00473], [101.728894, 3.004843], [101.728642, 3.004978], [101.728443, 3.005099], [101.728201, 3.005256], [101.728028, 3.005385], [101.727948, 3.005449], [101.727719, 3.005645], [101.727543, 3.005828], [101.727408, 3.005991], [101.727284, 3.00616], [101.727172, 3.006339], [101.727105, 3.006464], [101.726998, 3.006657], [101.726938, 3.006797], [101.726691, 3.00736], [101.726277, 3.008504], [101.726057, 3.008981], [101.725634, 3.009749], [101.725072, 3.010817], [101.724319, 3.012178], [101.723917, 3.012959], [101.723348, 3.014014], [101.722981, 3.014566], [101.722633, 3.015022], [101.722297, 3.015395], [101.7216, 3.016024], [101.720515, 3.016924], [101.720217, 3.01718], [101.719391, 3.01787], [101.718771, 3.018429], [101.718471, 3.018763], [101.71835, 3.018914], [101.718192, 3.019121], [101.717826, 3.019645], [101.71746, 3.020291], [101.717122, 3.020913], [101.715921, 3.02319], [101.715431, 3.02407], [101.715046, 3.024808], [101.714676, 3.025511], [101.714119, 3.026539], [101.714087, 3.026598], [101.714049, 3.02667], [101.714032, 3.026702], [101.713646, 3.027432], [101.713159, 3.028302], [101.712799, 3.028752], [101.712392, 3.029145], [101.711967, 3.029522], [101.711473, 3.029863], [101.710961, 3.030173], [101.710355, 3.030616], [101.709948, 3.030958], [101.709732, 3.031155], [101.709484, 3.031454], [101.70929, 3.031718], [101.709088, 3.032049], [101.709015, 3.03218], [101.708866, 3.032458], [101.708698, 3.032814], [101.708632, 3.032983], [101.708445, 3.033561], [101.708339, 3.034224], [101.708321, 3.034883], [101.708358, 3.035521], [101.708531, 3.036437], [101.708655, 3.037024], [101.708704, 3.037286], [101.708752, 3.03753], [101.70877, 3.037856], [101.708787, 3.038251], [101.708789, 3.03841], [101.708781, 3.038639], [101.708769, 3.03878], [101.708746, 3.038951], [101.708725, 3.039125], [101.708664, 3.039421], [101.708584, 3.039786], [101.708462, 3.040289], [101.708305, 3.040887], [101.708203, 3.041386], [101.708168, 3.041723], [101.708133, 3.042113], [101.708084, 3.042609], [101.708028, 3.043236], [101.707946, 3.043878], [101.7079, 3.044101], [101.707787, 3.04451], [101.707737, 3.044674], [101.707666, 3.044881], [101.707586, 3.045081], [101.707461, 3.045339], [101.707178, 3.045894], [101.70712, 3.046014], [101.707032, 3.046209], [101.707001, 3.046283], [101.706865, 3.046644], [101.706789, 3.046867], [101.706702, 3.047208], [101.706662, 3.04741], [101.706623, 3.047709], [101.706597, 3.04796], [101.706603, 3.048436], [101.706667, 3.050864], [101.706755, 3.052454], [101.706845, 3.054716], [101.706887, 3.05612], [101.706936, 3.056771], [101.707043, 3.057625], [101.707238, 3.059198], [101.707397, 3.060583], [101.707498, 3.061335], [101.707512, 3.061437], [101.707573, 3.061869], [101.707668, 3.062762], [101.707899, 3.064605], [101.707958, 3.065103], [101.708107, 3.066219], [101.708182, 3.066884], [101.708369, 3.06838], [101.708484, 3.06925], [101.708685, 3.070925], [101.708808, 3.071829], [101.708921, 3.072395], [101.708934, 3.072442], [101.709111, 3.073116], [101.709368, 3.073849], [101.70972, 3.074505], [101.709947, 3.074927], [101.710213, 3.075302], [101.710594, 3.075811], [101.710994, 3.076251], [101.711538, 3.0768], [101.711718, 3.076936], [101.713922, 3.07852], [101.714287, 3.07881], [101.71455, 3.079062], [101.714661, 3.079184], [101.714825, 3.079404], [101.714909, 3.079547], [101.714938, 3.079598], [101.715016, 3.07973], [101.715172, 3.08007], [101.715344, 3.080596], [101.715435, 3.081012], [101.715555, 3.081583], [101.715659, 3.08203], [101.715681, 3.08211], [101.715756, 3.082483], [101.715785, 3.082665], [101.715827, 3.083038], [101.71581, 3.08342], [101.715757, 3.083759], [101.715719, 3.083917], [101.715602, 3.084251], [101.715397, 3.084582], [101.715188, 3.084867], [101.715012, 3.085059], [101.714895, 3.085167], [101.714552, 3.085412], [101.714313, 3.085539], [101.71405, 3.085645], [101.713666, 3.085748], [101.712718, 3.08591], [101.712457, 3.085994], [101.712186, 3.086102], [101.711954, 3.08624], [101.711699, 3.086432], [101.711473, 3.086641], [101.711289, 3.086852], [101.711118, 3.087113], [101.711004, 3.087306], [101.71084, 3.087708], [101.710764, 3.088036], [101.710686, 3.088471], [101.710651, 3.08894], [101.710621, 3.089348], [101.71057, 3.089751], [101.710447, 3.090996], [101.710343, 3.091959], [101.710323, 3.092116], [101.710237, 3.092647], [101.710127, 3.0931], [101.710099, 3.093195], [101.709944, 3.093687], [101.709809, 3.093995], [101.709689, 3.094234], [101.709427, 3.094626], [101.709281, 3.094789], [101.709039, 3.095092], [101.708812, 3.095334], [101.708533, 3.095609], [101.707132, 3.09675], [101.705957, 3.097695], [101.705447, 3.098104], [101.705339, 3.098191], [101.704654, 3.098744], [101.704133, 3.099218], [101.704087, 3.099255], [101.703964, 3.099351], [101.703379, 3.0998], [101.702653, 3.100399], [101.701768, 3.101122], [101.701433, 3.101391], [101.700887, 3.10183], [101.698736, 3.103529], [101.698295, 3.103898], [101.697965, 3.104177], [101.697119, 3.104862], [101.696167, 3.105617], [101.695012, 3.106559], [101.691773, 3.109201], [101.690278, 3.11038], [101.688997, 3.111379], [101.688451, 3.111783], [101.688103, 3.111973], [101.687753, 3.112148], [101.687186, 3.112367], [101.686887, 3.112463], [101.686551, 3.112542], [101.686252, 3.112596], [101.686039, 3.112619], [101.685851, 3.112629], [101.685471, 3.11263], [101.685177, 3.11263], [101.684661, 3.112613], [101.684374, 3.11261], [101.684148, 3.112617], [101.683908, 3.11264], [101.683639, 3.112676], [101.683361, 3.112725], [101.683069, 3.112789], [101.682769, 3.112882], [101.682413, 3.113035], [101.682052, 3.113219], [101.68171, 3.113419], [101.681497, 3.11355], [101.681291, 3.11369], [101.681078, 3.113863], [101.680879, 3.11405], [101.680724, 3.1142], [101.680496, 3.114437], [101.680066, 3.115013], [101.679779, 3.115542], [101.679602, 3.115998], [101.679474, 3.116402], [101.679452, 3.116476], [101.679187, 3.11747], [101.678951, 3.118671], [101.678772, 3.119541], [101.678649, 3.120124], [101.67862, 3.120261], [101.678597, 3.12037], [101.678492, 3.121033], [101.678408, 3.121439], [101.678315, 3.121831], [101.678288, 3.121957], [101.678214, 3.122336], [101.678164, 3.122599], [101.67812, 3.122856], [101.678085, 3.123128], [101.67808, 3.123406], [101.678082, 3.123735], [101.678092, 3.123952], [101.678108, 3.12412], [101.678137, 3.124353], [101.678175, 3.124596], [101.678208, 3.124763], [101.678257, 3.124955], [101.678318, 3.125177], [101.678415, 3.125477], [101.678534, 3.125806], [101.678691, 3.126184], [101.67882, 3.126459], [101.678991, 3.126762], [101.679179, 3.127039], [101.679334, 3.127251], [101.679814, 3.127897], [101.680873, 3.129237], [101.682367, 3.131118], [101.682603, 3.131405], [101.682769, 3.131607], [101.682952, 3.131839], [101.683093, 3.131988], [101.683678, 3.132575], [101.68402, 3.132921], [101.684412, 3.133324], [101.684523, 3.133424], [101.684643, 3.133525], [101.68492, 3.133722], [101.685044, 3.133769], [101.685502, 3.133945], [101.685738, 3.134046], [101.686362, 3.134385], [101.686912, 3.134679], [101.687255, 3.13487], [101.688227, 3.135411], [101.689169, 3.135955], [101.689577, 3.136194], [101.689622, 3.136216], [101.689965, 3.136383], [101.690728, 3.136694], [101.690963, 3.13678], [101.691382, 3.136948], [101.691696, 3.137067], [101.691877, 3.137154], [101.692033, 3.137247], [101.692185, 3.137363], [101.692398, 3.137524], [101.692524, 3.13763], [101.692786, 3.137921], [101.692887, 3.138008], [101.693011, 3.138127], [101.693097, 3.138236], [101.693243, 3.138515], [101.693346, 3.13878], [101.69336, 3.138828], [101.693584, 3.139579], [101.693817, 3.140359], [101.693989, 3.140933], [101.694004, 3.141021], [101.694042, 3.141577], [101.693986, 3.142353], [101.693962, 3.142502], [101.693937, 3.142629], [101.693838, 3.142997], [101.693773, 3.143214], [101.693675, 3.143455], [101.693547, 3.143667], [101.693402, 3.143867], [101.693056, 3.144307], [101.692318, 3.145203], [101.691744, 3.145877], [101.691506, 3.146184], [101.691349, 3.146406], [101.691243, 3.146623], [101.691147, 3.146843], [101.691098, 3.146986], [101.691005, 3.147281], [101.690922, 3.147583], [101.690699, 3.148975], [101.690673, 3.149234], [101.690638, 3.149596], [101.690613, 3.150042], [101.690626, 3.150291], [101.690647, 3.150532], [101.690675, 3.150665], [101.690702, 3.150801], [101.690749, 3.150999], [101.690864, 3.151348], [101.691003, 3.151662], [101.691135, 3.15192], [101.691284, 3.152151], [101.691504, 3.152487], [101.691986, 3.153189], [101.692541, 3.153913], [101.693, 3.154549], [101.69315, 3.154765], [101.693337, 3.155054], [101.693396, 3.15514], [101.693401, 3.15515], [101.693558, 3.155455], [101.693693, 3.155847], [101.693737, 3.156223], [101.693729, 3.156676], [101.693661, 3.157078], [101.693512, 3.157543], [101.693237, 3.158273], [101.693004, 3.1589], [101.692847, 3.159284], [101.692766, 3.159511], [101.692273, 3.160753], [101.69216, 3.1611], [101.692058, 3.161604], [101.692013, 3.161931], [101.691964, 3.163107], [101.691931, 3.163543], [101.691869, 3.163841], [101.691719, 3.164258], [101.691554, 3.164636], [101.691382, 3.164903], [101.6913, 3.165016], [101.691173, 3.165151], [101.690736, 3.165584], [101.690357, 3.165929], [101.689659, 3.166571], [101.689441, 3.166751], [101.689214, 3.16692], [101.689026, 3.167034], [101.688801, 3.167158], [101.688554, 3.167275], [101.688146, 3.167445], [101.687561, 3.167688], [101.68733, 3.16779], [101.687115, 3.1679], [101.686841, 3.168076], [101.686616, 3.168259], [101.686409, 3.168448], [101.686258, 3.168615], [101.686109, 3.168797], [101.685977, 3.168981], [101.685858, 3.169172], [101.685756, 3.169362], [101.685685, 3.169506], [101.685528, 3.169838], [101.685345, 3.170253], [101.685254, 3.170456], [101.685145, 3.170708], [101.684995, 3.17105], [101.684891, 3.171285], [101.684776, 3.17154], [101.68463, 3.171848], [101.6845, 3.172097], [101.684338, 3.17237], [101.684219, 3.172561], [101.684084, 3.172757], [101.683915, 3.172979], [101.683714, 3.17322], [101.683419, 3.173535], [101.683048, 3.173906], [101.68243, 3.174522], [101.681939, 3.175011], [101.680915, 3.176026], [101.679908, 3.177024], [101.679287, 3.177605], [101.678876, 3.177969], [101.678394, 3.178319], [101.677775, 3.178757], [101.673978, 3.18146], [101.673579, 3.181712], [101.673218, 3.181919], [101.67286, 3.182089], [101.672572, 3.182218], [101.672272, 3.182334], [101.671829, 3.182481], [101.67139, 3.182605], [101.67088, 3.182724], [101.668999, 3.183185], [101.668632, 3.183287], [101.668259, 3.183419], [101.667891, 3.18358], [101.667531, 3.183771], [101.667184, 3.183985], [101.666936, 3.184163], [101.6667, 3.18436], [101.666149, 3.18485], [101.665477, 3.185466], [101.665007, 3.185834], [101.664198, 3.186417], [101.663327, 3.187045], [101.662824, 3.187408], [101.662099, 3.18793], [101.662018, 3.187986], [101.659717, 3.189647], [101.659227, 3.18999], [101.658967, 3.190165], [101.658408, 3.190502], [101.658005, 3.190714], [101.657361, 3.191009], [101.656324, 3.191463], [101.649732, 3.194351], [101.649597, 3.194409], [101.646438, 3.195795], [101.644998, 3.196427], [101.642923, 3.197336], [101.642607, 3.197486], [101.642372, 3.19761], [101.642076, 3.197796], [101.641884, 3.19794], [101.641709, 3.198088], [101.641509, 3.198272], [101.641304, 3.198474], [101.641091, 3.198701], [101.639865, 3.199984], [101.638051, 3.201875], [101.637275, 3.202671], [101.636355, 3.203632], [101.635987, 3.204023], [101.635261, 3.204779], [101.63376, 3.206341], [101.63325, 3.206831], [101.632724, 3.207252], [101.632112, 3.207651], [101.63111, 3.208116], [101.630553, 3.208297], [101.629759, 3.208459], [101.629066, 3.208568], [101.628507, 3.208648], [101.628357, 3.208661], [101.627713, 3.208685], [101.626973, 3.208669], [101.619737, 3.208264], [101.619354, 3.208237], [101.61896, 3.208188], [101.618522, 3.208092], [101.618005, 3.207889], [101.617598, 3.207647], [101.617163, 3.207329], [101.616723, 3.206914], [101.616339, 3.206516], [101.611563, 3.201609], [101.611273, 3.201335], [101.611092, 3.201178], [101.61091, 3.201031], [101.610465, 3.200709], [101.609998, 3.200425], [101.609672, 3.200246], [101.609335, 3.200091], [101.609005, 3.199959], [101.608658, 3.199842], [101.608201, 3.199714], [101.607741, 3.199612], [101.607212, 3.199533], [101.606761, 3.199501], [101.606341, 3.199495], [101.60592, 3.199506], [101.605489, 3.199552], [101.605052, 3.199626], [101.604566, 3.19974], [101.604138, 3.199871], [101.603669, 3.200048], [101.603075, 3.200317], [101.602959, 3.200372], [101.602253, 3.20072], [101.60181, 3.20091], [101.601112, 3.20106], [101.600566, 3.201115], [101.599951, 3.201097], [101.599356, 3.201033], [101.598593, 3.200883], [101.595711, 3.200381], [101.595217, 3.200376], [101.594638, 3.200445], [101.593977, 3.20061], [101.587923, 3.202388], [101.587096, 3.202692], [101.58637, 3.203037], [101.584899, 3.203901], [101.584503, 3.204101], [101.584374, 3.204167], [101.58232, 3.205366], [101.581766, 3.205625], [101.581333, 3.20578], [101.580035, 3.206178], [101.579343, 3.206391], [101.578552, 3.206669], [101.577455, 3.207002], [101.577061, 3.207173], [101.576578, 3.207466], [101.576199, 3.207801], [101.576019, 3.208], [101.575828, 3.208241], [101.57536, 3.208951], [101.575125, 3.209265], [101.574941, 3.209489], [101.574611, 3.209852], [101.572296, 3.212325], [101.572198, 3.21243], [101.569523, 3.215289], [101.56815, 3.216828], [101.562045, 3.22485], [101.561756, 3.225362], [101.561458, 3.225891], [101.561012, 3.226826], [101.560742, 3.227492], [101.56043, 3.228446], [101.559913, 3.230165], [101.559671, 3.231028], [101.559493, 3.23202], [101.559478, 3.232126], [101.559426, 3.232869], [101.55945, 3.233429], [101.559496, 3.233834], [101.560295, 3.239453], [101.560504, 3.242644], [101.560511, 3.243041], [101.560473, 3.24353], [101.560433, 3.243783], [101.560301, 3.244258], [101.56027, 3.244352], [101.560196, 3.244547], [101.559982, 3.244961], [101.559446, 3.24567], [101.558078, 3.247399], [101.55699, 3.248956], [101.556092, 3.250289], [101.555834, 3.250726], [101.555761, 3.250854], [101.555553, 3.251301], [101.555423, 3.251557], [101.555099, 3.252399], [101.554837, 3.253338], [101.554771, 3.253614], [101.554633, 3.254373], [101.554595, 3.254745], [101.554561, 3.255144], [101.554536, 3.25614], [101.554605, 3.257005], [101.55468, 3.257516], [101.554806, 3.258185], [101.554959, 3.258801], [101.555139, 3.259378], [101.555281, 3.259734], [101.555517, 3.26028], [101.555796, 3.260879], [101.557908, 3.264275], [101.558259, 3.264856], [101.558592, 3.265452], [101.558858, 3.266069], [101.559061, 3.266673], [101.559185, 3.267102], [101.559261, 3.267436], [101.559876, 3.270355], [101.559958, 3.270724], [101.560063, 3.271059], [101.560166, 3.271294], [101.560366, 3.271635], [101.560652, 3.272055], [101.561318, 3.27291], [101.561515, 3.273237], [101.561704, 3.273663], [101.561801, 3.273937], [101.561853, 3.274178], [101.561904, 3.274563], [101.561961, 3.275868], [101.562033, 3.276243], [101.562128, 3.276581], [101.562206, 3.276807], [101.56237, 3.277127], [101.562506, 3.277351], [101.562614, 3.277515], [101.562687, 3.277605], [101.562949, 3.27789], [101.563115, 3.278045], [101.563307, 3.278201], [101.564364, 3.278927], [101.56456, 3.279094], [101.564755, 3.279298], [101.564995, 3.27962], [101.565201, 3.279935], [101.566355, 3.281857], [101.566756, 3.282525], [101.566953, 3.282825], [101.567179, 3.283112], [101.567483, 3.283411], [101.568003, 3.283839], [101.568248, 3.284083], [101.568414, 3.284268], [101.568573, 3.284461], [101.56876, 3.284759], [101.569027, 3.285234], [101.569767, 3.286621], [101.570025, 3.287119], [101.570245, 3.287441], [101.570444, 3.287726], [101.57063, 3.287961], [101.57214, 3.289819], [101.572586, 3.290472], [101.573606, 3.292263], [101.573849, 3.292712], [101.574226, 3.293582], [101.57455, 3.294496], [101.574643, 3.294839], [101.57496, 3.296106], [101.575043, 3.296595], [101.57507, 3.296733], [101.575086, 3.296963], [101.57509, 3.297348], [101.575005, 3.298021], [101.574816, 3.299287], [101.574779, 3.300026], [101.57478, 3.300113], [101.574935, 3.301827], [101.575022, 3.303259], [101.574879, 3.315852], [101.574874, 3.316367], [101.574863, 3.316742], [101.574866, 3.31711], [101.574819, 3.317588], [101.574807, 3.318137], [101.574767, 3.318453], [101.5747, 3.318867], [101.574651, 3.319315], [101.574558, 3.319758], [101.574405, 3.320226], [101.574193, 3.320625], [101.574012, 3.320902], [101.573789, 3.321225], [101.573137, 3.322167], [101.572964, 3.322415], [101.572787, 3.322799], [101.572407, 3.323323], [101.572287, 3.323546], [101.572068, 3.323852], [101.571913, 3.324155], [101.571608, 3.324578], [101.571255, 3.32505], [101.570725, 3.325786], [101.569946, 3.326805], [101.569494, 3.327514], [101.569305, 3.32788], [101.569179, 3.328249], [101.569063, 3.32863], [101.569051, 3.328684], [101.568973, 3.329098], [101.568958, 3.329195], [101.568947, 3.329391], [101.568947, 3.329659], [101.568965, 3.329991], [101.569001, 3.330243], [101.569033, 3.33041], [101.569119, 3.330731], [101.569231, 3.331037], [101.569344, 3.331297], [101.569469, 3.331555], [101.569901, 3.332238], [101.569983, 3.332352], [101.570289, 3.332707], [101.571104, 3.333655], [101.57135, 3.333959], [101.571607, 3.334358], [101.571802, 3.334671], [101.571915, 3.334877], [101.572117, 3.335293], [101.572254, 3.335654], [101.572465, 3.33626], [101.572583, 3.336769], [101.572669, 3.337273], [101.5727, 3.337938], [101.57269, 3.338579], [101.572676, 3.338875], [101.57265, 3.339425], [101.572323, 3.345762], [101.572007, 3.351736], [101.571985, 3.352037], [101.571943, 3.352537], [101.571795, 3.353609], [101.571586, 3.354946], [101.571474, 3.355662], [101.571424, 3.356081], [101.571384, 3.357072], [101.571417, 3.357485], [101.571493, 3.357961], [101.571628, 3.358584], [101.571764, 3.358998], [101.571951, 3.35945], [101.57239, 3.360283], [101.57251, 3.36046], [101.5732, 3.361321], [101.573556, 3.361659], [101.573984, 3.362016], [101.574453, 3.36233], [101.57495, 3.36263], [101.575358, 3.362814], [101.575691, 3.362949], [101.576113, 3.363079], [101.576536, 3.363181], [101.577018, 3.363264], [101.577591, 3.363323], [101.578019, 3.363332], [101.578337, 3.36332], [101.578663, 3.363282], [101.579016, 3.363228], [101.579588, 3.363138], [101.580161, 3.363064], [101.58072, 3.36297], [101.581317, 3.362935], [101.581717, 3.362869], [101.582059, 3.362823], [101.582389, 3.362782], [101.582674, 3.362756], [101.583076, 3.362747], [101.583476, 3.362753], [101.583877, 3.362782], [101.584307, 3.36283], [101.587516, 3.363337], [101.588866, 3.363565], [101.589312, 3.363597], [101.590804, 3.363843], [101.591498, 3.363922], [101.592423, 3.364063], [101.593381, 3.364277], [101.594837, 3.364713], [101.600826, 3.366679], [101.601624, 3.366935], [101.602726, 3.367289], [101.605079, 3.368098], [101.60562, 3.368302], [101.606081, 3.368542], [101.606306, 3.368662], [101.606484, 3.368764], [101.607032, 3.369073], [101.607284, 3.369251], [101.608046, 3.369807], [101.608659, 3.370328], [101.609154, 3.370802], [101.610359, 3.372005], [101.611081, 3.372712], [101.613975, 3.375601], [101.614439, 3.376064], [101.614914, 3.376535], [101.624637, 3.386289], [101.625153, 3.386814], [101.625592, 3.387396], [101.626334, 3.388479], [101.626834, 3.389365], [101.627277, 3.390395], [101.627634, 3.391486], [101.627927, 3.392873], [101.628076, 3.393583], [101.628193, 3.394298], [101.628267, 3.395002], [101.628302, 3.395441], [101.628304, 3.395886], [101.628299, 3.396362], [101.628276, 3.396833], [101.627783, 3.402066], [101.627798, 3.40294], [101.627853, 3.403767], [101.628009, 3.405287], [101.628048, 3.406], [101.628006, 3.407252], [101.627818, 3.408625], [101.627202, 3.412594], [101.62703, 3.413519], [101.626751, 3.414591], [101.626486, 3.415345], [101.62615, 3.416081], [101.625639, 3.417047], [101.625399, 3.417551], [101.625002, 3.418498], [101.624812, 3.419256], [101.624767, 3.419579], [101.624704, 3.420237], [101.624702, 3.420495], [101.624778, 3.421352], [101.624887, 3.421981], [101.625021, 3.422481], [101.62527, 3.423135], [101.625554, 3.423692], [101.625823, 3.424112], [101.62635, 3.424851], [101.626862, 3.425474], [101.631856, 3.431775], [101.635908, 3.436904], [101.636714, 3.438154], [101.637169, 3.439168], [101.637298, 3.439465], [101.637589, 3.440363], [101.637786, 3.441129], [101.637984, 3.44206], [101.639764, 3.451782], [101.639852, 3.453057], [101.639842, 3.454013], [101.639735, 3.455119], [101.639562, 3.455979], [101.639121, 3.457513], [101.638586, 3.459244], [101.638445, 3.459713], [101.637605, 3.462576], [101.637394, 3.464095], [101.637353, 3.465264], [101.637401, 3.46613], [101.6375, 3.466967], [101.637612, 3.467734], [101.637734, 3.468387], [101.637859, 3.469089], [101.637962, 3.46967], [101.638044, 3.470149], [101.638948, 3.475274], [101.639615, 3.479225], [101.63966, 3.479884], [101.63969, 3.480861], [101.639624, 3.481913], [101.639583, 3.482277], [101.639381, 3.483279], [101.639081, 3.48425], [101.638787, 3.485028], [101.638527, 3.485608], [101.636235, 3.489946], [101.635854, 3.490858], [101.635356, 3.492514], [101.634711, 3.496806], [101.634289, 3.499607], [101.634181, 3.500308], [101.63408, 3.500932], [101.63323, 3.506661], [101.63311, 3.507426], [101.632707, 3.510027], [101.632623, 3.510447], [101.632431, 3.511176], [101.632118, 3.511883], [101.631739, 3.512556], [101.631556, 3.512817], [101.630442, 3.514093], [101.630077, 3.514534], [101.629826, 3.514856], [101.629503, 3.515377], [101.629244, 3.515885], [101.628993, 3.516566], [101.628911, 3.51684], [101.628757, 3.517559], [101.628692, 3.518328], [101.628739, 3.51941], [101.628884, 3.520832], [101.629116, 3.522242], [101.629805, 3.52698], [101.630081, 3.528065], [101.63045, 3.528934], [101.630816, 3.529549], [101.632256, 3.531542], [101.633041, 3.532662], [101.63336, 3.533206], [101.633734, 3.534009], [101.634086, 3.534934], [101.634585, 3.536666], [101.634766, 3.537305], [101.635121, 3.538708], [101.635765, 3.540866], [101.636359, 3.543072], [101.636711, 3.543851], [101.63721, 3.544632], [101.638325, 3.546092], [101.638621, 3.546496], [101.639013, 3.547156], [101.639421, 3.548073], [101.639479, 3.548226], [101.639669, 3.549072], [101.639767, 3.549985], [101.639754, 3.550598], [101.639527, 3.552533], [101.639451, 3.553193], [101.639366, 3.553855], [101.639242, 3.554599], [101.639042, 3.555442], [101.638936, 3.55581], [101.638708, 3.556369], [101.638516, 3.556772], [101.638267, 3.557183], [101.638033, 3.557533], [101.63774, 3.557914], [101.637399, 3.558263], [101.637075, 3.558574], [101.636442, 3.55906], [101.636184, 3.559233], [101.63582, 3.559428], [101.635102, 3.55975], [101.632855, 3.560666], [101.632206, 3.560923], [101.630018, 3.561821], [101.62757, 3.562832], [101.626024, 3.563502], [101.625724, 3.563632], [101.625379, 3.563794], [101.624801, 3.564126], [101.62433, 3.564426], [101.623972, 3.564687], [101.623884, 3.564747], [101.622343, 3.565869], [101.62206, 3.566063], [101.620276, 3.567347], [101.618785, 3.568454], [101.618443, 3.568782], [101.61788, 3.569339], [101.617549, 3.569682], [101.61695, 3.570367], [101.615765, 3.571664], [101.615281, 3.572178], [101.614905, 3.572616], [101.614669, 3.572914], [101.614477, 3.573198], [101.61427, 3.573544], [101.613934, 3.574281], [101.613813, 3.574616], [101.613682, 3.575091], [101.613613, 3.575398], [101.613521, 3.575874], [101.613491, 3.57613], [101.613451, 3.576799], [101.613445, 3.57742], [101.613422, 3.577983], [101.613347, 3.579369], [101.613307, 3.579798], [101.613236, 3.580282], [101.612982, 3.581404], [101.612834, 3.58189], [101.612566, 3.582617], [101.612332, 3.583146], [101.611657, 3.584412], [101.610388, 3.586312], [101.609091, 3.588167], [101.608319, 3.589311], [101.607978, 3.589797], [101.606181, 3.592373], [101.605122, 3.593899], [101.604618, 3.594629], [101.603772, 3.595846], [101.603391, 3.596397], [101.603129, 3.596723], [101.603019, 3.596861], [101.602702, 3.597236], [101.602247, 3.597692], [101.601884, 3.598026], [101.601356, 3.598388], [101.600868, 3.598659], [101.600304, 3.598899], [101.59988, 3.599051], [101.599355, 3.599198], [101.59876, 3.599315], [101.598186, 3.599393], [101.596586, 3.599591], [101.595966, 3.599691], [101.595398, 3.599818], [101.594952, 3.599955], [101.59451, 3.60011], [101.594033, 3.600316], [101.593498, 3.600586], [101.592878, 3.60096], [101.592404, 3.601279], [101.592024, 3.601567], [101.591729, 3.601826], [101.591476, 3.602072], [101.590876, 3.602705], [101.590491, 3.603203], [101.59033, 3.60344], [101.589967, 3.603985], [101.588927, 3.605844], [101.588177, 3.607145], [101.587636, 3.607927], [101.587366, 3.608283], [101.586974, 3.608744], [101.58679, 3.608947], [101.586459, 3.609256], [101.585728, 3.60996], [101.581095, 3.614203], [101.579314, 3.615863], [101.578789, 3.616336], [101.577826, 3.617185], [101.577353, 3.617533], [101.57715, 3.617676], [101.576452, 3.618106], [101.574965, 3.618956], [101.574311, 3.619368], [101.573755, 3.619752], [101.573097, 3.620259], [101.57243, 3.620879], [101.571683, 3.621701], [101.571284, 3.622183], [101.570578, 3.623056], [101.569975, 3.62379], [101.569403, 3.624461], [101.568234, 3.625734], [101.566442, 3.627695], [101.565899, 3.628315], [101.564473, 3.630079], [101.562488, 3.632529], [101.561904, 3.633295], [101.561133, 3.634507], [101.560814, 3.635096], [101.560236, 3.636289], [101.559678, 3.637428], [101.559331, 3.638082], [101.558766, 3.639048], [101.558718, 3.639125], [101.558264, 3.639822], [101.557376, 3.641034], [101.555296, 3.643595], [101.554074, 3.645079], [101.552958, 3.646418], [101.552189, 3.647218], [101.551672, 3.647682], [101.549994, 3.649031], [101.548007, 3.650632], [101.545507, 3.652673], [101.54388, 3.654094], [101.541849, 3.65602], [101.540772, 3.657047], [101.540376, 3.657476], [101.539641, 3.658316], [101.536089, 3.663412], [101.528724, 3.674022], [101.528394, 3.674495], [101.527809, 3.675336], [101.527513, 3.67574], [101.527119, 3.676272], [101.526673, 3.676817], [101.526295, 3.677213], [101.52583, 3.677685], [101.52391, 3.679464], [101.523134, 3.680219], [101.520767, 3.682437], [101.519606, 3.683483], [101.518258, 3.684748], [101.516291, 3.686584], [101.516202, 3.686668], [101.515802, 3.687048], [101.514476, 3.688342], [101.513564, 3.689228], [101.513212, 3.689545], [101.512424, 3.690255], [101.511036, 3.691534], [101.510249, 3.692263], [101.508612, 3.693849], [101.507709, 3.6947], [101.507256, 3.695129], [101.506693, 3.695661], [101.505633, 3.696648], [101.505503, 3.69677], [101.503893, 3.698282], [101.496502, 3.705222], [101.495514, 3.706175], [101.495055, 3.706526], [101.494721, 3.706758], [101.494428, 3.706968], [101.493692, 3.707427], [101.492714, 3.707983], [101.490746, 3.709097], [101.489784, 3.70966], [101.488016, 3.710672], [101.486159, 3.711723], [101.484809, 3.712498], [101.483794, 3.713074], [101.483636, 3.713166], [101.482761, 3.713655], [101.482361, 3.713864], [101.481937, 3.714061], [101.481597, 3.714209], [101.481261, 3.714335], [101.480917, 3.71446], [101.480544, 3.714583], [101.479976, 3.714739], [101.477651, 3.715243], [101.477192, 3.715372], [101.47683, 3.715491], [101.476436, 3.715632], [101.476055, 3.715783], [101.475704, 3.715937], [101.475368, 3.7161], [101.475079, 3.716249], [101.474544, 3.716558], [101.474214, 3.716769], [101.473837, 3.717023], [101.473528, 3.717251], [101.473281, 3.717443], [101.47287, 3.717798], [101.472563, 3.718087], [101.472263, 3.718392], [101.471996, 3.71868], [101.471688, 3.719023], [101.471373, 3.719402], [101.471038, 3.71982], [101.470573, 3.720437], [101.46993, 3.721273], [101.469539, 3.721747], [101.469337, 3.721979], [101.46914, 3.722167], [101.468644, 3.722661], [101.468108, 3.723128], [101.46769, 3.723448], [101.467385, 3.723654], [101.46658, 3.724148], [101.465623, 3.724653], [101.464135, 3.72543], [101.461003, 3.727036], [101.459578, 3.72777], [101.459293, 3.72792], [101.458643, 3.728305], [101.45829, 3.728554], [101.458014, 3.728754], [101.457773, 3.728968], [101.457322, 3.729448], [101.457104, 3.729707], [101.456897, 3.729999], [101.456695, 3.730298], [101.456501, 3.730684], [101.456219, 3.731228], [101.455944, 3.732043], [101.455843, 3.732473], [101.455771, 3.732951], [101.455701, 3.733862], [101.455576, 3.734993], [101.455467, 3.73623], [101.455414, 3.736798], [101.45519, 3.737757], [101.454991, 3.738329], [101.454833, 3.738687], [101.454543, 3.739212], [101.454156, 3.739777], [101.453237, 3.740978], [101.45277, 3.741569], [101.451512, 3.743127], [101.451037, 3.743813], [101.450236, 3.744785], [101.449744, 3.745384], [101.449387, 3.745836], [101.448999, 3.746297], [101.448327, 3.747167], [101.447842, 3.74776], [101.446964, 3.748837], [101.446371, 3.749565], [101.4456, 3.750501], [101.445149, 3.751003], [101.444723, 3.75142], [101.444435, 3.75169], [101.44425, 3.751858], [101.443823, 3.752209], [101.443018, 3.752808], [101.441752, 3.753672], [101.440738, 3.754361], [101.44037, 3.754637], [101.439979, 3.754944], [101.439336, 3.755528], [101.438859, 3.75601], [101.438231, 3.756756], [101.437774, 3.757379], [101.437419, 3.757943], [101.437172, 3.758386], [101.436899, 3.758944], [101.436713, 3.759353], [101.43642, 3.760115], [101.436282, 3.76053], [101.436097, 3.761244], [101.436006, 3.76166], [101.435879, 3.762542], [101.435826, 3.763135], [101.435807, 3.763526], [101.435816, 3.764045], [101.435829, 3.764589], [101.435924, 3.765465], [101.436065, 3.766432], [101.43616, 3.767199], [101.436213, 3.76773], [101.436234, 3.768195], [101.43624, 3.768541], [101.436227, 3.769328], [101.436161, 3.770162], [101.436094, 3.770789], [101.435961, 3.771875], [101.435833, 3.772937], [101.435651, 3.774481], [101.435547, 3.77565], [101.435489, 3.777006], [101.435458, 3.777813], [101.435389, 3.779463], [101.435305, 3.781558], [101.435232, 3.783187], [101.435207, 3.783903], [101.435185, 3.784397], [101.435153, 3.784895], [101.43511, 3.785363], [101.435063, 3.785684], [101.434958, 3.78628], [101.434819, 3.786907], [101.434635, 3.787514], [101.434395, 3.788229], [101.433712, 3.789753], [101.433394, 3.790453], [101.433151, 3.790959], [101.432389, 3.792609], [101.431772, 3.793821], [101.431502, 3.794263], [101.431116, 3.794827], [101.430688, 3.795361], [101.43041, 3.795685], [101.43011, 3.796017], [101.429477, 3.796615], [101.429237, 3.796829], [101.428492, 3.797454], [101.428083, 3.797801], [101.42631, 3.799231], [101.424378, 3.800781], [101.423869, 3.801223], [101.423596, 3.801479], [101.423353, 3.801733], [101.422719, 3.80246], [101.421263, 3.804327], [101.41947, 3.806638], [101.417912, 3.80864], [101.416471, 3.810511], [101.416184, 3.810873], [101.414668, 3.812756], [101.414089, 3.813512], [101.413168, 3.8147], [101.41274, 3.815228], [101.412206, 3.815841], [101.411431, 3.81663], [101.410252, 3.817834], [101.408703, 3.819417], [101.40765, 3.820429], [101.406668, 3.821444], [101.406131, 3.821989], [101.405516, 3.822608], [101.404459, 3.823703], [101.403951, 3.824381], [101.403558, 3.824924], [101.403294, 3.825283], [101.402672, 3.82621], [101.402268, 3.82683], [101.401924, 3.827355], [101.401356, 3.828265], [101.400748, 3.829215], [101.400101, 3.830275], [101.399594, 3.831062], [101.399407, 3.831337], [101.393232, 3.841006], [101.392976, 3.841406], [101.392526, 3.842199], [101.392308, 3.842547], [101.391809, 3.843325], [101.391169, 3.844317], [101.390765, 3.844906], [101.390409, 3.845373], [101.390222, 3.845597], [101.390086, 3.845757], [101.389404, 3.846471], [101.388826, 3.846993], [101.388168, 3.84751], [101.387846, 3.847731], [101.387466, 3.847971], [101.387192, 3.848138], [101.387046, 3.848218], [101.386608, 3.848452], [101.384546, 3.849466], [101.383915, 3.849832], [101.383294, 3.850239], [101.382718, 3.850698], [101.382062, 3.851306], [101.381587, 3.851802], [101.381073, 3.852387], [101.380832, 3.852693], [101.380456, 3.853242], [101.380094, 3.853828], [101.379782, 3.854393], [101.379647, 3.854676], [101.379408, 3.855227], [101.379102, 3.856048], [101.37899, 3.856431], [101.378753, 3.857379], [101.378473, 3.858694], [101.378195, 3.860046], [101.377815, 3.861844], [101.377638, 3.862797], [101.377545, 3.863568], [101.377494, 3.864355], [101.377482, 3.864604], [101.377483, 3.865065], [101.377501, 3.865553], [101.377569, 3.866144], [101.377621, 3.866522], [101.377718, 3.866987], [101.377823, 3.867424], [101.377917, 3.867763], [101.378004, 3.868048], [101.37818, 3.868552], [101.37826, 3.868751], [101.378442, 3.869226], [101.378593, 3.869562], [101.378772, 3.869944], [101.379171, 3.870621], [101.379745, 3.871547], [101.380308, 3.872471], [101.380665, 3.873103], [101.380947, 3.873691], [101.381274, 3.874525], [101.381442, 3.875016], [101.381596, 3.875562], [101.381704, 3.876044], [101.38182, 3.876694], [101.38192, 3.877565], [101.381949, 3.878082], [101.381942, 3.878645], [101.381906, 3.879315], [101.381857, 3.879817], [101.381794, 3.88025], [101.381712, 3.880659], [101.381589, 3.881212], [101.381447, 3.881715], [101.381277, 3.882219], [101.381121, 3.882655], [101.380898, 3.883167], [101.380549, 3.883859], [101.38034, 3.88423], [101.379792, 3.8851], [101.379251, 3.885811], [101.379121, 3.885965], [101.379042, 3.886051], [101.378185, 3.886924], [101.377597, 3.887444], [101.376989, 3.887902], [101.376337, 3.888315], [101.37561, 3.888719], [101.375085, 3.888965], [101.374271, 3.889289], [101.373313, 3.889602], [101.372433, 3.889867], [101.371712, 3.890088], [101.371271, 3.890252], [101.370735, 3.89047], [101.369938, 3.890857], [101.369129, 3.891334], [101.368145, 3.891976], [101.367123, 3.892624], [101.365956, 3.893399], [101.365108, 3.894064], [101.364553, 3.894561], [101.364229, 3.894882], [101.363901, 3.89525], [101.363582, 3.895627], [101.363145, 3.896191], [101.362709, 3.8968], [101.36182, 3.898052], [101.361244, 3.898744], [101.360736, 3.899271], [101.360503, 3.899504], [101.359797, 3.900195], [101.359324, 3.900581], [101.358374, 3.901253], [101.357369, 3.901897], [101.356049, 3.902725], [101.354534, 3.9037], [101.352368, 3.905073], [101.351431, 3.905705], [101.351103, 3.90595], [101.350391, 3.906568], [101.349303, 3.907694], [101.348831, 3.90827], [101.348461, 3.908752], [101.347848, 3.909657], [101.347578, 3.910079], [101.347318, 3.91053], [101.346663, 3.911886], [101.346411, 3.912517], [101.34623, 3.913003], [101.345907, 3.914119], [101.345776, 3.914632], [101.345695, 3.91503], [101.345619, 3.915414], [101.345352, 3.916742], [101.345174, 3.917622], [101.344998, 3.918486], [101.344848, 3.919247], [101.344619, 3.920339], [101.344361, 3.921631], [101.344301, 3.92192], [101.344141, 3.922717], [101.344066, 3.923059], [101.343913, 3.923632], [101.343777, 3.924071], [101.343604, 3.924598], [101.343392, 3.925135], [101.34265, 3.926843], [101.341783, 3.928824], [101.34119, 3.930165], [101.340668, 3.931395], [101.340124, 3.932645], [101.340012, 3.932906], [101.339833, 3.933339], [101.339619, 3.933876], [101.339442, 3.934436], [101.339315, 3.934875], [101.339213, 3.93531], [101.33913, 3.935694], [101.339022, 3.936325], [101.338939, 3.93685], [101.338831, 3.937399], [101.338783, 3.93763], [101.33873, 3.937837], [101.338547, 3.938505], [101.338319, 3.939141], [101.338219, 3.939393], [101.338011, 3.939866], [101.337717, 3.940473], [101.337518, 3.940812], [101.337229, 3.941288], [101.337031, 3.941577], [101.336651, 3.942109], [101.336147, 3.942706], [101.335695, 3.943183], [101.33514, 3.943702], [101.334625, 3.944151], [101.334495, 3.944265], [101.333979, 3.944708], [101.333121, 3.945448], [101.332757, 3.945761], [101.331849, 3.946566], [101.331476, 3.946949], [101.331155, 3.947297], [101.33073, 3.947814], [101.330525, 3.94808], [101.33014, 3.94863], [101.329765, 3.949208], [101.329424, 3.949791], [101.328666, 3.951075], [101.327872, 3.952396], [101.327035, 3.953828], [101.326118, 3.955363], [101.325228, 3.956879], [101.324318, 3.958402], [101.323771, 3.959313], [101.323603, 3.959602], [101.323501, 3.959782], [101.323155, 3.960376], [101.322305, 3.961801], [101.322144, 3.96208], [101.321659, 3.962909], [101.321061, 3.963922], [101.320329, 3.965144], [101.31998, 3.965746], [101.319566, 3.966421], [101.31863, 3.968017], [101.317818, 3.969371], [101.31746, 3.969967], [101.317232, 3.970334], [101.316819, 3.970947], [101.316657, 3.971225], [101.316362, 3.971839], [101.316145, 3.97232], [101.315906, 3.97294], [101.315539, 3.973871], [101.315259, 3.974654], [101.314781, 3.97595], [101.314281, 3.977329], [101.313856, 3.978497], [101.313442, 3.979706], [101.313183, 3.980412], [101.312944, 3.980933], [101.312828, 3.981258], [101.311536, 3.984813], [101.311256, 3.985583], [101.310869, 3.986657], [101.310702, 3.987074], [101.310369, 3.988052], [101.309826, 3.989508], [101.309128, 3.991347], [101.308933, 3.991935], [101.308703, 3.992596], [101.307278, 3.996513], [101.306788, 3.997933], [101.306265, 3.999326], [101.30602, 3.999908], [101.305704, 4.000552], [101.305467, 4.001], [101.305234, 4.001405], [101.304768, 4.002154], [101.304, 4.003206], [101.303871, 4.003371], [101.303217, 4.004131], [101.302702, 4.004709], [101.301941, 4.00548], [101.301478, 4.005957], [101.30101, 4.006451], [101.299265, 4.008308], [101.298715, 4.008906], [101.298086, 4.009541], [101.297533, 4.01012], [101.296183, 4.011577], [101.294969, 4.012822], [101.294543, 4.013269], [101.294139, 4.013734], [101.293725, 4.01424], [101.293306, 4.014799], [101.292803, 4.015514], [101.292407, 4.016085], [101.291995, 4.016765], [101.291281, 4.018033], [101.290981, 4.018616], [101.290678, 4.01924], [101.290136, 4.020456], [101.289916, 4.021005], [101.289377, 4.022483], [101.288284, 4.025438], [101.286972, 4.028987], [101.286744, 4.029665], [101.286176, 4.031118], [101.285978, 4.031695], [101.285787, 4.032297], [101.285651, 4.032802], [101.285589, 4.033058], [101.285414, 4.03385], [101.285281, 4.034513], [101.285161, 4.035536], [101.285142, 4.035705], [101.285056, 4.036759], [101.285033, 4.037259], [101.285029, 4.037583], [101.285008, 4.038652], [101.285011, 4.039586], [101.28501, 4.041325], [101.285008, 4.042022], [101.28505, 4.043159], [101.285073, 4.044114], [101.285074, 4.044999], [101.285069, 4.046268], [101.285046, 4.046839], [101.285023, 4.047262], [101.284941, 4.047931], [101.284835, 4.048593], [101.284676, 4.049483], [101.284549, 4.05], [101.284458, 4.050324], [101.284239, 4.051045], [101.284036, 4.051639], [101.283644, 4.052662], [101.283136, 4.053987], [101.282546, 4.055522], [101.282023, 4.056871], [101.281365, 4.058541], [101.281145, 4.059102], [101.281073, 4.059287], [101.279068, 4.064414], [101.278551, 4.065754], [101.278231, 4.066562], [101.277846, 4.067546], [101.277514, 4.068396], [101.277255, 4.069065], [101.276567, 4.070834], [101.276036, 4.07219], [101.275599, 4.073335], [101.275363, 4.073909], [101.275135, 4.074415], [101.274734, 4.075448], [101.274279, 4.07662], [101.27407, 4.077153], [101.273921, 4.077573], [101.273264, 4.079306], [101.272911, 4.080214], [101.272708, 4.080724], [101.272418, 4.081489], [101.272208, 4.082099], [101.272047, 4.082785], [101.271909, 4.083383], [101.271749, 4.084156], [101.271529, 4.085258], [101.271329, 4.086162], [101.271126, 4.087182], [101.271019, 4.08767], [101.270771, 4.088981], [101.270504, 4.090235], [101.270368, 4.090901], [101.270169, 4.091854], [101.269997, 4.092697], [101.269647, 4.094337], [101.26943, 4.095414], [101.269254, 4.096274], [101.269091, 4.096998], [101.26906, 4.09713], [101.269022, 4.097291], [101.268864, 4.097959], [101.268765, 4.098305], [101.268654, 4.098635], [101.268443, 4.099215], [101.268134, 4.099917], [101.26778, 4.100578], [101.267505, 4.101036], [101.267328, 4.10131], [101.267091, 4.101659], [101.266689, 4.102188], [101.266319, 4.102621], [101.265786, 4.103176], [101.26535, 4.103579], [101.264581, 4.104211], [101.263403, 4.105041], [101.26255, 4.105579], [101.261893, 4.105986], [101.261779, 4.106045], [101.261229, 4.106329], [101.259594, 4.107045], [101.258367, 4.10756], [101.257432, 4.107955], [101.255346, 4.108846], [101.253412, 4.109678], [101.252439, 4.110111], [101.251889, 4.110382], [101.251466, 4.11063], [101.251222, 4.110781], [101.251214, 4.110785], [101.250528, 4.111248], [101.250164, 4.111531], [101.249952, 4.111702], [101.249651, 4.111977], [101.249381, 4.112224], [101.249286, 4.112321], [101.249061, 4.112548], [101.243352, 4.118463], [101.241866, 4.119979], [101.241202, 4.120605], [101.240446, 4.121303], [101.239845, 4.121786], [101.239292, 4.122221], [101.238573, 4.122755], [101.237782, 4.123305], [101.236883, 4.123878], [101.235753, 4.124534], [101.234037, 4.125509], [101.23231, 4.126479], [101.230791, 4.127364], [101.228904, 4.128447], [101.22642, 4.129844], [101.223927, 4.131245], [101.223076, 4.131753], [101.221561, 4.132726], [101.220672, 4.133299], [101.220167, 4.133633], [101.214525, 4.137338], [101.212229, 4.138848], [101.209583, 4.14058], [101.209, 4.140963], [101.208412, 4.141398], [101.208092, 4.141643], [101.207503, 4.142127], [101.206963, 4.142625], [101.206504, 4.143072], [101.205918, 4.14368], [101.205055, 4.1447], [101.203092, 4.147045], [101.201131, 4.149404], [101.196949, 4.154432], [101.194174, 4.157768], [101.193945, 4.158035], [101.193733, 4.158309], [101.193586, 4.158511], [101.193377, 4.15878], [101.192736, 4.159553], [101.192415, 4.159996], [101.191962, 4.160587], [101.191648, 4.161041], [101.191321, 4.161429], [101.191152, 4.161642], [101.190992, 4.161857], [101.190702, 4.162284], [101.190545, 4.162523], [101.190282, 4.162955], [101.190029, 4.163432], [101.189778, 4.163982], [101.189503, 4.164666], [101.189353, 4.165121], [101.189189, 4.165653], [101.189066, 4.166204], [101.188944, 4.166813], [101.188885, 4.167395], [101.188838, 4.167917], [101.188788, 4.168311], [101.188792, 4.168676], [101.18878, 4.169182], [101.188802, 4.169539], [101.188846, 4.169969], [101.188878, 4.170369], [101.188928, 4.170962], [101.188966, 4.171239], [101.189308, 4.174071], [101.189534, 4.175817], [101.189594, 4.176362], [101.189651, 4.176899], [101.189654, 4.177224], [101.189634, 4.177654], [101.189602, 4.177996], [101.189552, 4.17835], [101.189452, 4.1788], [101.189397, 4.178999], [101.189174, 4.179633], [101.189009, 4.180003], [101.188802, 4.180392], [101.188413, 4.180986], [101.18816, 4.18133], [101.187636, 4.182057], [101.186945, 4.182996], [101.186703, 4.183396], [101.186536, 4.183718], [101.186322, 4.184173], [101.18618, 4.184543], [101.186083, 4.184792], [101.185938, 4.185322], [101.185843, 4.18576], [101.184982, 4.190219], [101.184774, 4.191272], [101.184559, 4.19234], [101.184271, 4.193928], [101.183934, 4.195673], [101.183516, 4.197844], [101.183197, 4.199564], [101.182881, 4.2012], [101.182698, 4.202147], [101.181827, 4.206727], [101.181437, 4.208795], [101.181203, 4.209999], [101.180922, 4.211481], [101.180648, 4.212997], [101.180322, 4.214692], [101.180065, 4.216018], [101.17953, 4.218818], [101.179199, 4.220619], [101.178895, 4.222375], [101.178686, 4.223492], [101.178474, 4.224406], [101.178182, 4.225937], [101.177996, 4.227108], [101.17781, 4.228092], [101.177481, 4.229779], [101.177352, 4.230499], [101.17724, 4.231117], [101.177074, 4.231995], [101.176905, 4.233434], [101.176757, 4.234932], [101.17666, 4.236124], [101.176529, 4.237635], [101.176423, 4.238938], [101.176357, 4.239731], [101.176251, 4.241041], [101.176129, 4.242319], [101.175925, 4.244706], [101.175654, 4.247656], [101.175477, 4.249776], [101.175434, 4.250148], [101.175209, 4.251201], [101.17504, 4.251782], [101.174898, 4.252188], [101.174708, 4.252667], [101.174308, 4.253531], [101.173409, 4.255391], [101.171758, 4.258837], [101.170996, 4.260434], [101.170091, 4.262282], [101.169698, 4.263055], [101.169212, 4.264144], [101.169083, 4.26442], [101.168892, 4.264885], [101.168739, 4.265396], [101.16866, 4.265696], [101.168601, 4.266019], [101.168538, 4.266687], [101.168522, 4.266934], [101.16852, 4.267267], [101.168535, 4.26786], [101.168564, 4.269119], [101.16862, 4.271043], [101.168617, 4.27175], [101.168551, 4.272545], [101.168499, 4.272905], [101.16836, 4.273594], [101.168217, 4.274093], [101.168003, 4.274651], [101.167823, 4.275052], [101.167589, 4.275508], [101.167448, 4.275749], [101.167252, 4.276041], [101.166953, 4.276444], [101.166706, 4.276752], [101.166158, 4.277371], [101.165574, 4.278067], [101.165273, 4.278543], [101.165067, 4.278912], [101.164781, 4.279483], [101.164589, 4.279987], [101.164437, 4.280526], [101.164372, 4.280822], [101.164311, 4.281097], [101.164241, 4.281709], [101.164206, 4.28226], [101.164159, 4.283242], [101.164101, 4.284103], [101.164028, 4.285404], [101.163981, 4.285815], [101.163916, 4.286493], [101.163853, 4.286933], [101.163696, 4.287669], [101.163585, 4.288101], [101.163421, 4.288594], [101.163145, 4.289281], [101.162949, 4.289788], [101.162498, 4.290922], [101.162103, 4.291884], [101.161754, 4.292711], [101.161248, 4.294], [101.160827, 4.295018], [101.160571, 4.295619], [101.160342, 4.296086], [101.160108, 4.296523], [101.159854, 4.296968], [101.159591, 4.297371], [101.159327, 4.297747], [101.159012, 4.298146], [101.158652, 4.298583], [101.158149, 4.299091], [101.157762, 4.299434], [101.157193, 4.299914], [101.156751, 4.300271], [101.156279, 4.300631], [101.15489, 4.301704], [101.154034, 4.302344], [101.153537, 4.302711], [101.152947, 4.303162], [101.151135, 4.304533], [101.150672, 4.304875], [101.14894, 4.30619], [101.146865, 4.307754], [101.146603, 4.307964], [101.146338, 4.308174], [101.145836, 4.308604], [101.145519, 4.308899], [101.145285, 4.309126], [101.144904, 4.309502], [101.144427, 4.310011], [101.144127, 4.310358], [101.14401, 4.310498], [101.14343, 4.311237], [101.143069, 4.311714], [101.142348, 4.312695], [101.141506, 4.313805], [101.140235, 4.315508], [101.139529, 4.316428], [101.139327, 4.316694], [101.137861, 4.318642], [101.136787, 4.320068], [101.136327, 4.320685], [101.134701, 4.322836], [101.13372, 4.324131], [101.132599, 4.32561], [101.132401, 4.325874], [101.132113, 4.326266], [101.131903, 4.326546], [101.130508, 4.328396], [101.129226, 4.330089], [101.1289, 4.330528], [101.128491, 4.331085], [101.127366, 4.332571], [101.126506, 4.33371], [101.124826, 4.335918], [101.124221, 4.336731], [101.123144, 4.338161], [101.122746, 4.338683], [101.121938, 4.339752], [101.121711, 4.340078], [101.120988, 4.341111], [101.120289, 4.342147], [101.11968, 4.343027], [101.11866, 4.344491], [101.118248, 4.345141], [101.117536, 4.346145], [101.115169, 4.349673], [101.114932, 4.350009], [101.113655, 4.351885], [101.113249, 4.352467], [101.111195, 4.355124], [101.110284, 4.356297], [101.10943, 4.357392], [101.109094, 4.357832], [101.108205, 4.35901], [101.106279, 4.36151], [101.105994, 4.361881], [101.105524, 4.362489], [101.103435, 4.365198], [101.102527, 4.366349], [101.101465, 4.367749], [101.100809, 4.368607], [101.099658, 4.370174], [101.098947, 4.371184], [101.096932, 4.373997], [101.096184, 4.375045], [101.094586, 4.377311], [101.093386, 4.379015], [101.091572, 4.381554], [101.091073, 4.382239], [101.090524, 4.383008], [101.089712, 4.384144], [101.089111, 4.384989], [101.08883, 4.38537], [101.088296, 4.386122], [101.088002, 4.386562], [101.087329, 4.387581], [101.086947, 4.388175], [101.086624, 4.388707], [101.08615, 4.389561], [101.08596, 4.389897], [101.085566, 4.390604], [101.085336, 4.391035], [101.085149, 4.391362], [101.084973, 4.391676], [101.084759, 4.39206], [101.084463, 4.392573], [101.084175, 4.393109], [101.081327, 4.39827], [101.079002, 4.402472], [101.078418, 4.403638], [101.078086, 4.404259], [101.0779, 4.404575], [101.077406, 4.405427], [101.076865, 4.406407], [101.07633, 4.40739], [101.0754, 4.409114], [101.075137, 4.409605], [101.074924, 4.409997], [101.072631, 4.414114], [101.072174, 4.414891], [101.071765, 4.415665], [101.071249, 4.416625], [101.070645, 4.417707], [101.069872, 4.419138], [101.068747, 4.421147], [101.067938, 4.422617], [101.067381, 4.423597], [101.066578, 4.425096], [101.065553, 4.426897], [101.064854, 4.428149], [101.064217, 4.429315], [101.063886, 4.429957], [101.062808, 4.43189], [101.062385, 4.432665], [101.062288, 4.432837], [101.062139, 4.43313], [101.062024, 4.433379], [101.061899, 4.433628], [101.061701, 4.433994], [101.061253, 4.434783], [101.060804, 4.435608], [101.060355, 4.436428], [101.059711, 4.437565], [101.058921, 4.439071], [101.058541, 4.439914], [101.057835, 4.441492], [101.057329, 4.442539], [101.057096, 4.443077], [101.056857, 4.443647], [101.056436, 4.444557], [101.056293, 4.444872], [101.055779, 4.445865], [101.055014, 4.447501], [101.054742, 4.448099], [101.054237, 4.449225], [101.053793, 4.450224], [101.053361, 4.451161], [101.052779, 4.45242], [101.052417, 4.453211], [101.05176, 4.454643], [101.051383, 4.455478], [101.051147, 4.455989], [101.050923, 4.456468], [101.050825, 4.456683], [101.050681, 4.456956], [101.050526, 4.457224], [101.050374, 4.457508], [101.050235, 4.45777], [101.049555, 4.459255], [101.049258, 4.459904], [101.049001, 4.460469], [101.04827, 4.462059], [101.047747, 4.463194], [101.047371, 4.46385], [101.047033, 4.464374], [101.046687, 4.464922], [101.046551, 4.465147], [101.046346, 4.465465], [101.045864, 4.466278], [101.045733, 4.466488], [101.045388, 4.467052], [101.044878, 4.467876], [101.044398, 4.4686], [101.043751, 4.469646], [101.043558, 4.469956], [101.043402, 4.47026], [101.043272, 4.47055], [101.043166, 4.470832], [101.043084, 4.471071], [101.042992, 4.471365], [101.042905, 4.471659], [101.042846, 4.471895], [101.042799, 4.472143], [101.042744, 4.472502], [101.042676, 4.472956], [101.042566, 4.473723], [101.042435, 4.474583], [101.042344, 4.475207], [101.042251, 4.475785], [101.042176, 4.476363], [101.042065, 4.477111], [101.041989, 4.477609], [101.041952, 4.477933], [101.041927, 4.47851], [101.041901, 4.479227], [101.0419, 4.47947], [101.041907, 4.479671], [101.041957, 4.480195], [101.041999, 4.48055], [101.042055, 4.48095], [101.042146, 4.481492], [101.042242, 4.481986], [101.042361, 4.482572], [101.042545, 4.483557], [101.04268, 4.48429], [101.042795, 4.484919], [101.043114, 4.486473], [101.043405, 4.487933], [101.04373, 4.489539], [101.043935, 4.490595], [101.044259, 4.492252], [101.044557, 4.493703], [101.044782, 4.4947], [101.045349, 4.497696], [101.045656, 4.499629], [101.045917, 4.500921], [101.045959, 4.50114], [101.046809, 4.50542], [101.047725, 4.510123], [101.048281, 4.513149], [101.048927, 4.516604], [101.049574, 4.520204], [101.049628, 4.520481], [101.049794, 4.521389], [101.050042, 4.522658], [101.050257, 4.523901], [101.050405, 4.524667], [101.051177, 4.528956], [101.051598, 4.531236], [101.052027, 4.533562], [101.052352, 4.535363], [101.052591, 4.536608], [101.052687, 4.537158], [101.053122, 4.539531], [101.053297, 4.540458], [101.053344, 4.540758], [101.053376, 4.541067], [101.053413, 4.541319], [101.053477, 4.541685], [101.054022, 4.544651], [101.054201, 4.545645], [101.054219, 4.545733], [101.054224, 4.545761], [101.054705, 4.548397], [101.054912, 4.549512], [101.055229, 4.551303], [101.055252, 4.551431], [101.055455, 4.552355], [101.05551, 4.552577], [101.055755, 4.553393], [101.055845, 4.553679], [101.055998, 4.554114], [101.056174, 4.554544], [101.056864, 4.556196], [101.0576, 4.557944], [101.058052, 4.559033], [101.058531, 4.560148], [101.058661, 4.560435], [101.059499, 4.562434], [101.060177, 4.564032], [101.060287, 4.564275], [101.060729, 4.565315], [101.060862, 4.56563], [101.061433, 4.566955], [101.061899, 4.568067], [101.06298, 4.57065], [101.063324, 4.571442], [101.063695, 4.572342], [101.063855, 4.572725], [101.064778, 4.574904], [101.065754, 4.577203], [101.066587, 4.579147], [101.067012, 4.580165], [101.067352, 4.580944], [101.06756, 4.581411], [101.067815, 4.581903], [101.068061, 4.582352], [101.068384, 4.582855], [101.068551, 4.583099], [101.068939, 4.583673], [101.069346, 4.584275], [101.069806, 4.585015], [101.069991, 4.585387], [101.0702, 4.585866], [101.070354, 4.586314], [101.07043, 4.586557], [101.070496, 4.586841], [101.07055, 4.587095], [101.070587, 4.587332], [101.070646, 4.587755], [101.07075, 4.588488], [101.070787, 4.588845], [101.070817, 4.589188], [101.070859, 4.589538], [101.070898, 4.5899], [101.070987, 4.590577], [101.071026, 4.590862], [101.071066, 4.591259], [101.071179, 4.591939], [101.071224, 4.592284], [101.071245, 4.592466], [101.071285, 4.592727], [101.071338, 4.593011], [101.071484, 4.593845], [101.071562, 4.59413], [101.071659, 4.594465], [101.071734, 4.594695], [101.071911, 4.595127], [101.072113, 4.595547], [101.0724, 4.59608], [101.073098, 4.597494], [101.073114, 4.597526], [101.074467, 4.600209], [101.074763, 4.600798], [101.074926, 4.601184], [101.075021, 4.601418], [101.075079, 4.601597], [101.075172, 4.601907], [101.075307, 4.602401], [101.075414, 4.602926], [101.075486, 4.603218], [101.076115, 4.605643], [101.076184, 4.605917], [101.076268, 4.606212], [101.076383, 4.606543], [101.076567, 4.606956], [101.07676, 4.607303], [101.077007, 4.607686], [101.077163, 4.607882], [101.077317, 4.608058], [101.077754, 4.608461], [101.078562, 4.609084], [101.079754, 4.609904], [101.080112, 4.610131], [101.080302, 4.610234], [101.080622, 4.610376], [101.081062, 4.610523], [101.081402, 4.610607], [101.081611, 4.610651], [101.081784, 4.610671], [101.08213, 4.6107], [101.082372, 4.6107], [101.082631, 4.610688], [101.082778, 4.610669], [101.082968, 4.61064], [101.083255, 4.61059], [101.083463, 4.610538], [101.083905, 4.610403], [101.085229, 4.610012], [101.08551, 4.609942], [101.085849, 4.609886], [101.086157, 4.609852], [101.08645, 4.609839], [101.086744, 4.60984], [101.086998, 4.609853], [101.087242, 4.609875], [101.087486, 4.609908], [101.087742, 4.609957], [101.088052, 4.610032], [101.088347, 4.610114], [101.088683, 4.610245], [101.088986, 4.610385], [101.089352, 4.610582], [101.089601, 4.610732], [101.090014, 4.611031], [101.090127, 4.611119], [101.090412, 4.611386], [101.090636, 4.611627], [101.090898, 4.611967], [101.09102, 4.612144], [101.091204, 4.612418], [101.09138, 4.612705], [101.091664, 4.613249], [101.091901, 4.613682], [101.092061, 4.613983], [101.092614, 4.6151], [101.092917, 4.615697], [101.093232, 4.616298], [101.093441, 4.616694], [101.093657, 4.617091], [101.09385, 4.617432], [101.094117, 4.617893], [101.094639, 4.618682], [101.095033, 4.619191], [101.095695, 4.620091], [101.097112, 4.621944], [101.098666, 4.623992], [101.099145, 4.624575], [101.09953, 4.625091], [101.099823, 4.62548], [101.101427, 4.627573], [101.101732, 4.627957], [101.102367, 4.628776], [101.103375, 4.630079], [101.103733, 4.63056], [101.10467, 4.631812], [101.106028, 4.633557], [101.106828, 4.634586], [101.107134, 4.634976], [101.107203, 4.635065], [101.107381, 4.635296], [101.10873, 4.637041], [101.109802, 4.63846], [101.110324, 4.639129], [101.110927, 4.639934], [101.111397, 4.640542], [101.111564, 4.640774], [101.112076, 4.641484], [101.112824, 4.642607], [101.113592, 4.643752], [101.114301, 4.644828], [101.115062, 4.645953], [101.115781, 4.64701], [101.116049, 4.647373], [101.116621, 4.6481], [101.116949, 4.648505], [101.117239, 4.64888], [101.117372, 4.64905], [101.118056, 4.649949], [101.118411, 4.650427], [101.119001, 4.651192], [101.11968, 4.652064], [101.120126, 4.65264], [101.120258, 4.65281], [101.120353, 4.652932], [101.120415, 4.653018], [101.120684, 4.653365], [101.121115, 4.653908], [101.121508, 4.654432], [101.121977, 4.655017], [101.122759, 4.656037], [101.123129, 4.656518], [101.123374, 4.656826], [101.123997, 4.657629], [101.124797, 4.658669], [101.12547, 4.659555], [101.125642, 4.659791], [101.125803, 4.660023], [101.125955, 4.660231], [101.126279, 4.660641], [101.126785, 4.661284], [101.127763, 4.662572], [101.129581, 4.664905], [101.13021, 4.665723], [101.13058, 4.666172], [101.132144, 4.66819], [101.132613, 4.668813], [101.132889, 4.669163], [101.133159, 4.6695], [101.133291, 4.669662], [101.134519, 4.671257], [101.134769, 4.671583], [101.135874, 4.672988], [101.136626, 4.674007], [101.13716, 4.674683], [101.137439, 4.675042], [101.137927, 4.675725], [101.138408, 4.676482], [101.138822, 4.677183], [101.139156, 4.677782], [101.139435, 4.678339], [101.139684, 4.678875], [101.140032, 4.679648], [101.140184, 4.680054], [101.140417, 4.680717], [101.140572, 4.681176], [101.140677, 4.681567], [101.140885, 4.682317], [101.141139, 4.683304], [101.141301, 4.684015], [101.141353, 4.684268], [101.141415, 4.68463], [101.141518, 4.685581], [101.141571, 4.686608], [101.141593, 4.687106], [101.14161, 4.68764], [101.141613, 4.688033], [101.14161, 4.688391], [101.141583, 4.688919], [101.14157, 4.689115], [101.141523, 4.68956], [101.141419, 4.690257], [101.141336, 4.690762], [101.141267, 4.691159], [101.141104, 4.691959], [101.140992, 4.692488], [101.140801, 4.693119], [101.140679, 4.693507], [101.140506, 4.69406], [101.140407, 4.694382], [101.140284, 4.694765], [101.140195, 4.695008], [101.139992, 4.695499], [101.139706, 4.696075], [101.139639, 4.696208], [101.139409, 4.696669], [101.1392, 4.697042], [101.138887, 4.69756], [101.138356, 4.698402], [101.137937, 4.699034], [101.137721, 4.699348], [101.137296, 4.699954], [101.136977, 4.700392], [101.136309, 4.701162], [101.135802, 4.701696], [101.135228, 4.702271], [101.134604, 4.702832], [101.133827, 4.703476], [101.133359, 4.703862], [101.133072, 4.704095], [101.13257, 4.70452], [101.132055, 4.704934], [101.131397, 4.705488], [101.130229, 4.706454], [101.129199, 4.707318], [101.128653, 4.707757], [101.127608, 4.708624], [101.127334, 4.708858], [101.127261, 4.708923], [101.127219, 4.70896], [101.12708, 4.709085], [101.126645, 4.709514], [101.126149, 4.710031], [101.125308, 4.711045], [101.125129, 4.711279], [101.124974, 4.711498], [101.12491, 4.711588], [101.124459, 4.71229], [101.124045, 4.713037], [101.123865, 4.713384], [101.123573, 4.713995], [101.123398, 4.714371], [101.123218, 4.714817], [101.123093, 4.715154], [101.122999, 4.715472], [101.122997, 4.715478], [101.122903, 4.715854], [101.122784, 4.716374], [101.122745, 4.716561], [101.122674, 4.716914], [101.122578, 4.717534], [101.122538, 4.717775], [101.122504, 4.718013], [101.122443, 4.718539], [101.122396, 4.719542], [101.122357, 4.720413], [101.12233, 4.721021], [101.122235, 4.723072], [101.12221, 4.723686], [101.122172, 4.724963], [101.122088, 4.726389], [101.122047, 4.727669], [101.121993, 4.729239], [101.121932, 4.73085], [101.121927, 4.731086], [101.121918, 4.731455], [101.121906, 4.731794], [101.121846, 4.733093], [101.121818, 4.734176], [101.121793, 4.734614], [101.121743, 4.735745], [101.121689, 4.736966], [101.121635, 4.738346], [101.121586, 4.739606], [101.1215, 4.741027], [101.121456, 4.741849], [101.121438, 4.742515], [101.121406, 4.743191], [101.1214, 4.743886], [101.121402, 4.744248], [101.121383, 4.744633], [101.121339, 4.745489], [101.121321, 4.745749], [101.121284, 4.746145], [101.121229, 4.746604], [101.121203, 4.746781], [101.121175, 4.746974], [101.121077, 4.747459], [101.121068, 4.747495], [101.120884, 4.748268], [101.120839, 4.748439], [101.120704, 4.748888], [101.120656, 4.749028], [101.120479, 4.749535], [101.120265, 4.750075], [101.120218, 4.750196], [101.120035, 4.750596], [101.119538, 4.751635], [101.119301, 4.752115], [101.118788, 4.753138], [101.118419, 4.753963], [101.118064, 4.754834], [101.117454, 4.756571], [101.117397, 4.756737], [101.117228, 4.757216], [101.117108, 4.757562], [101.116837, 4.758338], [101.116468, 4.759307], [101.116056, 4.760244], [101.115449, 4.761565], [101.114823, 4.762933], [101.114745, 4.763095], [101.11438, 4.763883], [101.11377, 4.765242], [101.113201, 4.766486], [101.112426, 4.768163], [101.112099, 4.768793], [101.111774, 4.769296], [101.111363, 4.769842], [101.111264, 4.769974], [101.110837, 4.77045], [101.110137, 4.771101], [101.109426, 4.771649], [101.10869, 4.772178], [101.107617, 4.772954], [101.106964, 4.77342], [101.106392, 4.77384], [101.105839, 4.774275], [101.105369, 4.774696], [101.104752, 4.775289], [101.104353, 4.775714], [101.103731, 4.776447], [101.103352, 4.776944], [101.103011, 4.777452], [101.10245, 4.778359], [101.101745, 4.779548], [101.101109, 4.780614], [101.100412, 4.781793], [101.099619, 4.783137], [101.098883, 4.78438], [101.098058, 4.785776], [101.097411, 4.786872], [101.096578, 4.788286], [101.095653, 4.789838], [101.094799, 4.791262], [101.093866, 4.792827], [101.093191, 4.793991], [101.092421, 4.795281], [101.091914, 4.796194], [101.091431, 4.797006], [101.090867, 4.797965], [101.090406, 4.798714], [101.089502, 4.800099], [101.088947, 4.800807], [101.08779, 4.802034], [101.087582, 4.802256], [101.086843, 4.802845], [101.086084, 4.803447], [101.085015, 4.804268], [101.08437, 4.80474], [101.083745, 4.805234], [101.083323, 4.805588], [101.08267, 4.806157], [101.08203, 4.806838], [101.081456, 4.80755], [101.080795, 4.808436], [101.080368, 4.809097], [101.079931, 4.809773], [101.079684, 4.81014], [101.07945, 4.810509], [101.079166, 4.811007], [101.078954, 4.811347], [101.078848, 4.811515], [101.078616, 4.811857], [101.078222, 4.812399], [101.077461, 4.81345], [101.076865, 4.814189], [101.076404, 4.814684], [101.07578, 4.815289], [101.075148, 4.815838], [101.074503, 4.816342], [101.074036, 4.816673], [101.073278, 4.81714], [101.072934, 4.817365], [101.071971, 4.817973], [101.071317, 4.818383], [101.071004, 4.818581], [101.070444, 4.818933], [101.070344, 4.818996], [101.069588, 4.81951], [101.069113, 4.819855], [101.068873, 4.820035], [101.068627, 4.820209], [101.068464, 4.820311], [101.067353, 4.821008], [101.066696, 4.821428], [101.065693, 4.822049], [101.064963, 4.822493], [101.064206, 4.822881], [101.063304, 4.82329], [101.061167, 4.824097], [101.058814, 4.824969], [101.057301, 4.825511], [101.056634, 4.825701], [101.055971, 4.825856], [101.054571, 4.826083], [101.053911, 4.826169], [101.052895, 4.826278], [101.051913, 4.826332], [101.050921, 4.826313], [101.050256, 4.826278], [101.04976, 4.826218], [101.049341, 4.82615], [101.049124, 4.826114], [101.048589, 4.826007], [101.047879, 4.825808], [101.047173, 4.825575], [101.04658, 4.82534], [101.045646, 4.824935], [101.042689, 4.823651], [101.041919, 4.823368], [101.04134, 4.823194], [101.040524, 4.823002], [101.040063, 4.822921], [101.039484, 4.822863], [101.039007, 4.822845], [101.03848, 4.822824], [101.037549, 4.822863], [101.037026, 4.822926], [101.036496, 4.82302], [101.035721, 4.823213], [101.034951, 4.82344], [101.03436, 4.823677], [101.033831, 4.823905], [101.033338, 4.824144], [101.032526, 4.82463], [101.031678, 4.825177], [101.029753, 4.826422], [101.028328, 4.827329], [101.026904, 4.828229], [101.025804, 4.828967], [101.024831, 4.829656], [101.023887, 4.830445], [101.022814, 4.831434], [101.022376, 4.831869], [101.021811, 4.832514], [101.020966, 4.833636], [101.020207, 4.834684], [101.019185, 4.835951], [101.018174, 4.836985], [101.017228, 4.837789], [101.016304, 4.838439], [101.015838, 4.838738], [101.015011, 4.839198], [101.013976, 4.839687], [101.011715, 4.840521], [101.009145, 4.84143], [101.005409, 4.842763], [101.002992, 4.843616], [101.000326, 4.844567], [101.000083, 4.844645], [100.999277, 4.844901], [100.997976, 4.845206], [100.997287, 4.845321], [100.996217, 4.845425], [100.995037, 4.84546], [100.994082, 4.84543], [100.993301, 4.845325], [100.991915, 4.845085], [100.990185, 4.84477], [100.987991, 4.844388], [100.986177, 4.84407], [100.984496, 4.843776], [100.983688, 4.843632], [100.983192, 4.843543], [100.982267, 4.843373], [100.981643, 4.843211], [100.981126, 4.843076], [100.979707, 4.842693], [100.977658, 4.842111], [100.975772, 4.841553], [100.973055, 4.840808], [100.970986, 4.840296], [100.970097, 4.840028], [100.968831, 4.839609], [100.968151, 4.839373], [100.967143, 4.838962], [100.966951, 4.838886], [100.965865, 4.838451], [100.964655, 4.837992], [100.963798, 4.837632], [100.960929, 4.836492], [100.960838, 4.836455], [100.959234, 4.835812], [100.958461, 4.835429], [100.957514, 4.834903], [100.956989, 4.83456], [100.956136, 4.833916], [100.95556, 4.833415], [100.955027, 4.832854], [100.954336, 4.832071], [100.953776, 4.831331], [100.953389, 4.83074], [100.953047, 4.830126], [100.952753, 4.829498], [100.952372, 4.82856], [100.95204, 4.827462], [100.951849, 4.826588], [100.951694, 4.825634], [100.951622, 4.824642], [100.95163, 4.821344], [100.951675, 4.81884], [100.951691, 4.816736], [100.951616, 4.815274], [100.951399, 4.81385], [100.951281, 4.813286], [100.951101, 4.812698], [100.950506, 4.811279], [100.95012, 4.810346], [100.949731, 4.809469], [100.949337, 4.808811], [100.948979, 4.808261], [100.948481, 4.807555], [100.947278, 4.806264], [100.946485, 4.805547], [100.945728, 4.804942], [100.944087, 4.803703], [100.943702, 4.803412], [100.943392, 4.803194], [100.943021, 4.802909], [100.942681, 4.802647], [100.942351, 4.802348], [100.941987, 4.801995], [100.941075, 4.801087], [100.940246, 4.80013], [100.939675, 4.799433], [100.938827, 4.798147], [100.937899, 4.796466], [100.937317, 4.79518], [100.937006, 4.79425], [100.936652, 4.793077], [100.936381, 4.791861], [100.936014, 4.78992], [100.935287, 4.785628], [100.935215, 4.784612], [100.935226, 4.782473], [100.935245, 4.780931], [100.935247, 4.780686], [100.935239, 4.780329], [100.935204, 4.779803], [100.93507, 4.77921], [100.934781, 4.778501], [100.934507, 4.778085], [100.934344, 4.777849], [100.934142, 4.777628], [100.933694, 4.777243], [100.933367, 4.777002], [100.932999, 4.776783], [100.932733, 4.776653], [100.932472, 4.776537], [100.931883, 4.77626], [100.931239, 4.775958], [100.930374, 4.775553], [100.928843, 4.774793], [100.928615, 4.774711], [100.928292, 4.774613], [100.928046, 4.774544], [100.927622, 4.774445], [100.927345, 4.774389], [100.927103, 4.774362], [100.926805, 4.774338], [100.926086, 4.774343], [100.925678, 4.774381], [100.922909, 4.7747], [100.920511, 4.774987], [100.916455, 4.77553], [100.909779, 4.776355], [100.909521, 4.776401], [100.909024, 4.776527], [100.908545, 4.776695], [100.907906, 4.776938], [100.907453, 4.777074], [100.906665, 4.777198], [100.906074, 4.777221], [100.90545, 4.777162], [100.905041, 4.777081], [100.904523, 4.776926], [100.904035, 4.776737], [100.903778, 4.776615], [100.903221, 4.776301], [100.902788, 4.775996], [100.9025, 4.775727], [100.901088, 4.774442], [100.900787, 4.774195], [100.900366, 4.773931], [100.900105, 4.773793], [100.899883, 4.773694], [100.899827, 4.773669], [100.899543, 4.773546], [100.899058, 4.773405], [100.898611, 4.773315], [100.898208, 4.773249], [100.897654, 4.773218], [100.897113, 4.773224], [100.896031, 4.773271], [100.894859, 4.773274], [100.894432, 4.773256], [100.893978, 4.773223], [100.893473, 4.773176], [100.892795, 4.773086], [100.89156, 4.772826], [100.891115, 4.772725], [100.885653, 4.771484], [100.884582, 4.771276], [100.883926, 4.771185], [100.883218, 4.771121], [100.882756, 4.771099], [100.881733, 4.771131], [100.880869, 4.77118], [100.88001, 4.771285], [100.879338, 4.771393], [100.879154, 4.771429], [100.8789, 4.771491], [100.878686, 4.771531], [100.878118, 4.771624], [100.877281, 4.771742], [100.875665, 4.77195], [100.874623, 4.772122], [100.873658, 4.772337], [100.872805, 4.772584], [100.871894, 4.772903], [100.871139, 4.773244], [100.869091, 4.77432], [100.868258, 4.77476], [100.86806, 4.774864], [100.867364, 4.77524], [100.866589, 4.775652], [100.865949, 4.775982], [100.865353, 4.776255], [100.864686, 4.776542], [100.864053, 4.776755], [100.863402, 4.776951], [100.862627, 4.777144], [100.862006, 4.777269], [100.861543, 4.777353], [100.857691, 4.778089], [100.857519, 4.77812], [100.857379, 4.778146], [100.854809, 4.778617], [100.854451, 4.778682], [100.854289, 4.778713], [100.853999, 4.778768], [100.852346, 4.779089], [100.851795, 4.779163], [100.850704, 4.779343], [100.849633, 4.779458], [100.848628, 4.779484], [100.848582, 4.779485], [100.847749, 4.779444], [100.846796, 4.779326], [100.844509, 4.778929], [100.842127, 4.778521], [100.841207, 4.778312], [100.840457, 4.778116], [100.840441, 4.778111], [100.840078, 4.777985], [100.837802, 4.777026], [100.837193, 4.776788], [100.83677, 4.776661], [100.835907, 4.776445], [100.835032, 4.776257], [100.834646, 4.77621], [100.8343, 4.776183], [100.833969, 4.776168], [100.833584, 4.776151], [100.832552, 4.77614], [100.828263, 4.776207], [100.824302, 4.776238], [100.818146, 4.776246], [100.803696, 4.776265], [100.801855, 4.776264], [100.800556, 4.776352], [100.799478, 4.776458], [100.798336, 4.776712], [100.797987, 4.77679], [100.797516, 4.77692], [100.795848, 4.777419], [100.795546, 4.777506], [100.795173, 4.777611], [100.789906, 4.779185], [100.778045, 4.782825], [100.775522, 4.78355], [100.769453, 4.785429], [100.768908, 4.785593], [100.768287, 4.785773], [100.767543, 4.78599], [100.766944, 4.786179], [100.766436, 4.786337], [100.76597, 4.78648], [100.765453, 4.786666], [100.764933, 4.786865], [100.764385, 4.787098], [100.763924, 4.787297], [100.763579, 4.787453], [100.763167, 4.787669], [100.762819, 4.787881], [100.762365, 4.788188], [100.761928, 4.788493], [100.76151, 4.788796], [100.761189, 4.789048], [100.758657, 4.79106], [100.757965, 4.791626], [100.757698, 4.791844], [100.754637, 4.794198], [100.752479, 4.795827], [100.751768, 4.796384], [100.751323, 4.796763], [100.74939, 4.798341], [100.749093, 4.798587], [100.748169, 4.799314], [100.747212, 4.800083], [100.745446, 4.801997], [100.744984, 4.802658], [100.74468, 4.803132], [100.742619, 4.806901], [100.742247, 4.807655], [100.741991, 4.808398], [100.741059, 4.811194], [100.739358, 4.816564], [100.739073, 4.817642], [100.738964, 4.818354], [100.738803, 4.819828], [100.738779, 4.820057], [100.738496, 4.822368], [100.738385, 4.822956], [100.738198, 4.82365], [100.737866, 4.82453], [100.737331, 4.825558], [100.73692, 4.826165], [100.736337, 4.826894], [100.730251, 4.83383], [100.729242, 4.834965], [100.729024, 4.835224], [100.728819, 4.835508], [100.728712, 4.835671], [100.728516, 4.836004], [100.72835, 4.836332], [100.728153, 4.836795], [100.727974, 4.837387], [100.727889, 4.837919], [100.727855, 4.838325], [100.727846, 4.838797], [100.727864, 4.839136], [100.72789, 4.839357], [100.727974, 4.84001], [100.728086, 4.840791], [100.728274, 4.842058], [100.728855, 4.845935], [100.729101, 4.847737], [100.729147, 4.848067], [100.729201, 4.848466], [100.729281, 4.848917], [100.729416, 4.849328], [100.729581, 4.849763], [100.729781, 4.85014], [100.730048, 4.850573], [100.730257, 4.850856], [100.730404, 4.851037], [100.730635, 4.851286], [100.731671, 4.852409], [100.732161, 4.852951], [100.732596, 4.85342], [100.733416, 4.854304], [100.733696, 4.85475], [100.733822, 4.854997], [100.733925, 4.855213], [100.734078, 4.855616], [100.734167, 4.85591], [100.734237, 4.856193], [100.734307, 4.856617], [100.734326, 4.856743], [100.734363, 4.857158], [100.734371, 4.857572], [100.734372, 4.857619], [100.734362, 4.857832], [100.734337, 4.858063], [100.734297, 4.858297], [100.734213, 4.85867], [100.734053, 4.859236], [100.733874, 4.859676], [100.733713, 4.860005], [100.733512, 4.860362], [100.731658, 4.86287], [100.730864, 4.86372], [100.730505, 4.86404], [100.729944, 4.86445], [100.729042, 4.865014], [100.728782, 4.86518], [100.728464, 4.865422], [100.728224, 4.86563], [100.727861, 4.865976], [100.72756, 4.866325], [100.727398, 4.866558], [100.727208, 4.866875], [100.72704, 4.867165], [100.726897, 4.867451], [100.726768, 4.867747], [100.726425, 4.868576], [100.726126, 4.869297], [100.725845, 4.870004], [100.7254, 4.871122], [100.722905, 4.876896], [100.721927, 4.879149], [100.721611, 4.879865], [100.721491, 4.880189], [100.721345, 4.88062], [100.721117, 4.881397], [100.720939, 4.882089], [100.720895, 4.882316], [100.720721, 4.883294], [100.720578, 4.88448], [100.720465, 4.885683], [100.720324, 4.886957], [100.720272, 4.887447], [100.720257, 4.887601], [100.720211, 4.888059], [100.720013, 4.889872], [100.719944, 4.89047], [100.719789, 4.891894], [100.719583, 4.893683], [100.719479, 4.894739], [100.719357, 4.895834], [100.718808, 4.900935], [100.718696, 4.901994], [100.71863, 4.902545], [100.718584, 4.903009], [100.71847, 4.903945], [100.718412, 4.904476], [100.718378, 4.904719], [100.718338, 4.904933], [100.718306, 4.905144], [100.71802, 4.907921], [100.717807, 4.909993], [100.717739, 4.910598], [100.717622, 4.91159], [100.71748, 4.912887], [100.716635, 4.92128], [100.716599, 4.921772], [100.716585, 4.921979], [100.716566, 4.922369], [100.716557, 4.92313], [100.716566, 4.923344], [100.716589, 4.923699], [100.716665, 4.924359], [100.716813, 4.925358], [100.717045, 4.926378], [100.717818, 4.929283], [100.718018, 4.930059], [100.718189, 4.930663], [100.718488, 4.931781], [100.718725, 4.932686], [100.718939, 4.933444], [100.719309, 4.93496], [100.720055, 4.937847], [100.720866, 4.940771], [100.723787, 4.95184], [100.724665, 4.955059], [100.724975, 4.956246], [100.726225, 4.960948], [100.726654, 4.962293], [100.726689, 4.962408], [100.726789, 4.962668], [100.727532, 4.964813], [100.730025, 4.972098], [100.730649, 4.973846], [100.731189, 4.975394], [100.732275, 4.978841], [100.732471, 4.979464], [100.732701, 4.98018], [100.732967, 4.9812], [100.733113, 4.981919], [100.733261, 4.982852], [100.733464, 4.984299], [100.733558, 4.984948], [100.733833, 4.986293], [100.733893, 4.986756], [100.733924, 4.987569], [100.733984, 4.9881], [100.734053, 4.988473], [100.734143, 4.988969], [100.734389, 4.991509], [100.734888, 4.995264], [100.735076, 4.996714], [100.735327, 4.998529], [100.735432, 4.999597], [100.735465, 5.000042], [100.735474, 5.000693], [100.735472, 5.001465], [100.735467, 5.0018], [100.735436, 5.002322], [100.735281, 5.003248], [100.735132, 5.003988], [100.734992, 5.004615], [100.734858, 5.00508], [100.734589, 5.005884], [100.73427, 5.006692], [100.733791, 5.007668], [100.733489, 5.008249], [100.732963, 5.009225], [100.732495, 5.010146], [100.731956, 5.011149], [100.731766, 5.011472], [100.731512, 5.011958], [100.731463, 5.012056], [100.731438, 5.0121], [100.730942, 5.013], [100.730635, 5.013554], [100.730064, 5.014464], [100.729814, 5.014823], [100.729628, 5.015082], [100.729179, 5.01565], [100.728837, 5.01604], [100.726451, 5.018561], [100.724756, 5.020383], [100.723718, 5.021482], [100.722842, 5.022455], [100.722362, 5.02294], [100.721531, 5.023822], [100.720505, 5.024896], [100.719788, 5.025644], [100.718909, 5.026407], [100.717357, 5.027727], [100.714851, 5.029867], [100.712567, 5.031831], [100.712206, 5.03215], [100.711339, 5.032848], [100.710403, 5.033504], [100.709215, 5.034191], [100.708344, 5.0346], [100.707568, 5.034906], [100.705772, 5.035507], [100.697093, 5.038249], [100.695071, 5.038865], [100.694361, 5.039035], [100.693663, 5.03917], [100.692733, 5.03928], [100.691776, 5.039303], [100.690125, 5.039316], [100.687221, 5.039304], [100.661568, 5.039113], [100.661205, 5.039109], [100.660831, 5.039113], [100.660433, 5.039129], [100.660085, 5.039153], [100.659766, 5.039175], [100.659452, 5.039208], [100.659175, 5.039244], [100.658818, 5.039299], [100.658491, 5.039345], [100.658098, 5.039431], [100.657526, 5.039563], [100.656279, 5.039927], [100.656001, 5.040016], [100.655425, 5.040201], [100.65473, 5.040413], [100.654148, 5.040579], [100.65222, 5.041124], [100.6518, 5.041233], [100.651384, 5.041323], [100.650916, 5.041411], [100.650444, 5.041486], [100.650005, 5.041546], [100.649566, 5.041593], [100.649169, 5.041633], [100.648826, 5.041658], [100.648229, 5.041676], [100.647557, 5.04167], [100.6468, 5.041638], [100.643402, 5.041454], [100.642727, 5.041429], [100.642287, 5.041429], [100.641848, 5.041435], [100.641418, 5.041447], [100.640989, 5.041465], [100.640076, 5.041529], [100.63924, 5.0416], [100.637867, 5.041696], [100.637173, 5.041749], [100.627878, 5.042429], [100.626962, 5.042505], [100.626667, 5.042539], [100.62631, 5.042586], [100.626008, 5.04262], [100.625627, 5.042648], [100.624252, 5.042742], [100.593661, 5.045], [100.593229, 5.045032], [100.592797, 5.045057], [100.59242, 5.045071], [100.591628, 5.045085], [100.591076, 5.045073], [100.590544, 5.045044], [100.58998, 5.045001], [100.589463, 5.044949], [100.588591, 5.044835], [100.5879, 5.044723], [100.587072, 5.044542], [100.586014, 5.04427], [100.584962, 5.043926], [100.584152, 5.043627], [100.583427, 5.043324], [100.58279, 5.043027], [100.582161, 5.042718], [100.581597, 5.042407], [100.581079, 5.042094], [100.58028, 5.041585], [100.579748, 5.041236], [100.549525, 5.020869], [100.549159, 5.02063], [100.548721, 5.02036], [100.54831, 5.020131], [100.547906, 5.01992], [100.547494, 5.019727], [100.546869, 5.019466], [100.546202, 5.01922], [100.545555, 5.019009], [100.544977, 5.018848], [100.544394, 5.018719], [100.543808, 5.018615], [100.543373, 5.018562], [100.542962, 5.018512], [100.542278, 5.018462], [100.541637, 5.018437], [100.540987, 5.018443], [100.540249, 5.018473], [100.539717, 5.01852], [100.539196, 5.018592], [100.538682, 5.018686], [100.538017, 5.018842], [100.537367, 5.019014], [100.536802, 5.019194], [100.536246, 5.019385], [100.535811, 5.01956], [100.535374, 5.019754], [100.53502, 5.019923], [100.534671, 5.020101], [100.534233, 5.020345], [100.53381, 5.020604], [100.533301, 5.020935], [100.532806, 5.021282], [100.532388, 5.021608], [100.531869, 5.022046], [100.531528, 5.022356], [100.531192, 5.022685], [100.530814, 5.023088], [100.530475, 5.023473], [100.530154, 5.023852], [100.529856, 5.024241], [100.529555, 5.024655], [100.529269, 5.025074], [100.529055, 5.025399], [100.528862, 5.025734], [100.527843, 5.027632], [100.527481, 5.028316], [100.527399, 5.028472], [100.527341, 5.028576], [100.522755, 5.037248], [100.517754, 5.046725], [100.514049, 5.053712], [100.509963, 5.061428], [100.499925, 5.080354], [100.497041, 5.085779], [100.495727, 5.088275], [100.49532, 5.089051], [100.495061, 5.089597], [100.4949, 5.089973], [100.494694, 5.090467], [100.494501, 5.090999], [100.494331, 5.091534], [100.494226, 5.091903], [100.49413, 5.092274], [100.494023, 5.092775], [100.493651, 5.094553], [100.49212, 5.101966], [100.491766, 5.103687], [100.491642, 5.104246], [100.48975, 5.113393], [100.489634, 5.113959], [100.489573, 5.114221], [100.489499, 5.114492], [100.489431, 5.114763], [100.489253, 5.115651], [100.486215, 5.130304], [100.486179, 5.130476], [100.486142, 5.130666], [100.483746, 5.142174], [100.483147, 5.145102], [100.482534, 5.148046], [100.482449, 5.148426], [100.482322, 5.148938], [100.482175, 5.149443], [100.482003, 5.149986], [100.481819, 5.150527], [100.481067, 5.152709], [100.480889, 5.153225], [100.480714, 5.153734], [100.480611, 5.15404], [100.480517, 5.154347], [100.480434, 5.154614], [100.480355, 5.154897], [100.48028, 5.155212], [100.480202, 5.155546], [100.480135, 5.155852], [100.480075, 5.156197], [100.480023, 5.156539], [100.479964, 5.157001], [100.479921, 5.157468], [100.479884, 5.15803], [100.479871, 5.158606], [100.479827, 5.160523], [100.479664, 5.168773], [100.479652, 5.169467], [100.47964, 5.170127], [100.479452, 5.179472], [100.47939, 5.182432], [100.479331, 5.186009], [100.47933, 5.186228], [100.479327, 5.18659], [100.479334, 5.186891], [100.479341, 5.18718], [100.479359, 5.187581], [100.479384, 5.187907], [100.479427, 5.188296], [100.479492, 5.188715], [100.479531, 5.18895], [100.479599, 5.189315], [100.479655, 5.189579], [100.479705, 5.189808], [100.479781, 5.190117], [100.479888, 5.190496], [100.479969, 5.190767], [100.480101, 5.191194], [100.480255, 5.19166], [100.480406, 5.192056], [100.480531, 5.192358], [100.480661, 5.192645], [100.480798, 5.192926], [100.481114, 5.193532], [100.481293, 5.193871], [100.48161, 5.194453], [100.481912, 5.195031], [100.482264, 5.19572], [100.482484, 5.196121], [100.483744, 5.198442], [100.484448, 5.19975], [100.486361, 5.203278], [100.486575, 5.203692], [100.486827, 5.204182], [100.487082, 5.20466], [100.487287, 5.205043], [100.487399, 5.205242], [100.487658, 5.205728], [100.488577, 5.207417], [100.489001, 5.20821], [100.489339, 5.208827], [100.489598, 5.209335], [100.489887, 5.209874], [100.490116, 5.210316], [100.490445, 5.210997], [100.490689, 5.21155], [100.490945, 5.212257], [100.49116, 5.212943], [100.491261, 5.213292], [100.491324, 5.213536], [100.491394, 5.213845], [100.491468, 5.214193], [100.491555, 5.214673], [100.491624, 5.215178], [100.491673, 5.215587], [100.491733, 5.216125], [100.491744, 5.216359], [100.491749, 5.216865], [100.491755, 5.217265], [100.491744, 5.217662], [100.491722, 5.218033], [100.491694, 5.218299], [100.491672, 5.218482], [100.4916, 5.219073], [100.491568, 5.219376], [100.491528, 5.219683], [100.491446, 5.220114], [100.491322, 5.220683], [100.491096, 5.221655], [100.489891, 5.227053], [100.489657, 5.228062], [100.488041, 5.235349], [100.487793, 5.23643], [100.487659, 5.237015], [100.487535, 5.237608], [100.487315, 5.238626], [100.486875, 5.240526], [100.48684, 5.240736], [100.486818, 5.2409], [100.486786, 5.241077], [100.485851, 5.245333], [100.485672, 5.246122], [100.484943, 5.249335], [100.48438, 5.251834], [100.484204, 5.252644], [100.482737, 5.25925], [100.482314, 5.261221], [100.481807, 5.26347], [100.481196, 5.266165], [100.480859, 5.267801], [100.48057, 5.269183], [100.480375, 5.2701], [100.480155, 5.271027], [100.478742, 5.277271], [100.478683, 5.27755], [100.478638, 5.277803], [100.478612, 5.277985], [100.478586, 5.278221], [100.478571, 5.278396], [100.478553, 5.27879], [100.478553, 5.278993], [100.478561, 5.279337], [100.478568, 5.279456], [100.478585, 5.279716], [100.478618, 5.279974], [100.478724, 5.28053], [100.478838, 5.280934], [100.478972, 5.281335], [100.479069, 5.281604], [100.479172, 5.28187], [100.479272, 5.282127], [100.48076, 5.285899], [100.480798, 5.285995], [100.480918, 5.286293], [100.482477, 5.290232], [100.482692, 5.290767], [100.482788, 5.291016], [100.482854, 5.2912], [100.482909, 5.291369], [100.482961, 5.29155], [100.483025, 5.291822], [100.483057, 5.29197], [100.483081, 5.292114], [100.483102, 5.29226], [100.483115, 5.292387], [100.48313, 5.292528], [100.48314, 5.292661], [100.48315, 5.292865], [100.483152, 5.293069], [100.483149, 5.293194], [100.483141, 5.293319], [100.483121, 5.293573], [100.483066, 5.293948], [100.48303, 5.294131], [100.482983, 5.294333], [100.482947, 5.294477], [100.482856, 5.294756], [100.482767, 5.294991], [100.482675, 5.295215], [100.482577, 5.295437], [100.470928, 5.321555], [100.470781, 5.321906], [100.470688, 5.322137], [100.470602, 5.32237], [100.470444, 5.322866], [100.470336, 5.323244], [100.470273, 5.323486], [100.470208, 5.323766], [100.470126, 5.324188], [100.470083, 5.324438], [100.470045, 5.32471], [100.470014, 5.324996], [100.469985, 5.325318], [100.469969, 5.325667], [100.46996, 5.326096], [100.469964, 5.32781], [100.469972, 5.329705], [100.469976, 5.330087], [100.469991, 5.33294], [100.470012, 5.339813], [100.469995, 5.340383], [100.469978, 5.34071], [100.469954, 5.341028], [100.469918, 5.341371], [100.469836, 5.341937], [100.469648, 5.342886], [100.469525, 5.343373], [100.46939, 5.343858], [100.468582, 5.346481], [100.468276, 5.347479], [100.468183, 5.347838], [100.46806, 5.348362], [100.467927, 5.348934], [100.467883, 5.349108], [100.467836, 5.349281], [100.467615, 5.350017], [100.467442, 5.350578], [100.467264, 5.351142], [100.467138, 5.351536], [100.466992, 5.351973], [100.466917, 5.352176], [100.46683, 5.352392], [100.466701, 5.352711], [100.466537, 5.353071], [100.466379, 5.353381], [100.466241, 5.353636], [100.466076, 5.353929], [100.465882, 5.354249], [100.465693, 5.354583], [100.465627, 5.354703], [100.465556, 5.354857], [100.465495, 5.355008], [100.465455, 5.355144], [100.465423, 5.355261], [100.465403, 5.355378], [100.465386, 5.355508], [100.465379, 5.355637], [100.465378, 5.355825], [100.4654, 5.35603], [100.465442, 5.356254], [100.4655, 5.356443], [100.465579, 5.356648], [100.465672, 5.35683], [100.465805, 5.357045], [100.465947, 5.357221], [100.46608, 5.357379], [100.466303, 5.35763], [100.466451, 5.357827], [100.466571, 5.357999], [100.466678, 5.358211], [100.466767, 5.358436], [100.466827, 5.358647], [100.466882, 5.358932], [100.46692, 5.359237], [100.467153, 5.361125], [100.467326, 5.362568], [100.46748, 5.363892], [100.467645, 5.365073], [100.467733, 5.365742], [100.467779, 5.366116], [100.467803, 5.366335], [100.467821, 5.366553], [100.467858, 5.367092], [100.467874, 5.367372], [100.467895, 5.367714], [100.467926, 5.368084], [100.468264, 5.370758], [100.4689, 5.375867], [100.471042, 5.393055], [100.472037, 5.400977], [100.472084, 5.401395], [100.472137, 5.401812], [100.472204, 5.402238], [100.472309, 5.402924], [100.472421, 5.403548], [100.472548, 5.404174], [100.472677, 5.404751], [100.47282, 5.405336], [100.472947, 5.405858], [100.47309, 5.406377], [100.473192, 5.40673], [100.473299, 5.407083], [100.473445, 5.407547], [100.4736, 5.40801], [100.473728, 5.408385], [100.473863, 5.40876], [100.474011, 5.409139], [100.474129, 5.409454], [100.47577, 5.413829], [100.476005, 5.414454], [100.476244, 5.41508], [100.476491, 5.415729], [100.476667, 5.416174], [100.476847, 5.416612], [100.476976, 5.416907], [100.477109, 5.417196], [100.477235, 5.417452], [100.477371, 5.417722], [100.477489, 5.417944], [100.47763, 5.418192], [100.477762, 5.418422], [100.477971, 5.418759], [100.478166, 5.41906], [100.478522, 5.419598], [100.483767, 5.427684], [100.484081, 5.428165], [100.484404, 5.428644], [100.484661, 5.429045], [100.484925, 5.429444], [100.48519, 5.429839], [100.485459, 5.430233], [100.485839, 5.430832], [100.487005, 5.432624], [100.487267, 5.433029], [100.487494, 5.433437], [100.487737, 5.433883], [100.488073, 5.43449], [100.488252, 5.434829], [100.488414, 5.435175], [100.488594, 5.435598], [100.488744, 5.43603], [100.488979, 5.436674], [100.489147, 5.437161], [100.489271, 5.437563], [100.489373, 5.437958], [100.489468, 5.438358], [100.491653, 5.446541], [100.492998, 5.451667], [100.494064, 5.455683], [100.496272, 5.464241], [100.496362, 5.464621], [100.496427, 5.464964], [100.496482, 5.465305], [100.496524, 5.465646], [100.496556, 5.466045], [100.496562, 5.466435], [100.496549, 5.466843], [100.496511, 5.467221], [100.496477, 5.467526], [100.496428, 5.467958], [100.496381, 5.4683], [100.496255, 5.469182], [100.496201, 5.469597], [100.496064, 5.470424], [100.496015, 5.470753], [100.495979, 5.471085], [100.495946, 5.471465], [100.495934, 5.471834], [100.495931, 5.472196], [100.495941, 5.47292], [100.495952, 5.473281], [100.495976, 5.473671], [100.496013, 5.474088], [100.496059, 5.474424], [100.496116, 5.474759], [100.496178, 5.475142], [100.496225, 5.475427], [100.496282, 5.475709], [100.496331, 5.475936], [100.496389, 5.476161], [100.496455, 5.476421], [100.496526, 5.476688], [100.496578, 5.476889], [100.496637, 5.477092], [100.496829, 5.47779], [100.496905, 5.478078], [100.497007, 5.47848], [100.497449, 5.480128], [100.49797, 5.482002], [100.498, 5.48211], [100.498067, 5.482357], [100.498706, 5.484782], [100.498794, 5.485152], [100.498933, 5.485727], [100.499764, 5.488827], [100.499924, 5.489372], [100.500155, 5.490184], [100.500516, 5.491546], [100.500577, 5.491801], [100.5006, 5.49191], [100.500623, 5.49202], [100.500651, 5.492148], [100.500702, 5.49236], [100.507397, 5.517348], [100.507474, 5.517655], [100.507597, 5.518145], [100.507694, 5.518575], [100.507747, 5.518887], [100.507802, 5.519357], [100.507824, 5.51961], [100.507842, 5.51991], [100.507847, 5.520194], [100.507846, 5.520462], [100.507835, 5.520748], [100.507814, 5.521006], [100.507773, 5.521402], [100.507731, 5.521684], [100.507698, 5.521872], [100.507659, 5.52208], [100.507621, 5.522253], [100.507569, 5.522484], [100.507516, 5.522699], [100.507433, 5.522992], [100.507133, 5.524063], [100.506981, 5.524594], [100.50582, 5.528654], [100.500855, 5.546311], [100.500736, 5.546779], [100.500635, 5.547171], [100.500565, 5.547492], [100.500488, 5.547852], [100.500409, 5.548268], [100.500344, 5.548643], [100.500283, 5.548996], [100.500223, 5.549386], [100.500165, 5.549762], [100.500124, 5.550061], [100.498832, 5.557932], [100.498585, 5.559406], [100.498463, 5.560147], [100.498347, 5.560886], [100.498237, 5.561577], [100.497696, 5.564816], [100.497231, 5.567554], [100.496732, 5.570708], [100.496216, 5.573684], [100.495711, 5.576761], [100.495466, 5.578375], [100.495228, 5.579786], [100.494956, 5.58118], [100.494856, 5.581748], [100.494457, 5.584353], [100.494369, 5.584989], [100.494147, 5.586403], [100.493855, 5.588406], [100.493804, 5.588714], [100.493161, 5.592571], [100.493042, 5.593311], [100.493005, 5.593666], [100.492975, 5.594004], [100.492962, 5.59435], [100.492946, 5.594945], [100.492944, 5.595074], [100.492944, 5.595395], [100.492954, 5.595577], [100.492972, 5.595813], [100.493028, 5.596501], [100.493094, 5.597025], [100.493194, 5.597613], [100.493312, 5.598215], [100.4935, 5.599143], [100.493598, 5.599555], [100.494417, 5.603109], [100.495319, 5.60708], [100.496264, 5.611288], [100.496372, 5.611767], [100.496647, 5.612899], [100.496727, 5.61328], [100.496764, 5.613497], [100.496824, 5.613935], [100.496889, 5.614534], [100.496908, 5.614867], [100.496906, 5.615413], [100.496895, 5.615799], [100.496868, 5.616223], [100.496842, 5.616488], [100.496808, 5.616752], [100.496769, 5.617008], [100.496723, 5.617264], [100.49663, 5.617678], [100.49651, 5.61811], [100.496394, 5.618461], [100.496257, 5.61884], [100.496097, 5.619246], [100.495921, 5.619672], [100.494801, 5.622319], [100.494675, 5.622624], [100.489804, 5.634293], [100.489706, 5.63453], [100.489583, 5.634846], [100.489464, 5.635185], [100.489388, 5.635459], [100.489334, 5.635685], [100.489287, 5.635915], [100.489242, 5.636169], [100.489203, 5.636435], [100.489178, 5.636665], [100.48917, 5.636831], [100.48916, 5.637071], [100.489158, 5.637312], [100.489166, 5.637666], [100.489184, 5.637897], [100.489219, 5.638208], [100.489265, 5.638518], [100.489358, 5.639067], [100.489925, 5.642402], [100.490002, 5.642877], [100.490145, 5.643724], [100.490569, 5.646135], [100.491243, 5.650037], [100.491375, 5.650869], [100.491782, 5.653244], [100.492015, 5.654633], [100.493585, 5.663837], [100.493947, 5.665945], [100.494242, 5.667672], [100.495544, 5.67527], [100.495616, 5.675677], [100.4957, 5.676084], [100.49582, 5.676524], [100.495954, 5.676965], [100.496074, 5.677326], [100.496218, 5.677727], [100.496409, 5.678185], [100.496636, 5.678669], [100.496772, 5.678927], [100.496915, 5.679184], [100.497069, 5.679439], [100.497226, 5.679694], [100.497449, 5.68003], [100.507237, 5.694386], [100.507451, 5.6947], [100.507648, 5.695003], [100.507817, 5.695277], [100.507983, 5.695559], [100.508143, 5.695846], [100.508297, 5.69613], [100.508475, 5.696495], [100.50863, 5.696828], [100.508772, 5.697162], [100.508922, 5.69753], [100.509057, 5.697888], [100.509161, 5.698191], [100.509252, 5.698481], [100.509322, 5.698709], [100.509381, 5.698936], [100.509524, 5.699485], [100.51171, 5.708122], [100.511819, 5.708553], [100.513866, 5.716633], [100.513933, 5.716891], [100.513995, 5.717147], [100.514136, 5.717715], [100.514201, 5.718001], [100.514256, 5.718287], [100.514305, 5.718602], [100.514342, 5.718894], [100.514369, 5.719195], [100.514383, 5.719496], [100.514389, 5.71974], [100.514388, 5.720008], [100.514379, 5.720274], [100.514358, 5.720574], [100.514319, 5.720926], [100.51427, 5.721261], [100.514213, 5.721569], [100.514149, 5.721859], [100.514067, 5.722179], [100.513976, 5.722487], [100.513881, 5.722769], [100.513764, 5.723085], [100.513648, 5.723388], [100.513534, 5.723684], [100.513331, 5.724208], [100.511506, 5.728942], [100.511382, 5.729266], [100.508025, 5.737966], [100.507945, 5.738171], [100.503045, 5.750892], [100.502891, 5.751288], [100.502731, 5.751687], [100.502629, 5.751948], [100.502519, 5.752208], [100.502349, 5.752588], [100.502185, 5.752941], [100.502015, 5.753292], [100.501829, 5.753669], [100.49954, 5.758381], [100.499397, 5.758669], [100.495502, 5.76668], [100.495348, 5.76701], [100.49522, 5.767291], [100.495097, 5.767575], [100.494964, 5.767905], [100.494843, 5.768223], [100.494745, 5.768463], [100.49465, 5.768708], [100.493368, 5.772013], [100.493246, 5.772333], [100.491033, 5.778079], [100.490933, 5.778335], [100.490645, 5.779088], [100.490503, 5.779463], [100.490351, 5.779837], [100.490176, 5.780299], [100.489992, 5.780757], [100.489835, 5.781141], [100.489666, 5.781521], [100.489538, 5.781801], [100.489401, 5.782083], [100.489218, 5.78245], [100.489017, 5.782843], [100.484581, 5.791734], [100.484493, 5.791909], [100.484176, 5.792566], [100.483989, 5.79296], [100.48379, 5.793412], [100.483588, 5.793903], [100.483437, 5.794297], [100.483266, 5.794762], [100.483125, 5.795193], [100.482987, 5.79566], [100.482902, 5.795973], [100.482822, 5.796289], [100.47952, 5.809664], [100.479422, 5.810068], [100.479302, 5.8106], [100.479185, 5.811134], [100.479132, 5.811431], [100.479084, 5.811729], [100.479033, 5.81208], [100.478991, 5.81242], [100.478953, 5.812757], [100.478932, 5.812987], [100.478417, 5.819139], [100.478401, 5.819333], [100.478291, 5.820642], [100.477954, 5.824436], [100.477934, 5.824653], [100.47792, 5.824807], [100.477514, 5.829964], [100.47728, 5.832777], [100.477244, 5.833212], [100.47696, 5.836625], [100.476939, 5.836918], [100.47692, 5.837176], [100.476904, 5.837441], [100.47689, 5.837714], [100.476877, 5.838041], [100.476875, 5.838394], [100.476876, 5.843794], [100.476876, 5.844158], [100.476918, 5.865631], [100.476917, 5.865854], [100.476952, 5.88878], [100.476954, 5.889146], [100.47695, 5.889508], [100.476933, 5.889881], [100.476915, 5.890185], [100.476885, 5.890564], [100.476849, 5.890943], [100.476774, 5.891472], [100.476672, 5.892041], [100.476543, 5.892605], [100.47641, 5.893109], [100.476301, 5.893483], [100.476178, 5.893841], [100.476028, 5.894252], [100.474156, 5.899145], [100.473994, 5.899573], [100.471757, 5.905391], [100.471593, 5.905826], [100.468309, 5.914365], [100.468274, 5.914458], [100.460128, 5.935641], [100.460061, 5.935817], [100.45856, 5.939728], [100.45845, 5.940024], [100.458339, 5.940301], [100.458223, 5.940577], [100.458052, 5.94097], [100.457892, 5.941329], [100.45772, 5.941685], [100.457536, 5.942032], [100.457385, 5.942316], [100.457238, 5.942598], [100.457102, 5.94284], [100.456963, 5.943079], [100.450559, 5.954412], [100.45051, 5.9545], [100.441194, 5.970984], [100.441119, 5.971117], [100.440891, 5.971513], [100.440593, 5.972048], [100.440223, 5.972696], [100.434035, 5.983654], [100.433848, 5.983988], [100.412087, 6.022498], [100.411988, 6.022675], [100.409546, 6.026986], [100.408959, 6.028023], [100.408239, 6.029294], [100.403644, 6.037424], [100.402953, 6.038647], [100.402741, 6.039028], [100.40264, 6.039219], [100.402588, 6.039324], [100.402503, 6.039496], [100.402438, 6.039622], [100.402361, 6.03977], [100.381625, 6.07644], [100.381326, 6.076969], [100.381086, 6.077399], [100.380867, 6.077795], [100.38064, 6.078195], [100.380405, 6.078629], [100.380178, 6.079065], [100.379971, 6.079483], [100.379772, 6.079908], [100.379634, 6.080218], [100.379497, 6.080524], [100.379323, 6.080906], [100.379141, 6.081284], [100.379012, 6.081548], [100.378833, 6.081893], [100.378619, 6.082285], [100.37837, 6.082723], [100.378166, 6.083082], [100.377932, 6.083499], [100.371379, 6.095045], [100.371035, 6.095655], [100.36757, 6.101781], [100.367415, 6.102054], [100.367294, 6.102277], [100.367177, 6.102505], [100.367052, 6.102797], [100.366929, 6.103112], [100.366842, 6.103394], [100.366759, 6.103709], [100.366702, 6.103992], [100.366656, 6.104283], [100.366626, 6.104589], [100.366614, 6.104811], [100.366609, 6.105033], [100.366613, 6.105247], [100.366627, 6.105461], [100.366644, 6.105678], [100.366669, 6.105879], [100.366708, 6.106116], [100.366755, 6.106333], [100.366811, 6.106554], [100.366872, 6.106774], [100.366942, 6.106982], [100.367033, 6.10722], [100.367141, 6.10747], [100.367299, 6.107825], [100.367843, 6.109026], [100.368331, 6.110128], [100.369371, 6.112387], [100.369653, 6.113017], [100.369936, 6.113645], [100.377756, 6.130857], [100.377848, 6.131057], [100.379181, 6.133988], [100.379344, 6.134346], [100.379607, 6.134963], [100.379852, 6.135582], [100.379981, 6.135948], [100.380094, 6.136317], [100.380233, 6.136815], [100.380354, 6.137312], [100.380443, 6.137747], [100.38052, 6.13818], [100.380581, 6.138596], [100.380634, 6.13905], [100.380675, 6.139504], [100.380696, 6.139933], [100.380702, 6.140359], [100.380699, 6.14085], [100.380696, 6.141341], [100.380676, 6.141687], [100.38065, 6.142042], [100.379436, 6.15941], [100.379413, 6.159739], [100.378424, 6.174225], [100.378389, 6.174684], [100.378335, 6.17518], [100.378284, 6.175582], [100.378215, 6.176041], [100.378141, 6.176387], [100.378063, 6.176732], [100.377992, 6.177036], [100.377934, 6.177259], [100.377833, 6.177604], [100.377735, 6.177938], [100.377604, 6.178327], [100.377477, 6.178673], [100.377347, 6.179017], [100.377194, 6.179374], [100.377037, 6.179719], [100.376904, 6.179995], [100.376765, 6.18027], [100.376629, 6.18052], [100.376485, 6.180769], [100.376315, 6.181059], [100.376137, 6.181347], [100.375883, 6.181755], [100.375621, 6.182164], [100.37541, 6.182488], [100.375196, 6.182811], [100.374872, 6.183294], [100.374485, 6.183862], [100.374415, 6.183965], [100.373988, 6.184609], [100.371427, 6.188465], [100.371252, 6.18874], [100.371075, 6.189017], [100.370898, 6.189296], [100.370734, 6.189558], [100.370577, 6.189834], [100.370469, 6.190036], [100.370368, 6.19024], [100.37025, 6.190487], [100.37013, 6.190728], [100.370021, 6.190969], [100.369842, 6.191398], [100.369679, 6.19181], [100.369563, 6.192129], [100.36946, 6.192448], [100.369365, 6.19276], [100.369276, 6.193069], [100.369172, 6.193474], [100.369096, 6.193829], [100.369031, 6.194128], [100.367852, 6.199838], [100.367712, 6.200515], [100.363636, 6.2205], [100.363597, 6.220661], [100.363572, 6.220763], [100.363512, 6.220983], [100.363478, 6.221125], [100.363436, 6.221301], [100.363349, 6.221727], [100.363067, 6.223108], [100.361198, 6.232263], [100.360915, 6.23365], [100.360828, 6.234076], [100.359169, 6.242197], [100.359108, 6.242508], [100.358852, 6.243775], [100.358814, 6.243962], [100.353617, 6.269432], [100.349621, 6.288949], [100.34955, 6.289305], [100.344896, 6.312095], [100.344825, 6.312424], [100.34475, 6.312756], [100.344633, 6.313178], [100.344498, 6.313601], [100.344395, 6.313915], [100.344271, 6.314251], [100.344141, 6.314584], [100.343996, 6.314945], [100.343836, 6.315299], [100.343726, 6.315529], [100.343613, 6.315754], [100.343447, 6.316074], [100.343274, 6.316392], [100.343125, 6.316648], [100.342948, 6.316939], [100.342709, 6.317304], [100.342437, 6.317703], [100.342258, 6.317951], [100.342079, 6.318193], [100.334644, 6.328133], [100.33446, 6.32838], [100.303333, 6.37007], [100.302821, 6.37075], [100.302236, 6.371532], [100.301427, 6.372613], [100.301243, 6.372859], [100.279258, 6.402268], [100.278935, 6.402721], [100.278649, 6.403149], [100.278367, 6.403612], [100.278113, 6.404062], [100.277857, 6.404564], [100.27762, 6.405057], [100.277401, 6.405574], [100.277203, 6.406095], [100.27707, 6.406471], [100.27694, 6.406851], [100.272884, 6.418625], [100.272755, 6.418998], [100.271246, 6.423369], [100.271069, 6.423896], [100.269942, 6.427176], [100.269796, 6.427599], [100.269732, 6.427804], [100.269691, 6.42795], [100.269641, 6.428126], [100.26961, 6.428236], [100.269562, 6.428395], [100.26937, 6.428933], [100.268946, 6.43013], [100.268536, 6.431331], [100.268337, 6.43191], [100.268092, 6.432621], [100.266334, 6.437781], [100.266144, 6.43832], [100.265457, 6.440311], [100.262376, 6.449238], [100.26222, 6.44969], [100.25756, 6.463235], [100.254773, 6.471304], [100.254626, 6.471729], [100.254498, 6.472104], [100.254382, 6.472486], [100.254249, 6.472982], [100.254128, 6.47348], [100.254022, 6.473968], [100.253935, 6.474454], [100.253864, 6.474947], [100.253819, 6.475402], [100.25379, 6.47581], [100.25377, 6.476167], [100.25376, 6.476494], [100.253757, 6.476807], [100.253378, 6.500069], [100.25337, 6.500552], [100.253352, 6.501626], [100.253353, 6.501881], [100.253364, 6.502271], [100.253384, 6.50266], [100.253412, 6.50304], [100.253441, 6.503326], [100.253472, 6.503601], [100.2535, 6.5038], [100.253531, 6.503998], [100.255426, 6.515045], [100.256067, 6.518781], [100.256099, 6.518978], [100.256309, 6.520167], [100.256876, 6.523511], [100.257933, 6.529713], [100.258032, 6.530277], [100.258363, 6.532224], [100.259739, 6.540158], [100.259813, 6.540576], [100.259867, 6.540958], [100.25993, 6.541364], [100.259978, 6.541733], [100.260024, 6.542103], [100.260056, 6.542467], [100.260077, 6.542828], [100.260095, 6.543234], [100.260102, 6.543628], [100.260092, 6.544179], [100.260079, 6.544537], [100.259102, 6.568336], [100.259092, 6.568653], [100.259087, 6.569022], [100.259091, 6.569449], [100.259109, 6.569883], [100.259141, 6.570385], [100.25919, 6.570889], [100.259247, 6.571326], [100.259311, 6.571719], [100.259394, 6.57217], [100.259492, 6.572577], [100.259585, 6.572938], [100.259683, 6.573267], [100.259787, 6.573602], [100.259923, 6.574025], [100.260031, 6.574313], [100.260137, 6.574583], [100.261201, 6.577365], [100.261382, 6.577869], [100.261541, 6.578356], [100.261707, 6.578915], [100.261825, 6.579391], [100.261915, 6.579802], [100.262, 6.580241], [100.26206, 6.580666], [100.262117, 6.581075], [100.262159, 6.581446], [100.262207, 6.581902], [100.262242, 6.582303], [100.263111, 6.591519], [100.263155, 6.592004], [100.263188, 6.592441], [100.26321, 6.592845], [100.263221, 6.593253], [100.263224, 6.593654], [100.263223, 6.594121], [100.263267, 6.60548], [100.263276, 6.606069], [100.263305, 6.606656], [100.263365, 6.607208], [100.26343, 6.607716], [100.265136, 6.619745], [100.26521, 6.620225], [100.26528, 6.620679], [100.265367, 6.621113], [100.265463, 6.621527], [100.265569, 6.621943], [100.265693, 6.622364], [100.265858, 6.622856], [100.26601, 6.623272], [100.266184, 6.623697], [100.266349, 6.624074], [100.266517, 6.624432], [100.266716, 6.624824], [100.266934, 6.625218], [100.267153, 6.625586], [100.267401, 6.625987], [100.267678, 6.626403], [100.267976, 6.626802], [100.268294, 6.627203], [100.268615, 6.627592], [100.268994, 6.628], [100.269354, 6.628374], [100.26972, 6.62872], [100.270108, 6.629062], [100.270568, 6.629442], [100.271007, 6.629782], [100.27148, 6.630136], [100.271895, 6.630449], [100.284996, 6.64017], [100.285375, 6.64046], [100.292353, 6.645643], [100.292759, 6.645944], [100.293993, 6.646858], [100.294342, 6.647122], [100.294705, 6.647378], [100.294978, 6.647564], [100.29527, 6.647744], [100.295628, 6.647953], [100.295992, 6.648161], [100.296315, 6.648324], [100.296662, 6.648487], [100.296996, 6.648631], [100.297325, 6.648762], [100.2977, 6.648894], [100.298072, 6.64901], [100.298415, 6.649102], [100.298698, 6.649175], [100.300317, 6.649592], [100.300633, 6.649671], [100.300932, 6.649755], [100.301457, 6.649931], [100.301892, 6.650098], [100.302278, 6.650281], [100.302661, 6.650479], [100.302961, 6.65065], [100.303264, 6.650845], [100.303528, 6.651023], [100.308805, 6.65464], [100.309472, 6.655098], [100.309868, 6.655369], [100.310041, 6.655497], [100.310154, 6.655582], [100.310266, 6.655673], [100.310366, 6.655752], [100.310532, 6.655873], [100.312195, 6.657017], [100.312329, 6.657121], [100.31246, 6.657231], [100.312603, 6.657351], [100.312753, 6.657466], [100.31293, 6.657589], [100.313217, 6.65778], [100.313483, 6.657949], [100.313796, 6.65814], [100.314953, 6.658805], [100.315298, 6.659011], [100.315606, 6.659213], [100.315896, 6.65943], [100.316197, 6.659679], [100.316372, 6.659808], [100.316484, 6.65988], [100.316648, 6.659991], [100.316844, 6.660136], [100.31702, 6.660282], [100.317194, 6.660433], [100.319231, 6.662296], [100.319341, 6.662395], [100.319823, 6.662807], [100.319888, 6.662858], [100.320475, 6.663306], [100.320522, 6.663343], [100.32107, 6.663767], [100.321325, 6.663964], [100.321582, 6.664166], [100.32175, 6.664306], [100.321907, 6.664453], [100.322024, 6.664574], [100.322132, 6.664704], [100.32225, 6.664877], [100.322365, 6.665054], [100.322464, 6.665224], [100.322477, 6.665252], [100.322761, 6.665815], [100.3236, 6.667466], [100.323805, 6.66784], [100.323959, 6.668097], [100.324135, 6.668344], [100.32487, 6.669319], [100.325292, 6.669856], [100.326178, 6.671073], [100.327954, 6.673481], [100.328163, 6.673762], [100.328434, 6.674099], [100.328685, 6.674389], [100.328967, 6.674689], [100.329283, 6.674988], [100.329593, 6.675261], [100.329928, 6.67553], [100.330345, 6.67584], [100.33877, 6.682275], [100.339071, 6.682506], [100.339415, 6.682779], [100.339747, 6.683057], [100.340046, 6.68332], [100.340341, 6.683583], [100.341384, 6.68451], [100.347818, 6.690221], [100.348135, 6.69051], [100.348468, 6.690829], [100.348767, 6.691148], [100.349022, 6.691439], [100.34931, 6.691809], [100.349596, 6.692217], [100.349624, 6.692259], [100.349861, 6.692648], [100.350075, 6.693047], [100.350325, 6.693575], [100.350964, 6.695008], [100.35209, 6.69753], [100.354702, 6.703359], [100.355279, 6.704656], [100.355469, 6.705111], [100.355647, 6.705615], [100.355773, 6.706071], [100.355889, 6.706552], [100.356211, 6.707948], [100.35657, 6.709544], [100.356661, 6.709916], [100.356759, 6.710282], [100.356893, 6.710692], [100.357036, 6.711054], [100.357209, 6.711415], [100.357378, 6.71173], [100.357585, 6.712074], [100.357798, 6.712382], [100.358039, 6.712704], [100.358323, 6.713035], [100.358602, 6.713329], [100.35887, 6.713579], [100.359139, 6.713807], [100.359428, 6.71403], [100.359808, 6.714289], [100.360212, 6.71455], [100.360676, 6.714839], [100.361076, 6.715095], [100.36497, 6.717659], [100.365316, 6.717885], [100.365673, 6.718125], [100.366034, 6.718384], [100.36639, 6.718667], [100.366616, 6.718864], [100.366891, 6.719137], [100.367127, 6.719391], [100.367371, 6.719678], [100.367581, 6.719941], [100.367805, 6.720239], [100.368097, 6.720642], [100.369596, 6.722786], [100.370205, 6.723574], [100.372536, 6.72682], [100.372983, 6.72743], [100.373397, 6.727974], [100.373825, 6.72851], [100.376391, 6.731754], [100.376475, 6.731859], [100.380532, 6.736988], [100.38061, 6.737086], [100.382635, 6.739656], [100.382874, 6.739957], [100.383133, 6.740241], [100.383399, 6.740517], [100.383647, 6.740755], [100.383906, 6.740987], [100.384264, 6.741277], [100.384641, 6.74157], [100.387485, 6.743681], [100.387812, 6.743923], [100.388127, 6.744142], [100.388497, 6.744374], [100.389072, 6.744698], [100.389688, 6.745035], [100.393254, 6.746978], [100.396628, 6.748812], [100.397106, 6.749086], [100.400755, 6.75109], [100.400805, 6.751117], [100.410354, 6.756344], [100.413754, 6.758206], [100.414122, 6.758405], [100.41458, 6.75866], [100.414993, 6.758903], [100.421509, 6.762932], [100.423791, 6.764476], [100.423843, 6.764511], [100.427285, 6.766861], [100.427306, 6.766876], [100.427933, 6.767302], [100.428179, 6.767468], [100.428439, 6.767633], [100.428696, 6.767787], [100.42899, 6.767954], [100.429291, 6.768099], [100.429603, 6.768237], [100.429757, 6.768298], [100.430131, 6.768441], [100.430499, 6.768568], [100.430896, 6.768704], [100.437176, 6.770832], [100.441352, 6.772263], [100.44158, 6.772347], [100.441902, 6.772475], [100.442209, 6.772615], [100.442544, 6.772787], [100.442801, 6.772938], [100.443056, 6.773099], [100.443318, 6.773275], [100.443578, 6.773466], [100.443955, 6.773788], [100.444256, 6.774082], [100.444488, 6.774338], [100.44469, 6.774582], [100.44488, 6.774831], [100.445073, 6.775107], [100.445258, 6.775395], [100.445504, 6.775819], [100.445785, 6.7763], [100.446225, 6.777036], [100.446502, 6.777518], [100.448082, 6.780224], [100.448289, 6.780585], [100.448478, 6.780941], [100.448665, 6.781331], [100.448852, 6.781745], [100.449757, 6.783794], [100.449872, 6.78406], [100.45009, 6.784597], [100.450792, 6.786215], [100.451269, 6.787304], [100.451509, 6.787874], [100.45157, 6.788041], [100.451617, 6.788186], [100.451657, 6.788306], [100.451733, 6.788514], [100.451823, 6.788766], [100.451903, 6.789009], [100.451991, 6.789274], [100.452519, 6.791013], [100.452769, 6.791838], [100.452832, 6.792014], [100.452887, 6.792155], [100.452939, 6.792297], [100.453003, 6.792483], [100.453093, 6.79277], [100.453129, 6.792893], [100.453181, 6.79305], [100.457191, 6.806368], [100.45726, 6.806587], [100.460162, 6.816325], [100.461535, 6.820875], [100.461743, 6.821549], [100.461923, 6.822141], [100.462062, 6.822536], [100.46219, 6.82288], [100.462331, 6.823239], [100.462464, 6.823578], [100.462632, 6.823962], [100.462799, 6.824322], [100.466462, 6.832008], [100.466548, 6.832184], [100.468144, 6.835521], [100.469712, 6.838838], [100.471717, 6.843039], [100.471752, 6.843112], [100.47217, 6.843984], [100.472333, 6.844348], [100.472493, 6.844745], [100.472611, 6.84509], [100.47273, 6.845489], [100.47284, 6.845941], [100.472913, 6.846276], [100.472968, 6.846595], [100.472998, 6.846787], [100.473024, 6.847028], [100.473038, 6.847276], [100.473051, 6.84762], [100.473052, 6.848014], [100.473044, 6.848333], [100.473028, 6.848584], [100.472997, 6.848889], [100.472963, 6.849204], [100.472662, 6.851818], [100.472612, 6.852273], [100.472021, 6.857313], [100.471712, 6.85997], [100.471549, 6.86155], [100.471511, 6.86182], [100.471452, 6.862251], [100.471407, 6.862626], [100.471331, 6.863276], [100.471293, 6.863592], [100.471255, 6.863943], [100.47123, 6.864279], [100.471219, 6.86462], [100.471223, 6.864942], [100.471235, 6.865238], [100.471256, 6.865603], [100.471337, 6.866778], [100.471542, 6.870238], [100.471659, 6.872468], [100.472367, 6.884165], [100.472422, 6.885038], [100.472436, 6.885228], [100.472457, 6.885518], [100.472468, 6.885791], [100.472464, 6.886106], [100.472449, 6.886425], [100.472424, 6.886698], [100.472382, 6.887077], [100.472341, 6.887363], [100.472281, 6.887688], [100.472202, 6.888035], [100.472123, 6.888345], [100.472038, 6.888633], [100.471675, 6.889849], [100.471513, 6.890386], [100.470667, 6.893265], [100.470591, 6.893519], [100.470502, 6.893828], [100.470411, 6.894221], [100.470343, 6.894569], [100.470284, 6.894891], [100.470235, 6.895248], [100.470208, 6.89555], [100.470191, 6.895861], [100.470184, 6.896134], [100.470186, 6.896414], [100.470245, 6.899375], [100.470249, 6.899605], [100.470262, 6.900243], [100.470358, 6.904381], [100.470373, 6.905357], [100.470433, 6.90771], [100.470447, 6.908804], [100.470473, 6.909856], [100.47048, 6.910662], [100.470499, 6.911146], [100.470533, 6.911678], [100.470676, 6.913255], [100.470839, 6.914833], [100.470913, 6.915528], [100.470933, 6.915769], [100.47121, 6.918781], [100.472001, 6.927375], [100.472204, 6.929327], [100.472218, 6.929475], [100.472364, 6.931121], [100.472366, 6.931146], [100.472368, 6.931171], [100.472762, 6.935465], [100.473115, 6.939152], [100.473507, 6.943341], [100.473533, 6.943631], [100.47371, 6.945617], [100.4742, 6.950854], [100.474234, 6.951247], [100.474255, 6.951633], [100.474262, 6.952089], [100.474251, 6.952467], [100.474215, 6.952917], [100.47418, 6.953237], [100.474134, 6.95355], [100.473837, 6.955796], [100.473813, 6.955938], [100.473781, 6.956123], [100.473279, 6.959981], [100.473258, 6.960131], [100.472518, 6.965541], [100.471664, 6.971946], [100.47163, 6.972176], [100.471219, 6.975292], [100.470888, 6.977746], [100.470383, 6.981477], [100.470345, 6.981744], [100.469593, 6.987385], [100.469517, 6.987922], [100.468236, 6.997373], [100.468192, 6.997704], [100.467945, 6.999483], [100.467912, 6.999745], [100.4679, 6.999847], [100.467799, 7.000571], [100.467783, 7.000789], [100.467777, 7.000952], [100.467764, 7.001149], [100.46774, 7.001312], [100.467728, 7.00149], [100.467724, 7.00166], [100.467711, 7.001821], [100.467693, 7.00197], [100.46702, 7.006958], [100.466875, 7.008001]]}}]}