{"type": "FeatureCollection", "name": "trans_manchurian_railway", "features": [{"type": "Feature", "geometry": {"type": "LineString", "coordinates": [[37.6601435213654, 55.7758473547737], [37.6601435213654, 55.7943802477959], [37.6491571254406, 55.8129043260145], [37.657394676596, 55.8314195916867], [37.6683810725208, 55.8499260470723], [37.7013402602951, 55.8622587905096], [37.7342994480695, 55.8792086622831], [37.7452858439943, 55.8976923688397], [37.7617699294579, 55.9161672732287], [37.780993876538, 55.934633377722], [37.8029666683876, 55.9530906845936], [37.8221906154677, 55.9715391961207], [37.8414235457007, 55.9899789145825], [37.8551498032421, 56.0099466116719], [37.8661361991669, 56.0283680179814], [37.8743827334751, 56.0467806382701], [37.8853691293999, 56.0667139704784], [37.8963555253247, 56.0851082957095], [37.910081782866, 56.1050268270582], [37.9238170235602, 56.1234028647995], [37.9375522642544, 56.1417701283778], [37.9540273665651, 56.1616593490968], [37.9732513136453, 56.1800083399708], [37.9924842438783, 56.1998727721341], [38.0117081909584, 56.2182035027105], [38.0281832932692, 56.2365254710487], [38.0501560851188, 56.2563656323108], [38.0721288769683, 56.2746693528299], [38.0968505135873, 56.292964318259], [38.1298097013616, 56.303631093256], [38.162768889136, 56.3112505309216], [38.1957280769103, 56.326484847409], [38.2286872646847, 56.3447500397698], [38.261646452459, 56.3614937473446], [38.2946056402334, 56.3782251301825], [38.3275648280077, 56.3843079004586], [38.3605240157821, 56.3843079004586], [38.3934832035564, 56.3843079004586], [38.4291912361002, 56.3858296845316], [38.4648902854911, 56.3858296845316], [38.4978494732654, 56.3858296845316], [38.5308086610397, 56.3858296845316], [38.5637678488141, 56.3858296845316], [38.6022247261273, 56.3858296845316], [38.637932758671, 56.3858296845316], [38.6708829632925, 56.3873464349516], [38.7093398406057, 56.3888680976244], [38.74229902838, 56.3995080915533], [38.7752582161543, 56.4177432940345], [38.8082174039287, 56.4253399583299], [38.8329390405477, 56.443562783738], [38.8384277469336, 56.4617768756402], [38.846665298089, 56.4799822363822], [38.8604005387832, 56.5012132708191], [38.8768846242468, 56.5375724940798], [38.8988574160964, 56.5739017898777], [38.964775791645, 56.5981019489297], [39.0306941671937, 56.6011283519625], [39.0966035595896, 56.6222866173323], [39.1625219351383, 56.6404149562697], [39.2064675188374, 56.6766455126183], [39.228440310687, 56.7128412560874], [39.228440310687, 56.7490022056962], [39.2339380002258, 56.7851283805011], [39.2504131025365, 56.8212197995957], [39.3053450821604, 56.85727648211], [39.3383042699348, 56.8932984472109], [39.321829167624, 56.9292857141019], [39.3108427716993, 56.9652383020225], [39.3108427716993, 57.0011562302484], [39.3108427716993, 57.0370395180913], [39.3108427716993, 57.0728881848985], [39.3108427716993, 57.1087022500532], [39.3108427716993, 57.1444817329735], [39.3108427716993, 57.1802266531132], [39.3767611472479, 57.2099876984978], [39.4426795227966, 57.2397247667811], [39.4866251064958, 57.2753776148779], [39.5140866047313, 57.3109959718223], [39.5525434820445, 57.3465750103155], [39.5635298779692, 57.3821244485298], [39.58000498028, 57.4176394545384], [39.6294482535179, 57.453120048059], [39.6733938372171, 57.488566248843], [39.6953666290666, 57.5239780766757], [39.7338145232269, 57.5593555513751], [39.7997328987756, 57.5858685327392], [39.8491671888607, 57.6211859349056], [39.8986104620987, 57.6564690386114], [39.9645288376474, 57.6799720628948], [39.9974880254217, 57.715198046831], [40.0249495236572, 57.7503849920679], [40.0524200050456, 57.7855425102753], [40.0853791928199, 57.8206658233589], [40.1293247765191, 57.855754951411], [40.1403111724439, 57.8908099145558], [40.1512975683686, 57.9258307329488], [40.1567862747546, 57.9608174267774], [40.1457998788298, 58.0277823258507], [40.1457998788298, 58.0975228349028], [40.2007318584537, 58.1671225064473], [40.2776366299272, 58.2365909890273], [40.4094733810246, 58.2712743052846], [40.541310132122, 58.3059236988296], [40.6731468832193, 58.3232356809962], [40.8049836343167, 58.3347722950703], [40.9478067813389, 58.3347722950703], [41.0906299283611, 58.3520701570292], [41.2224576963056, 58.4039129410131], [41.354294447403, 58.4556795762388], [41.4861311985004, 58.4729182114026], [41.6179679495977, 58.4499314861484], [41.7498047006951, 58.426929731391], [41.8816414517925, 58.426929731391], [42.0134782028899, 58.426929731391], [42.1453149539873, 58.4096685485313], [42.2771517050846, 58.3463051441363], [42.408988456182, 58.3405391901817], [42.5408252072794, 58.3405391901817], [42.6836393711487, 58.3463051441363], [42.8154761222461, 58.3693595502907], [42.9473128733435, 58.3751207998896], [43.0791496244409, 58.3808811089033], [43.2109863755383, 58.3808811089033], [43.3428231266356, 58.3808811089033], [43.4856462736578, 58.3693595502907], [43.6174830247552, 58.3578342289557], [43.7493197758526, 58.3463051441363], [43.8811565269499, 58.3463051441363], [44.0129932780473, 58.3347722950703], [44.1558074419166, 58.3347722950703], [44.3206033807884, 58.3347722950703], [44.4634265278105, 58.3347722950703], [44.5952632789079, 58.3347722950703], [44.7380864259301, 58.3347722950703], [44.8699231770275, 58.3347722950703], [45.0127463240496, 58.3405391901817], [45.144583075147, 58.3520701570292], [45.2874062221692, 58.3578342289557], [45.4192429732665, 58.3578342289557], [45.5730525162135, 58.3635973600111], [45.704880284158, 58.3693595502907], [45.8806626189545, 58.3751207998896], [46.0344721619015, 58.3751207998896], [46.1882817048484, 58.3751207998896], [46.3311048518706, 58.3751207998896], [46.462941602968, 58.3751207998896], [46.6167511459149, 58.3693595502907], [46.7485878970123, 58.3693595502907], [46.8804246481097, 58.3635973600111], [47.0232477951318, 58.3578342289557], [47.1660619590012, 58.3405391901817], [47.3088851060233, 58.3405391901817], [47.4407218571207, 58.3290044587068], [47.5725586082181, 58.3290044587068], [47.7043953593155, 58.2828278713105], [47.8582049022624, 58.2712743052846], [47.9900416533598, 58.2712743052846], [48.1218784044572, 58.2712743052846], [48.2537151555546, 58.2886032411144], [48.3855519066519, 58.2943776689055], [48.539352466446, 58.3001511547789], [48.6711892175434, 58.3290044587068], [48.8030259686408, 58.3405391901817], [48.9348627197382, 58.3751207998896], [49.0776858667603, 58.3808811089033], [49.1985362219329, 58.4499314861484], [49.3303729730303, 58.4901483959149], [49.4622097241277, 58.5073701323609], [49.5940464752251, 58.5073701323609], [49.7258832263225, 58.4958899132766], [49.8577199774198, 58.4901483959149], [49.9895477453644, 58.4844059398792], [50.1323708923865, 58.4671729387702], [50.2751940394087, 58.43843248784], [50.4070307905061, 58.43843248784], [50.4509763742052, 58.43843248784], [50.560840333453, 58.43843248784], [50.6926770845504, 58.444182456714], [50.8355002315726, 58.4556795762388], [50.96733698267, 58.4556795762388], [51.0991737337673, 58.426929731391], [51.2419968807895, 58.4154232160367], [51.3848200278117, 58.4039129410131], [51.527634191681, 58.3808811089033], [51.6594709427784, 58.3520701570292], [51.8022940898005, 58.3290044587068], [51.9451172368227, 58.2828278713105], [52.0989267797696, 58.2423738983507], [52.2417499267918, 58.2076622975135], [52.3735866778892, 58.1671225064473], [52.5054234289866, 58.1497341521282], [52.6372601800839, 58.1381371946426], [52.7690969311813, 58.1207346746166], [52.9009246991259, 58.0510442944039], [52.9888158665241, 57.9812129620579], [53.0767070339224, 57.9112452595974], [53.2085437850198, 57.8878923596665], [53.3623533279667, 57.8937320071838], [53.5051764749889, 57.8937320071838], [53.6370132260862, 57.8937320071838], [53.7798363731084, 57.8937320071838], [53.9226595201306, 57.9054084570558], [54.0544962712279, 57.9287499787659], [54.1973194182501, 57.9870374460994], [54.3291471861946, 58.0510442944039], [54.460983937292, 58.0684808386644], [54.5928206883894, 58.0684808386644], [54.7356438354116, 58.1265364592575], [54.867480586509, 58.1555312143947], [54.9993173376063, 58.1960842181878], [55.1311540887037, 58.2365909890273], [55.2739772357259, 58.2365909890273], [55.4277867786728, 58.2134499221184], [55.5815963216198, 58.1729167364225], [55.7134330727172, 58.1497341521282], [55.8452608406617, 58.1149319452178], [55.9880839876839, 58.0684808386644], [56.1199207387812, 58.004505217072], [56.2517574898786, 57.934582989315], [56.3396486572769, 57.8586798925324], [56.4055670328256, 57.7826164184216], [56.4604990124495, 57.7122614571506], [56.5044445961486, 57.6417695083965], [56.6252949513212, 57.5711404123422], [56.7681180983434, 57.5298767075574], [56.8999548494407, 57.4944706066242], [57.0317916005381, 57.4590301360402], [57.1746147475603, 57.4117226771593], [57.3174289114296, 57.3880460067912], [57.4602520584518, 57.3880460067912], [57.5920888095491, 57.3880460067912], [57.7349119565713, 57.3880460067912], [57.8777351035935, 57.4117226771593], [58.0205582506156, 57.4058049437863], [58.1743677935626, 57.3643540346794], [58.30620454466, 57.3287873729786], [58.4490276916821, 57.3109959718223], [58.5808644427795, 57.293191103519], [58.7236786066488, 57.2872542319084], [58.8555153577462, 57.2516128830397], [58.9873521088436, 57.2218854024301], [59.119188859941, 57.1861807809007], [59.2620120069631, 57.1504416193307], [59.3938487580605, 57.1087022500532], [59.5366719050827, 57.0549681779138], [59.6685086561801, 57.0191022030093], [59.8003454072774, 56.9891874373923], [59.9321821583748, 56.9712270297956], [60.0640189094722, 56.9532579580788], [60.2068330733415, 56.9412737623432], [60.3496562203637, 56.9232902450686], [60.4814929714611, 56.8872971964778], [60.6133297225584, 56.8512694464738], [60.7451664736558, 56.8272316584267], [60.887989620678, 56.7851283805011], [61.0527855595497, 56.7490022056962], [61.1846223106471, 56.7309260789341], [61.3164590617445, 56.7309260789341], [61.4592822087666, 56.7369524206355], [61.6130827685607, 56.7490022056962], [61.7449195196581, 56.7670696387567], [61.8877426666803, 56.7791097654741], [62.0305658137025, 56.7851283805011], [62.1843753566494, 56.8152069758595], [62.3271985036715, 56.8272316584267], [62.4590352547689, 56.8452614463762], [62.5908720058663, 56.85727648211], [62.7227087569637, 56.8932984472109], [62.8545455080611, 56.911296416731], [62.9863822591585, 56.9172938126414], [63.1511692148773, 56.9412737623432], [63.2939923618995, 56.95924861148], [63.4258291129969, 56.9772147948887], [63.5686522600191, 57.0071391832823], [63.7114754070412, 57.048992919519], [63.8433121581386, 57.0788595981262], [63.9861353051608, 57.0788595981262], [64.1179720562581, 57.0788595981262], [64.2717815992051, 57.0788595981262], [64.4036183503025, 57.0788595981262], [64.535446118247, 57.0788595981262], [64.689255661194, 57.0788595981262], [64.8210924122913, 57.0788595981262], [64.9639155593135, 57.0788595981262], [65.1177251022604, 57.0788595981262], [65.2495618533578, 57.0907995414696], [65.3813986044552, 57.1265963130776], [65.5132353555526, 57.1325590799371], [65.64507210665, 57.102735641263], [65.7659224618226, 57.0131211741728], [65.7988816495969, 56.9412737623432], [65.842827233296, 56.8692876603531], [65.9087456088447, 56.7971627143343], [66.0405733767893, 56.7369524206355], [66.1724101278866, 56.6947477347749], [66.3152332749088, 56.6464558006949], [66.4470700260062, 56.592053361634], [66.5898931730283, 56.5496861345744], [66.7327163200505, 56.5315191743292], [66.8755394670727, 56.5193997209175], [67.0183626140948, 56.507276390299], [67.161185761117, 56.4951491817761], [67.3149953040639, 56.4890841230826], [67.4578094679333, 56.4830180946518], [67.5896462190306, 56.4526734033909], [67.7434557619776, 56.434454946219], [67.9082517008493, 56.4162277543695], [68.0400884519467, 56.4162277543695], [68.1719252030441, 56.4162277543695], [68.325734745991, 56.4162277543695], [68.4575714970884, 56.404071439381], [68.6003946441106, 56.3371422652121], [68.732231395208, 56.2761955144853], [68.8860319550021, 56.2517895815609], [69.0728006857234, 56.2029310009372], [69.2485830205199, 56.1662461684316], [69.4133789593916, 56.13564868195], [69.545215710489, 56.111153148021], [69.7100116493607, 56.0743805931027], [69.8418484004581, 56.0621152709999], [69.9846715474802, 56.0437099694491], [70.1274946945024, 56.0130149454826], [70.2593314455998, 55.982295510608], [70.4131320053939, 55.9453999514707], [70.5669415483408, 55.90231066105], [70.709764695363, 55.8591734508122], [70.8416014464604, 55.8098150676842], [70.9954109894073, 55.7418449543389], [71.1272477405047, 55.7047254290621], [71.2590844916021, 55.6613687966636], [71.412894034549, 55.6055539038157], [71.5447307856464, 55.5558738946147], [71.6765675367438, 55.5185726201831], [71.8193817006131, 55.4750097340065], [71.9512184517105, 55.4126934195377], [72.0830552028079, 55.3752563801243], [72.2148919539052, 55.3440317608663], [72.3467287050026, 55.3065296988698], [72.4126470805513, 55.262732434439], [72.5444838316487, 55.2314190823716], [72.6873069786708, 55.1938104929911], [72.8191437297682, 55.1247690844668], [72.9509804808656, 55.0556081022091], [73.0938036278878, 55.0052340412299], [73.2256403789852, 54.9674119292474], [73.3574681469297, 54.9484875066169], [73.544236877651, 54.954796637826], [73.6760736287484, 54.954796637826], [73.8079103798458, 54.9611047786765], [73.9397471309431, 54.9737180896178], [74.0715838820405, 54.9800232598666], [74.247366216837, 54.9926306303163], [74.401175759784, 55.0178334932412], [74.5439989068061, 55.0493148072372], [74.7527314462241, 55.0996334769439], [74.961472968795, 55.1373309586305], [75.1152825117419, 55.1436104135927], [75.2471192628393, 55.1624428509616], [75.3899424098615, 55.1687183545122], [75.5217791609589, 55.1812663987359], [75.6865750998306, 55.2000810590813], [75.818411850928, 55.2063506379202], [75.9722213938749, 55.2063506379202], [76.1040581449723, 55.2126192295882], [76.2578587047664, 55.2376837261608], [76.3896954558638, 55.2689921451921], [76.5435049988107, 55.3002759050957], [76.6863281458329, 55.3440317608663], [76.8401376887798, 55.3752563801243], [76.982960835802, 55.3877393323449], [77.1367703787489, 55.3877393323449], [77.2686071298463, 55.3877393323449], [77.4224166727933, 55.3877393323449], [77.5652398198154, 55.3877393323449], [77.69706758776, 55.3877393323449], [77.8838363184813, 55.3877393323449], [78.0156730695786, 55.3877393323449], [78.1804690084504, 55.3814983486877], [78.3123057595477, 55.3752563801243], [78.4551289065699, 55.3690134265732], [78.5869656576673, 55.3690134265732], [78.7407752006142, 55.3690134265732], [78.8945847435612, 55.3690134265732], [79.0374078905833, 55.3690134265732], [79.1692356585279, 55.3627694879531], [79.3010724096253, 55.3315350159746], [79.4329091607226, 55.3127825067637], [79.5757323077448, 55.2940211253606], [79.718555454767, 55.2815086076836], [79.8613786017891, 55.2689921451921], [80.0042017488113, 55.2502100535144], [80.1580112917582, 55.2251534517335], [80.32280723063, 55.2188868341658], [80.4656303776521, 55.2126192295882], [80.630417333371, 55.2000810590813], [80.7622540844684, 55.1687183545122], [80.8501452518666, 55.0870597423068], [80.981982002964, 55.0744820529017], [81.1138187540614, 55.0744820529017], [81.2456555051588, 55.0744820529017], [81.3774922562562, 55.0807713919901], [81.5093290073536, 55.0807713919901], [81.6411657584509, 55.0681917249617], [81.7949753013979, 55.0619004080908], [81.9268120524953, 55.0493148072372], [82.0586398204398, 55.0493148072372], [82.1904765715372, 55.0430205230955], [82.3223133226346, 55.0430205230955], [82.4541500737319, 55.0367252497045], [82.5969732207541, 55.0241317348567], [82.7288099718515, 55.0115342620587], [82.8606467229489, 55.0115342620587], [82.9101600001003, 55.0397600002217], [83.0913610373693, 55.1059188614238], [83.1902386006923, 55.1875389395695], [83.3220753517897, 55.262732434439], [83.464889515659, 55.2752508695801], [83.618699058606, 55.2940211253606], [83.7615222056281, 55.3190343288585], [83.8823725608007, 55.393979331177], [83.9922365200485, 55.4687825304791], [84.1240732711459, 55.4999087121128], [84.2559100222433, 55.5247919565469], [84.4097195651903, 55.5620873340535], [84.5525427122124, 55.5993473403772], [84.6953658592346, 55.6427726662644], [84.827202610332, 55.6861499006218], [84.9590303782765, 55.7232870726023], [85.0908671293739, 55.7665750751995], [85.2227038804713, 55.8159882919443], [85.3545406315686, 55.8406713985213], [85.486377382666, 55.877666696211], [85.6182141337634, 55.9084692071607], [85.7610372807856, 55.9700008992343], [85.9038604278077, 56.0130149454826], [86.0466835748299, 56.0498460458654], [86.1785203259273, 56.0621152709999], [86.3103570770246, 56.1050268270582], [86.4421848449692, 56.1172784939064], [86.5850079919913, 56.1172784939064], [86.7717767227126, 56.1172784939064], [86.9145998697348, 56.1172784939064], [87.0464366208322, 56.1172784939064], [87.2332053515535, 56.1172784939064], [87.3650421026509, 56.1172784939064], [87.4968788537482, 56.1172784939064], [87.66167479262, 56.13564868195], [87.8044889564893, 56.13564868195], [87.969284895361, 56.1478906001546], [88.1780264179319, 56.1540100973655], [88.4087407323523, 56.1540100973655], [88.5955094630736, 56.1540100973655], [88.7383326100957, 56.1540100973655], [88.9141149448922, 56.1601286200961], [89.0569380919144, 56.1662461684316], [89.1887748430118, 56.1784783422595], [89.3315890068811, 56.1784783422595], [89.4744121539033, 56.1907066195333], [89.6062489050007, 56.1968192971762], [89.7600584479476, 56.2151514871563], [89.891895199045, 56.2151514871563], [90.0347183460671, 56.239580776782], [90.1775414930893, 56.2456856657694], [90.3643102238106, 56.2517895815609], [90.5291061626823, 56.2639944938996], [90.6719293097045, 56.2639944938996], [90.8257298694986, 56.2639944938996], [90.9795394124455, 56.2700954906186], [91.1443353513173, 56.2700954906186], [91.2871584983394, 56.2517895815609], [91.4409680412864, 56.2273680788759], [91.5837911883085, 56.1907066195333], [91.7266143353307, 56.1417701283778], [91.8804238782776, 56.1050268270582], [92.0342334212246, 56.0866420128536], [92.1880339810187, 56.0743805931027], [92.3308571280408, 56.0621152709999], [92.4626938791382, 56.0559811463541], [92.6055170261604, 56.0437099694491], [92.7373537772578, 56.0252958837853], [92.8691905283551, 56.0130149454826], [93.0010272794525, 55.9638521280471], [93.1328640305499, 55.9269389786005], [93.2647007816473, 55.8961511369838], [93.3965375327447, 55.8715032594818], [93.5283742838421, 55.8468397279683], [93.6711884477114, 55.8406713985213], [93.8140115947335, 55.8406713985213], [93.9458483458309, 55.8406713985213], [94.0996578887779, 55.8406713985213], [94.2314946398752, 55.8406713985213], [94.3743177868974, 55.853007078704], [94.5061545379948, 55.877666696211], [94.594045705393, 55.9330936137304], [94.7368688524152, 55.9515516542497], [94.8796919994374, 55.957702379747], [95.0115287505348, 55.957702379747], [95.1433565184793, 55.9945862145441], [95.2751932695767, 56.0743805931027], [95.3740708328997, 56.1478906001546], [95.5059075839971, 56.1968192971762], [95.6377443350945, 56.2456856657694], [95.8025402739662, 56.2578925242423], [95.9343770250636, 56.2578925242423], [96.0772001720857, 56.2578925242423], [96.2200233191079, 56.2578925242423], [96.3628464661301, 56.2578925242423], [96.5056696131522, 56.2578925242423], [96.6594701729463, 56.2517895815609], [96.7913069240437, 56.2151514871563], [96.9341300710659, 56.1723627424576], [97.0879396140128, 56.1417701283778], [97.230762761035, 56.111153148021], [97.3625995121324, 56.0805117907296], [97.4944362632297, 56.0621152709999], [97.6482458061767, 56.0498460458654], [97.7910689531988, 56.0130149454826], [97.9229057042962, 55.9700008992343], [98.0547334722408, 55.9146267753998], [98.1536110355638, 55.8406713985213], [98.2195294111125, 55.7542119746994], [98.3513661622099, 55.6799560961594], [98.494189309232, 55.6365719933219], [98.6150396644046, 55.5620873340535], [98.6370124562542, 55.4812359538517], [98.7029308318029, 55.4002183452655], [98.746876415502, 55.3252851652351], [98.746876415502, 55.2439473831815], [98.8127947910507, 55.1561663596782], [98.8787131665994, 55.0744820529017], [98.9336451462233, 54.9926306303163], [99.0544955013959, 54.9169269924292], [99.2083050443429, 54.8600608083576], [99.4060601709889, 54.803109146429], [99.5488743348582, 54.7714346093599], [99.6916974818804, 54.7270485646516], [99.8235342329778, 54.7080110779348], [99.9773437759247, 54.7016632623091], [100.120166922947, 54.7016632623091], [100.284962861819, 54.6953144531941], [100.416799612916, 54.6762620641381], [100.548636364013, 54.6254119604876], [100.680473115111, 54.5935983296576], [100.823296262133, 54.510766473685], [100.955124030077, 54.4660950098812], [101.0979471771, 54.4533227686541], [101.229783928197, 54.4469351533506], [101.361620679294, 54.3894017612363], [101.493457430392, 54.3125649094569], [101.614307785564, 54.2291627832764], [101.746144536662, 54.1520263402625], [101.888967683684, 54.0940795131907], [102.009818038857, 54.0166962593305], [102.141654789954, 53.9391635110486], [102.262505145126, 53.855006798397], [102.361373725297, 53.7706805119662], [102.43827849677, 53.6861844930974], [102.515183268244, 53.6015185842873], [102.614060831567, 53.5232145125823], [102.71293839489, 53.4382214539537], [102.811815958213, 53.3596151338414], [102.910693521536, 53.2677241529816], [102.976611897084, 53.1888029408815], [103.086475856332, 53.1097415984987], [103.185353419655, 53.0305292333875], [103.328176566677, 52.9511711114875], [103.438040525925, 52.8716671171154], [103.547904485173, 52.7920171354976], [103.646782048496, 52.7055647808291], [103.778618799594, 52.6456126306645], [103.910446567538, 52.5922527423424], [104.009324130861, 52.5054041515469], [104.097215298259, 52.4250836190905], [104.141160881958, 52.3446164756122], [104.207079257507, 52.2572836631719], [104.174120069733, 52.1697730342481], [104.042283318635, 52.0888409206191], [103.987351339012, 52.0077617498159], [103.921432963463, 51.9265354172855], [103.855514587914, 51.8451618194675], [103.82255540014, 51.7636408538004], [103.756646007744, 51.6819724187295], [103.82255540014, 51.6001564137136], [103.965378547162, 51.5865060587967], [104.119188090109, 51.5796793429706], [104.262011237131, 51.538697507269], [104.393847988228, 51.5250286880026], [104.536671135251, 51.4703123619959], [104.679494282273, 51.456623015997], [104.81133103337, 51.456623015997], [104.943167784468, 51.456623015997], [105.096977327414, 51.463468202306], [105.228814078512, 51.5045177631346], [105.360641846456, 51.538697507269], [105.492478597554, 51.5660228342974], [105.624315348651, 51.6206242551099], [105.745165703824, 51.6479003562215], [105.877002454921, 51.6955940697848], [106.008839206019, 51.7500396916139], [106.140675957116, 51.8180045434864], [106.261526312289, 51.9062058279752], [106.349417479687, 51.9874689671575], [106.492240626709, 52.000998510967], [106.646050169656, 52.0077617498159], [106.7778779376, 52.0145239667077], [106.931687480547, 52.048319723922], [107.063524231645, 52.0618308752208], [107.206347378667, 52.0820899412678], [107.338184129764, 52.1023398156897], [107.470020880862, 52.0145239667077], [107.513966464561, 51.9333099016238], [107.645803215658, 51.8723027212348], [107.777639966756, 51.8723027212348], [107.909476717853, 51.8858670329711], [108.04131346895, 51.8926476542598], [108.173150220048, 51.9197599102711], [108.315964383917, 51.8587343168915], [108.41484194724, 51.7704398987239], [108.491746718714, 51.6751600560429], [108.568651490187, 51.5933317490253], [108.700488241284, 51.538697507269], [108.777393012758, 51.4497768030128], [108.821338596457, 51.367547754501], [108.865284180156, 51.2782932646933], [108.997120931253, 51.216399918193], [109.139944078276, 51.216399918193], [109.271780829373, 51.216399918193], [109.40361758047, 51.216399918193], [109.546440727493, 51.2507953942741], [109.689254891362, 51.319509227806], [109.843064434309, 51.374406291119], [109.974901185406, 51.4086779617829], [110.106737936504, 51.4360812967939], [110.271533875375, 51.4360812967939], [110.403370626473, 51.4360812967939], [110.53520737757, 51.4360812967939], [110.667044128667, 51.4360812967939], [110.80986727569, 51.4360812967939], [110.963676818637, 51.4703123619959], [111.106490982506, 51.5113557642953], [111.238327733603, 51.5933317490253], [111.370164484701, 51.6274448182104], [111.567919611347, 51.6547168186537], [111.710742758369, 51.6683466685067], [111.853565905391, 51.6955940697848], [112.007375448338, 51.7500396916139], [112.139212199435, 51.7976258386522], [112.271048950533, 51.8451618194675], [112.40288570163, 51.8451618194675], [112.534722452728, 51.8451618194675], [112.666550220672, 51.8451618194675], [112.809373367694, 51.8383740357024], [112.963182910641, 51.8247953977708], [113.095019661739, 51.8723027212348], [113.226856412836, 51.9536272191785], [113.358693163933, 52.0077617498159], [113.490529915031, 52.0145239667077], [113.622366666128, 51.9671669852625], [113.743217021301, 51.8790853886492], [113.842094584624, 51.7976258386522], [113.940972147947, 51.7160188614431], [114.083786311816, 51.6751600560429], [114.215623062913, 51.6751600560429], [114.347459814011, 51.6751600560429], [114.5090522, 51.6342499], [114.5093434, 51.6342586], [114.509715, 51.6342571], [114.5100354, 51.6342512], [114.5103304, 51.6342315], [114.5108162, 51.6341801], [114.511639, 51.6340356], [114.5120889, 51.6339742], [114.5124523, 51.6339423], [114.5128879, 51.6339224], [114.513454, 51.6339144], [114.5140693, 51.6339103], [114.5143204, 51.6339102], [114.5147694, 51.6338977], [114.5151155, 51.6338691], [114.5154796, 51.6338141], [114.5158345, 51.633748], [114.5161852, 51.6336571], [114.5165726, 51.6335528], [114.5169509, 51.6334195], [114.5175477, 51.6331771], [114.5183158, 51.6328156], [114.5197168, 51.63209], [114.5199247, 51.6319812], [114.5208904, 51.6314754], [114.521493, 51.6311244], [114.521714, 51.6309753], [114.5221246, 51.6306021], [114.5224005, 51.6302986], [114.5229459, 51.6295936], [114.5232604, 51.6291761], [114.5234944, 51.6289219], [114.5238436, 51.6286211], [114.5242101, 51.6283633], [114.5245292, 51.6281732], [114.5247789, 51.628044], [114.5251643, 51.6278787], [114.525438, 51.6277822], [114.5257864, 51.6276817], [114.5261619, 51.6275969], [114.5265888, 51.6275254], [114.5270634, 51.6274745], [114.5275445, 51.6274324], [114.5278493, 51.6274084], [114.5281309, 51.6273792], [114.528442, 51.6273401], [114.5287545, 51.6272785], [114.5290469, 51.6272086], [114.5293674, 51.627112], [114.5297268, 51.6269804], [114.5299803, 51.6268747], [114.5302539, 51.6267382], [114.5305261, 51.6265808], [114.530742, 51.6264401], [114.530915, 51.6263011], [114.5311041, 51.6261304], [114.5312785, 51.6259498], [114.5314287, 51.6257616], [114.531548, 51.6255859], [114.5316553, 51.6253895], [114.5317492, 51.6251655], [114.5318055, 51.6249857], [114.5318498, 51.6247517], [114.5318578, 51.6245527], [114.5318337, 51.6243179], [114.5318122, 51.6241572], [114.5317452, 51.6239241], [114.5316647, 51.6237426], [114.5315495, 51.6235356], [114.5315036, 51.6234627], [114.5303481, 51.6217047], [114.5299278, 51.6210669], [114.5294666, 51.620343], [114.5291525, 51.6198431], [114.5289651, 51.6195045], [114.5288498, 51.6191929], [114.5287827, 51.6188859], [114.5287429, 51.618569], [114.5287505, 51.6182331], [114.5287867, 51.6179699], [114.5288754, 51.6174157], [114.5289172, 51.617086], [114.529028, 51.6161661], [114.5290413, 51.6152515], [114.5289554, 51.6146383], [114.5288189, 51.6140502], [114.5284414, 51.6129957], [114.5279828, 51.6117139], [114.5274351, 51.6102475], [114.527159, 51.6094289], [114.526767, 51.607393], [114.5263593, 51.6048945], [114.5262164, 51.6040206], [114.5261648, 51.6029377], [114.5261913, 51.6019332], [114.5265558, 51.5993603], [114.5269204, 51.5969313], [114.5273909, 51.593864], [114.5274108, 51.5932052], [114.5273114, 51.5926576], [114.5271391, 51.5921059], [114.5263159, 51.5905383], [114.525164, 51.5884947], [114.5249056, 51.5879512], [114.5247067, 51.5874858], [114.5245675, 51.5869999], [114.5243952, 51.5849491], [114.5243687, 51.5844385], [114.5242642, 51.5839507], [114.524097, 51.5834172], [114.5235535, 51.582367], [114.5224467, 51.5801472], [114.522175, 51.5795458], [114.5220358, 51.5789692], [114.5219495, 51.5783885], [114.5218658, 51.5778543], [114.5216964, 51.5767735], [114.5215418, 51.5760167], [114.5212931, 51.5750782], [114.5210815, 51.574303], [114.5207528, 51.5729912], [114.5204793, 51.571996], [114.520204, 51.5712408], [114.5200021, 51.5707216], [114.5199553, 51.5706014], [114.5182055, 51.5660206], [114.5174927, 51.5642325], [114.5168578, 51.5626724], [114.5167374, 51.5622492], [114.5166705, 51.5617711], [114.516695, 51.5612947], [114.5167613, 51.5608363], [114.5168682, 51.560461], [114.5170753, 51.5599732], [114.5174698, 51.5593996], [114.5179713, 51.5587609], [114.5182312, 51.5584301], [114.5188541, 51.5575791], [114.5190847, 51.5572798], [114.5192629, 51.5569267], [114.5193759, 51.5566208], [114.5194478, 51.5561948], [114.5194091, 51.5557678], [114.5192853, 51.5554247], [114.5190529, 51.5550427], [114.5185018, 51.5542674], [114.5175338, 51.553033], [114.516014, 51.551063], [114.5151073, 51.549891], [114.514766, 51.549424], [114.5146392, 51.5491835], [114.5145435, 51.548831], [114.5144897, 51.5485548], [114.5144994, 51.5481788], [114.514597, 51.5478008], [114.5147432, 51.5474874], [114.5149513, 51.5471822], [114.5154032, 51.5465555], [114.5155624, 51.5462239], [114.5156697, 51.5458722], [114.515701, 51.5454969], [114.5156275, 51.5451423], [114.5155007, 51.5447279], [114.5152049, 51.5442569], [114.5148213, 51.5438566], [114.5143076, 51.5435027], [114.513742, 51.5431833], [114.5129325, 51.5427729], [114.5124352, 51.5424878], [114.5120646, 51.5422048], [114.5118014, 51.5419543], [114.5115477, 51.5416265], [114.5113653, 51.5411768], [114.5112899, 51.5407471], [114.511362, 51.5395492], [114.5113171, 51.53915], [114.5112067, 51.5386532], [114.5110239, 51.538181], [114.5107521, 51.5377408], [114.5101147, 51.5368751], [114.5098802, 51.5365234], [114.5097534, 51.5361493], [114.5096982, 51.5358015], [114.5097209, 51.5352697], [114.5097339, 51.5347662], [114.5096754, 51.5344103], [114.5095524, 51.5340445], [114.509365, 51.533653], [114.5090134, 51.5332661], [114.5085635, 51.5328784], [114.50787, 51.532361], [114.5073467, 51.5319643], [114.506374, 51.531227], [114.505037, 51.530186], [114.5044629, 51.5297356], [114.503788, 51.5290475], [114.5030194, 51.5281029], [114.5022696, 51.5268842], [114.5013604, 51.5253738], [114.5009949, 51.5244874], [114.5007231, 51.5235077], [114.5006642, 51.5229433], [114.5006512, 51.5223264], [114.5006387, 51.5214957], [114.5006804, 51.5208984], [114.500804, 51.5203603], [114.5010575, 51.519794], [114.5014281, 51.5192478], [114.501802, 51.5188776], [114.5022473, 51.5184994], [114.5059719, 51.5164507], [114.507467, 51.5155407], [114.5093595, 51.5145105], [114.5114133, 51.5136373], [114.5122293, 51.5130975], [114.5127579, 51.5125718], [114.513059, 51.511767], [114.5135077, 51.5111485], [114.5145669, 51.5102093], [114.5164696, 51.5088676], [114.5171663, 51.5084432], [114.5177363, 51.5081399], [114.5183064, 51.507951], [114.5190925, 51.5077651], [114.5198833, 51.5076821], [114.5207905, 51.5076892], [114.521405, 51.5076649], [114.5220371, 51.5075997], [114.5226658, 51.5074592], [114.523391, 51.5072242], [114.5240025, 51.5069266], [114.5246185, 51.5065146], [114.5250737, 51.5060396], [114.5253081, 51.5056104], [114.5256391, 51.5047433], [114.5259563, 51.5042797], [114.5265448, 51.503756], [114.5283975, 51.502205], [114.5308758, 51.5001947], [114.532103, 51.4994147], [114.5328385, 51.4988079], [114.5333902, 51.4982241], [114.5341718, 51.4970736], [114.5347377, 51.496605], [114.5356024, 51.4959833], [114.535979, 51.4957227], [114.5364058, 51.4954617], [114.5377642, 51.4948509], [114.5386277, 51.494446], [114.5393305, 51.494068], [114.5397947, 51.4937935], [114.5403777, 51.4934112], [114.5411749, 51.4929069], [114.5420196, 51.4924948], [114.5424651, 51.4923125], [114.5433297, 51.4920236], [114.5448764, 51.4916274], [114.5454311, 51.4914701], [114.5459968, 51.4912724], [114.5467908, 51.490926], [114.547563, 51.4906284], [114.5481788, 51.4904659], [114.5491795, 51.4902821], [114.5499721, 51.4900822], [114.5504628, 51.4898862], [114.5507848, 51.4897258], [114.5510852, 51.4895473], [114.5515086, 51.4892125], [114.5517611, 51.4889521], [114.5519635, 51.4886817], [114.5521139, 51.4884227], [114.5522215, 51.4881635], [114.5522922, 51.487889], [114.5523209, 51.4876054], [114.5522875, 51.4872769], [114.5522151, 51.4869584], [114.552087, 51.4866485], [114.5518902, 51.486338], [114.5514876, 51.4858433], [114.5507929, 51.4854016], [114.5501274, 51.485093], [114.549287, 51.4848389], [114.5483688, 51.4847119], [114.5474653, 51.4846907], [114.546586, 51.4847694], [114.5457893, 51.4849418], [114.5450412, 51.4852262], [114.5443708, 51.485574], [114.5424326, 51.4865965], [114.540523, 51.487546], [114.538281, 51.488756], [114.536573, 51.489573], [114.5357287, 51.4897605], [114.5348932, 51.4898694], [114.5338973, 51.4898331], [114.5330521, 51.4897484], [114.5322068, 51.4894792], [114.531431, 51.489164], [114.5308126, 51.4887411], [114.530364, 51.488266], [114.5301082, 51.487876], [114.5298313, 51.4872741], [114.5297488, 51.4864967], [114.5296224, 51.4860611], [114.5294379, 51.4855831], [114.5289909, 51.4850265], [114.528564, 51.484621], [114.5278202, 51.4841916], [114.5271059, 51.4838987], [114.5251775, 51.4833052], [114.5241215, 51.4828944], [114.5235537, 51.4825274], [114.5230401, 51.4820558], [114.5227348, 51.4815727], [114.5225472, 51.4810755], [114.5224789, 51.4805419], [114.5225641, 51.4800487], [114.5229205, 51.4793157], [114.5231726, 51.4789371], [114.5234609, 51.4786531], [114.5238331, 51.478369], [114.5242419, 51.4781405], [114.5246508, 51.4779544], [114.5252537, 51.4777454], [114.525715, 51.477592], [114.5265117, 51.4774614], [114.5272247, 51.4774222], [114.527775, 51.477406], [114.528619, 51.477481], [114.5294473, 51.4776377], [114.5299505, 51.4777814], [114.5305481, 51.4780229], [114.5310408, 51.4782841], [114.5313763, 51.478578], [114.5325604, 51.4794704], [114.5329594, 51.4797084], [114.5335498, 51.4799696], [114.5342467, 51.4801815], [114.5348981, 51.480301], [114.5354152, 51.4803584], [114.535936, 51.4803795], [114.53642, 51.4803726], [114.5378034, 51.4803827], [114.5385585, 51.4803883], [114.5392814, 51.4803937], [114.5399519, 51.4803987], [114.5413501, 51.4804319], [114.5424432, 51.4805274], [114.5435351, 51.4806752], [114.5449641, 51.4808773], [114.546599, 51.4811108], [114.5475409, 51.4812262], [114.5482347, 51.4812798], [114.5490168, 51.4812798], [114.5504809, 51.4811888], [114.5535167, 51.4809787], [114.5541917, 51.4808683], [114.5551993, 51.4806609], [114.5562467, 51.4804522], [114.5569061, 51.4803153], [114.5571076, 51.4802766], [114.5894314, 51.4727085], [114.5895871, 51.4727824], [114.5902915, 51.4730259], [114.5910328, 51.4732073], [114.5917998, 51.4733061], [114.5924378, 51.473336], [114.5931164, 51.4733176], [114.5937876, 51.4732487], [114.5951668, 51.4730718], [114.595838, 51.4730167], [114.596476, 51.4730006], [114.5970291, 51.473019], [114.5976524, 51.4730856], [114.5988399, 51.4732303], [114.5995369, 51.4732877], [114.6003039, 51.4732763], [114.6009493, 51.4732188], [114.6015615, 51.4731109], [114.60217, 51.4729501], [114.6027231, 51.4727525], [114.6032505, 51.4725159], [114.6037889, 51.4721828], [114.6042683, 51.4717923], [114.6045412, 51.4714799], [114.6048547, 51.4710527], [114.6064928, 51.4683466], [114.6068026, 51.4679193], [114.6071824, 51.467531], [114.6076729, 51.4671635], [114.6083146, 51.4668074], [114.6089157, 51.4665478], [114.6096311, 51.4663364], [114.6103613, 51.4661802], [114.6110841, 51.4660952], [114.6116631, 51.4660699], [114.612397, 51.4660883], [114.6129317, 51.4661411], [114.6206733, 51.467106], [114.6215805, 51.4672048], [114.6227238, 51.4672806], [114.6236973, 51.4673197], [114.6247447, 51.4673174], [114.6256998, 51.4672806], [114.6265222, 51.4672232], [114.6289021, 51.4670344], [114.6511506, 51.4591775], [114.6521428, 51.4591574], [114.6528924, 51.4590594], [114.65349, 51.4589287], [114.6542972, 51.4586576], [114.6551307, 51.4583147], [114.657423, 51.457444], [114.659692, 51.456584], [114.6604461, 51.4563419], [114.6613006, 51.4561197], [114.6622756, 51.4559303], [114.6633292, 51.4557898], [114.6643462, 51.4556984], [114.6651167, 51.455669], [114.6660865, 51.455684], [114.6675464, 51.455746], [114.668739, 51.4557836], [114.670634, 51.4557575], [114.672065, 51.4556725], [114.673255, 51.4555517], [114.6742981, 51.4554145], [114.675709, 51.45517], [114.6769506, 51.4549702], [114.6780986, 51.4548167], [114.679105, 51.4547187], [114.6814115, 51.4546632], [114.6828059, 51.4545946], [114.684057, 51.454468], [114.6852172, 51.4542745], [114.6872826, 51.4538204], [114.6885721, 51.453582], [114.689787, 51.45342], [114.692666, 51.45323], [114.6941577, 51.453105], [114.6956758, 51.4530239], [114.6964669, 51.4529816], [114.6977977, 51.4529004], [114.6985761, 51.4528222], [114.699312, 51.452704], [114.7005908, 51.4524343], [114.7017327, 51.4521169], [114.7026117, 51.4518144], [114.7035363, 51.45146], [114.7036564, 51.4514022], [114.7046714, 51.4509139], [114.7058285, 51.4503563], [114.7076407, 51.4494525], [114.7116068, 51.4476875], [114.7116861, 51.4476515], [114.71678, 51.4454099], [114.718671, 51.4445784], [114.7187305, 51.4445545], [114.7194243, 51.4442224], [114.7218619, 51.4430998], [114.7219588, 51.4430548], [114.7224876, 51.4428118], [114.7251338, 51.441559], [114.7279269, 51.4402053], [114.729261, 51.4395603], [114.7307482, 51.4388998], [114.7323121, 51.4382682], [114.7338017, 51.4377323], [114.7353667, 51.4372411], [114.7407512, 51.4356854], [114.745777, 51.4342409], [114.7486473, 51.4333937], [114.7500262, 51.4329228], [114.751295, 51.4324274], [114.7526753, 51.4318073], [114.7540174, 51.4311547], [114.7557892, 51.4303209], [114.7574158, 51.4295559], [114.7589376, 51.4288236], [114.7617241, 51.4274899], [114.7643709, 51.4261564], [114.7687141, 51.4241851], [114.7733027, 51.4222393], [114.7779464, 51.4203188], [114.7800584, 51.4193387], [114.7811637, 51.418729], [114.7841409, 51.4168822], [114.7866648, 51.4152816], [114.7878974, 51.4145193], [114.791969, 51.4119904], [114.7964694, 51.4090775], [114.8007342, 51.4063961], [114.8029677, 51.4050188], [114.8031911, 51.4048712], [114.8045351, 51.4039986], [114.8085037, 51.4014494], [114.8129922, 51.3985963], [114.8175473, 51.3957061], [114.8201223, 51.3940892], [114.8226128, 51.392499], [114.8228633, 51.3923273], [114.8247021, 51.3911383], [114.826425, 51.3900254], [114.8278789, 51.3889275], [114.8287076, 51.3882693], [114.8295334, 51.3874462], [114.8305819, 51.3863121], [114.8322613, 51.384471], [114.8352128, 51.3812029], [114.8383658, 51.3776998], [114.839225, 51.3767916], [114.8413926, 51.3746847], [114.8442908, 51.3719525], [114.8460383, 51.3702436], [114.8472207, 51.3693217], [114.8481914, 51.3686601], [114.8499009, 51.367629], [114.8519589, 51.3664394], [114.8531115, 51.3657706], [114.8541687, 51.3650671], [114.8551299, 51.3643777], [114.8560491, 51.3636353], [114.8570507, 51.3627458], [114.8580336, 51.3617679], [114.8588167, 51.3609307], [114.8602342, 51.3594376], [114.8621142, 51.3574569], [114.8652466, 51.35417], [114.8672636, 51.3520367], [114.8693085, 51.3498626], [114.8710839, 51.3479802], [114.872144, 51.3468593], [114.8749067, 51.343927], [114.8762179, 51.3424674], [114.8770099, 51.3414205], [114.8790014, 51.3382445], [114.8797817, 51.3370177], [114.8805934, 51.3358433], [114.8812211, 51.3350672], [114.8823891, 51.3337919], [114.8835215, 51.3325089], [114.8854637, 51.3300757], [114.8882374, 51.3265889], [114.8894139, 51.3251165], [114.8910176, 51.3230957], [114.8916814, 51.3221735], [114.8922894, 51.3211877], [114.8936926, 51.3187149], [114.8958747, 51.3148555], [114.8987668, 51.309775], [114.8999499, 51.3076989], [114.9011113, 51.3056605], [114.9020977, 51.303903], [114.9029478, 51.3024183], [114.9034591, 51.3015072], [114.9039479, 51.3007125], [114.9049516, 51.2993383], [114.9072224, 51.2964349], [114.9090397, 51.2941026], [114.9107486, 51.2919037], [114.9126591, 51.2894659], [114.9131679, 51.2888311], [114.9136516, 51.2882988], [114.914002, 51.2879711], [114.9143562, 51.2876699], [114.9149685, 51.2871968], [114.9165758, 51.2861734], [114.9182442, 51.2851425], [114.9187365, 51.2848345], [114.9193378, 51.2844589], [114.9198808, 51.2841161], [114.9204957, 51.2837339], [114.9218101, 51.2828932], [114.923233, 51.282004], [114.9274407, 51.2793462], [114.929152, 51.2782808], [114.9307254, 51.2773019], [114.9314604, 51.2768477], [114.9338576, 51.2753438], [114.9344275, 51.2749775], [114.9351976, 51.2745018], [114.9367496, 51.2735432], [114.9378719, 51.2729251], [114.9394608, 51.2720917], [114.9428917, 51.2703173], [114.9451954, 51.2691207], [114.9470062, 51.268181], [114.9479789, 51.2676773], [114.9487282, 51.2672722], [114.9495728, 51.2667869], [114.9502695, 51.2663078], [114.9510286, 51.2657197], [114.952537, 51.2644243], [114.9540619, 51.2631185], [114.9554717, 51.2619175], [114.957082, 51.2605417], [114.9582815, 51.2594929], [114.9595664, 51.2583412], [114.9614265, 51.2567597], [114.9623466, 51.2559596], [114.963017, 51.2553159], [114.9636184, 51.2546207], [114.9641147, 51.253909], [114.9665202, 51.2503712], [114.968632, 51.2471865], [114.9707493, 51.2440708], [114.9731361, 51.2405591], [114.9747708, 51.2381344], [114.9769308, 51.2342638], [114.9787275, 51.2310355], [114.9791021, 51.2302267], [114.9793223, 51.2295271], [114.9794833, 51.2287327], [114.9796049, 51.227642], [114.9795918, 51.2255407], [114.9796082, 51.224946], [114.9797035, 51.2244561], [114.979927, 51.2239004], [114.9801998, 51.2234106], [114.9804528, 51.2230463], [114.9809195, 51.2225585], [114.9814157, 51.2221818], [114.9820894, 51.221727], [114.9826842, 51.2214203], [114.9832541, 51.2211736], [114.9838752, 51.2209657], [114.9847034, 51.2207476], [114.9856071, 51.2205891], [114.9867245, 51.2203915], [114.9878057, 51.2200971], [114.9887225, 51.2197184], [114.9895113, 51.21928], [114.9903788, 51.218716], [114.9912859, 51.2181417], [114.9921403, 51.2176477], [114.9931854, 51.2171413], [115.0085325, 51.2110731], [115.0144813, 51.2086478], [115.0196726, 51.2064873], [115.02129, 51.2057361], [115.0233674, 51.2046908], [115.0245944, 51.2041171], [115.025726, 51.2035697], [115.0265789, 51.2032756], [115.0274456, 51.2030703], [115.0283101, 51.2029159], [115.0295231, 51.2027995], [115.0305943, 51.2027747], [115.0314774, 51.2028185], [115.032437, 51.2029667], [115.0333926, 51.2031782], [115.0363077, 51.2040212], [115.0384673, 51.2046458], [115.038702, 51.2047132], [115.0425449, 51.2058361], [115.0470983, 51.2071688], [115.0487203, 51.2076426], [115.0500528, 51.207997], [115.0514886, 51.2083355], [115.0545569, 51.2090461], [115.0551069, 51.2091698], [115.0554318, 51.2092334], [115.0557268, 51.2092796], [115.0561156, 51.2093358], [115.0565006, 51.2093746], [115.056886, 51.2094017], [115.0575392, 51.2094149], [115.0577947, 51.2094135], [115.0582715, 51.2093901], [115.0587484, 51.2093508], [115.0592364, 51.2092906], [115.0596781, 51.2092238], [115.060194, 51.2091158], [115.0606369, 51.2089936], [115.0610054, 51.2088902], [115.0613609, 51.2087663], [115.0620375, 51.2084945], [115.0626446, 51.2081782], [115.0633578, 51.2077019], [115.0639577, 51.2072359], [115.0646266, 51.2067237], [115.0658492, 51.205796], [115.0666523, 51.205269], [115.067534, 51.20483], [115.0682592, 51.2045549], [115.0689412, 51.2043586], [115.0696353, 51.2042105], [115.0708909, 51.2040416], [115.0753515, 51.2036855], [115.0781634, 51.2034494], [115.0810357, 51.20321], [115.0876074, 51.2026685], [115.0911501, 51.2023635], [115.0949181, 51.2020666], [115.096727, 51.2019273], [115.0976444, 51.201878], [115.09857, 51.201865], [115.0995158, 51.2018978], [115.1005222, 51.2019602], [115.1017174, 51.2020784], [115.1054679, 51.2024916], [115.1066082, 51.2026072], [115.1081389, 51.2027025], [115.1096692, 51.2027549], [115.1129385, 51.2028311], [115.1137836, 51.2028659], [115.1146917, 51.2029449], [115.1157481, 51.2030679], [115.1167823, 51.2032003], [115.1175532, 51.2032468], [115.1185207, 51.2032375], [115.1204111, 51.2030494], [115.1211635, 51.2030006], [115.1221754, 51.2030261], [115.1232615, 51.203133], [115.1248183, 51.2033466], [115.1256708, 51.2034024], [115.1266716, 51.2033861], [115.1275983, 51.2032932], [115.1287436, 51.2030958], [115.129548, 51.202989], [115.1301559, 51.2029425], [115.1309083, 51.20291], [115.1316422, 51.2029356], [115.1331138, 51.2030076], [115.1341479, 51.2029751], [115.1351154, 51.2028705], [115.1360495, 51.2026638], [115.1369242, 51.2024153], [115.1377768, 51.202132], [115.1384773, 51.2019508], [115.1394336, 51.2017883], [115.143889, 51.201045], [115.1460093, 51.2006804], [115.1468025, 51.20049], [115.1475623, 51.2002693], [115.1483667, 51.1999558], [115.1492266, 51.1995749], [115.1523625, 51.1980024], [115.1547273, 51.1968248], [115.1555539, 51.1965019], [115.1565213, 51.1961907], [115.1575184, 51.1959073], [115.1587586, 51.1955316], [115.1597019, 51.1952533], [115.1600317, 51.195156], [115.1619147, 51.1946049], [115.1624477, 51.1944088], [115.162908, 51.1941644], [115.1633692, 51.1938178], [115.1641997, 51.1930208], [115.1651457, 51.1920079], [115.1658134, 51.1913309], [115.1662814, 51.1908475], [115.1667406, 51.1903789], [115.1672729, 51.1898392], [115.1676345, 51.1894768], [115.16798, 51.1891553], [115.1683464, 51.1888449], [115.1692488, 51.1881737], [115.1698135, 51.187809], [115.1703301, 51.1875062], [115.1715607, 51.1867668], [115.1719763, 51.1864973], [115.1723751, 51.1862035], [115.1726433, 51.1859643], [115.1729099, 51.1856771], [115.1731486, 51.185373], [115.173489, 51.1848665], [115.1736413, 51.1845349], [115.1737684, 51.1841365], [115.1738356, 51.1837992], [115.1739057, 51.1830554], [115.1739217, 51.182418], [115.1739343, 51.1816049], [115.1739491, 51.180508], [115.174171, 51.178532], [115.1742286, 51.1773733], [115.1742339, 51.1768068], [115.1742027, 51.1763932], [115.1741095, 51.1759486], [115.1739443, 51.1755603], [115.1736583, 51.1750876], [115.1727944, 51.1738402], [115.1723594, 51.1732322], [115.1719955, 51.1727098], [115.1717936, 51.1722967], [115.1714263, 51.1711189], [115.171266, 51.1707333], [115.1710083, 51.1703551], [115.1706823, 51.1699917], [115.1702301, 51.1695811], [115.1698109, 51.1692501], [115.1686514, 51.1685525], [115.1681244, 51.1682353], [115.1674596, 51.1677556], [115.166951, 51.1673403], [115.1664686, 51.1667985], [115.1659735, 51.1660653], [115.1654958, 51.1652917], [115.1649286, 51.1643301], [115.1643821, 51.1632162], [115.1636001, 51.1612778], [115.1628619, 51.1591939], [115.162569, 51.1583588], [115.1623323, 51.1575083], [115.1622424, 51.1571757], [115.1621054, 51.1565533], [115.1620662, 51.1560994], [115.1620989, 51.1557542], [115.1621643, 51.1553796], [115.1622878, 51.1549916], [115.1624484, 51.1546215], [115.1626998, 51.1542551], [115.1632211, 51.1536443], [115.1636349, 51.153233], [115.1648148, 51.1523709], [115.1651511, 51.1520871], [115.1653836, 51.1518507], [115.1660928, 51.1510899], [115.166324, 51.1507374], [115.1664955, 51.1503747], [115.1666118, 51.1499192], [115.1666882, 51.149518], [115.1668419, 51.1478864], [115.1671617, 51.1450955], [115.167356, 51.1433083], [115.1673841, 51.1429459], [115.167344, 51.1425382], [115.1672797, 51.1421552], [115.1669885, 51.1411758], [115.1668908, 51.1407391], [115.1668257, 51.1402594], [115.1667891, 51.1397845], [115.1668013, 51.1393307], [115.1668135, 51.1389576], [115.1668951, 51.1385022], [115.1670981, 51.1376973], [115.1672366, 51.1372806], [115.1674364, 51.1368252], [115.1676528, 51.1364485], [115.1679105, 51.136079], [115.1682659, 51.1356817], [115.1686057, 51.1353579], [115.1690362, 51.1350312], [115.1701071, 51.134377], [115.1706071, 51.1340557], [115.1716483, 51.1333239], [115.1722122, 51.1328613], [115.1729953, 51.1321622], [115.1746278, 51.1305123], [115.1757669, 51.1293159], [115.176609, 51.1284952], [115.1786249, 51.1264183], [115.1807997, 51.1241765], [115.181212, 51.1236924], [115.1817404, 51.1230089], [115.1822404, 51.1222294], [115.1826031, 51.1215438], [115.1830271, 51.1205274], [115.183343, 51.1196329], [115.184127, 51.1171337], [115.1845883, 51.1151042], [115.1848435, 51.1141353], [115.185552, 51.1115937], [115.1859487, 51.1102213], [115.1863813, 51.1087185], [115.1864617, 51.1082543], [115.1864897, 51.1078141], [115.1864297, 51.1073192], [115.1862569, 51.1067717], [115.186129, 51.1064405], [115.1858485, 51.1059926], [115.1855602, 51.1056029], [115.1851395, 51.1051853], [115.1846704, 51.1047901], [115.1842125, 51.1044849], [115.1829425, 51.103662], [115.182528, 51.1033166], [115.1821351, 51.1028951], [115.181845, 51.102495], [115.1815877, 51.1020769], [115.1814117, 51.1016631], [115.1812888, 51.1012312], [115.1812398, 51.1007283], [115.181248, 51.1002889], [115.1813543, 51.0997934], [115.1814933, 51.0993902], [115.1816938, 51.0989843], [115.1819841, 51.0985478], [115.182422, 51.0980338], [115.1828848, 51.0976557], [115.1834066, 51.0972793], [115.1838638, 51.097], [115.1843254, 51.096746], [115.1848831, 51.096491], [115.1854469, 51.0962998], [115.1862644, 51.0961003], [115.1867463, 51.095993], [115.1911038, 51.0950224], [115.1964565, 51.0938138], [115.1989966, 51.0932514], [115.2009952, 51.0928075], [115.2457522, 51.0808696], [115.248534, 51.080088], [115.255377, 51.078136], [115.262236, 51.076201], [115.2679074, 51.074616], [115.2747806, 51.0726754], [115.2799698, 51.0712257], [115.2811139, 51.0708491], [115.2826137, 51.070324], [115.2848062, 51.0694463], [115.2902673, 51.0672915], [115.2918244, 51.0666944], [115.2933385, 51.0661443], [115.2936476, 51.066022], [115.2956369, 51.0652015], [115.2985049, 51.0640754], [115.3029699, 51.0623162], [115.3058447, 51.0611839], [115.3076021, 51.0604751], [115.308352, 51.0601046], [115.3091077, 51.0597088], [115.3099091, 51.0592051], [115.3106075, 51.058687], [115.3113345, 51.0580933], [115.3126511, 51.0567297], [115.3152328, 51.053959], [115.31683, 51.052221], [115.3183412, 51.0507744], [115.3190625, 51.0502022], [115.3197781, 51.0496624], [115.3219591, 51.0481402], [115.3244006, 51.0464685], [115.326699, 51.0448867], [115.3296242, 51.0428964], [115.3311125, 51.0418958], [115.3319311, 51.0413056], [115.3335691, 51.039938], [115.3338095, 51.0397383], [115.3339915, 51.0395858], [115.3355723, 51.0382072], [115.3362892, 51.0375805], [115.3375685, 51.0364522], [115.3399701, 51.034363], [115.3437356, 51.0310732], [115.345053, 51.0299071], [115.3454339, 51.029514], [115.345524, 51.0294328], [115.345629, 51.0293417], [115.3463413, 51.0287101], [115.3469751, 51.0281581], [115.3487692, 51.0265982], [115.35045, 51.0251592], [115.3514535, 51.0244385], [115.3521673, 51.024003], [115.3533294, 51.0233981], [115.3558825, 51.0220622], [115.3591205, 51.0204015], [115.3629376, 51.0184459], [115.3650465, 51.0173739], [115.3657509, 51.0170658], [115.366528, 51.0167526], [115.367625, 51.0163986], [115.3686653, 51.0161007], [115.3702804, 51.015599], [115.3714218, 51.015189], [115.372275, 51.0148584], [115.373126, 51.0145091], [115.3743727, 51.0139463], [115.3750568, 51.0136051], [115.3759675, 51.0131237], [115.3768257, 51.0126322], [115.3776975, 51.0120934], [115.3788137, 51.0113316], [115.3798788, 51.010647], [115.3808057, 51.0101147], [115.3815019, 51.0097098], [115.3829516, 51.0089638], [115.3845202, 51.0082166], [115.385811, 51.007598], [115.3871856, 51.0069362], [115.3901751, 51.0054964], [115.3940115, 51.0036465], [115.3944617, 51.00343], [115.3978371, 51.0018064], [115.3983339, 51.0015675], [115.3985855, 51.0014428], [115.406358, 50.9976998], [115.4111546, 50.9953917], [115.4161658, 50.9929587], [115.4170037, 50.9925256], [115.4182383, 50.9918555], [115.419823, 50.99089], [115.4208411, 50.9901484], [115.4230957, 50.9884031], [115.4241036, 50.9876947], [115.4252613, 50.9869532], [115.4264999, 50.9862245], [115.4276495, 50.9856257], [115.429375, 50.9847788], [115.4296705, 50.9846513], [115.4304587, 50.9843159], [115.4317013, 50.9838241], [115.4348586, 50.9824378], [115.4364332, 50.9817141], [115.4373359, 50.9812528], [115.4380807, 50.9807457], [115.4386757, 50.9802029], [115.43921, 50.9796065], [115.439712, 50.9791631], [115.4401775, 50.9788114], [115.440813, 50.9784291], [115.4438083, 50.9769433], [115.4471194, 50.9753223], [115.4501513, 50.9738109], [115.4519121, 50.9729366], [115.4520469, 50.9728699], [115.4523856, 50.9727022], [115.4578772, 50.9699718], [115.4602036, 50.9687899], [115.4609748, 50.9683466], [115.4617903, 50.9678136], [115.4625108, 50.9672936], [115.4654657, 50.9651089], [115.4659291, 50.9647627], [115.4661691, 50.9645912], [115.4672954, 50.9637629], [115.4677082, 50.9634111], [115.4680037, 50.9630847], [115.468194, 50.9628043], [115.4683073, 50.9625621], [115.4683964, 50.9622307], [115.4684206, 50.9619324], [115.4683964, 50.9616622], [115.4683356, 50.9613384], [115.4681778, 50.9609407], [115.4676273, 50.9597577], [115.4672144, 50.9588322], [115.4670241, 50.9582738], [115.4669675, 50.9577944], [115.4670161, 50.9569964], [115.467263, 50.9548214], [115.4673748, 50.9538647], [115.467635, 50.9515714], [115.4676673, 50.9512628], [115.4678741, 50.9493636], [115.4680001, 50.9481946], [115.4683093, 50.9452838], [115.4684067, 50.9444709], [115.4685389, 50.9438303], [115.4686712, 50.9433555], [115.4689068, 50.9427326], [115.4692228, 50.9420556], [115.4696937, 50.9412487], [115.4701925, 50.9405154], [115.471801, 50.9381455], [115.4723225, 50.9373834], [115.4727161, 50.9368603], [115.4734861, 50.9359701], [115.4739288, 50.935494], [115.4746838, 50.9347726], [115.4752085, 50.9343269], [115.4757659, 50.9339621], [115.4762523, 50.9336993], [115.4766005, 50.9335393], [115.4772631, 50.9332754], [115.4779282, 50.9330249], [115.4785981, 50.9327808], [115.4791404, 50.9325453], [115.479644, 50.9322965], [115.4802443, 50.9319867], [115.4806757, 50.9317225], [115.4817895, 50.9310435], [115.4822053, 50.9308097], [115.482541, 50.9306457], [115.483066, 50.930453], [115.4836046, 50.9302678], [115.4843558, 50.9300748], [115.4849528, 50.9299563], [115.4855825, 50.9298712], [115.4863093, 50.9298146], [115.4870577, 50.9297992], [115.4878218, 50.9298429], [115.4885691, 50.9299227], [115.4893859, 50.9300694], [115.4901095, 50.9302513], [115.4909534, 50.9304575], [115.4919612, 50.9306658], [115.4934185, 50.9308974], [115.4942826, 50.9310093], [115.4951196, 50.9311076], [115.4965808, 50.9312174], [115.4978788, 50.9312606], [115.499273, 50.931333], [115.5003984, 50.9314343], [115.5014433, 50.9315537], [115.5024089, 50.931695], [115.5035171, 50.9319049], [115.5046366, 50.9321437], [115.5057331, 50.9324259], [115.5068089, 50.9327288], [115.5078806, 50.9329947], [115.5089464, 50.9331922], [115.5098349, 50.9333286], [115.5108602, 50.9334291], [115.5120115, 50.9334974], [115.5129629, 50.9335046], [115.5151041, 50.9334577], [115.5162024, 50.9334722], [115.517501, 50.9335554], [115.5187474, 50.9336821], [115.5198258, 50.9338335], [115.520981, 50.9340606], [115.5220205, 50.9343217], [115.5232171, 50.9346427], [115.5239426, 50.9348001], [115.5248958, 50.9349933], [115.5257957, 50.9351189], [115.5267888, 50.935234], [115.5279857, 50.9353351], [115.5288897, 50.9354475], [115.5297985, 50.9356143], [115.5306091, 50.9357846], [115.5315172, 50.9360164], [115.5322423, 50.9362267], [115.5330254, 50.9364989], [115.5339968, 50.9368973], [115.5347276, 50.9372382], [115.5358487, 50.937845], [115.5370506, 50.9386513], [115.538035, 50.9395352], [115.5384203, 50.9398576], [115.5387712, 50.9401193], [115.5391245, 50.9403663], [115.5395796, 50.9406682], [115.539899, 50.9408638], [115.5402772, 50.9410801], [115.5406294, 50.9412675], [115.5411436, 50.9415153], [115.5416734, 50.9417543], [115.5423291, 50.9420198], [115.5427818, 50.9421829], [115.5433349, 50.9423671], [115.5438212, 50.9425181], [115.5442576, 50.9426333], [115.544704, 50.9427283], [115.5452644, 50.942834], [115.5464812, 50.9430527], [115.5472282, 50.9431885], [115.5477918, 50.9432772], [115.5486551, 50.9433651], [115.5492212, 50.943405], [115.5499984, 50.9434483], [115.550538, 50.9434952], [115.5510121, 50.9435502], [115.5515345, 50.943618], [115.5519475, 50.943687], [115.5524692, 50.9437817], [115.5529112, 50.9438707], [115.5533852, 50.9439896], [115.5539046, 50.9441389], [115.5543508, 50.9442895], [115.5546785, 50.9444162], [115.5552077, 50.9446374], [115.5563443, 50.9451609], [115.5569149, 50.9454162], [115.5575201, 50.9456429], [115.55824, 50.9458902], [115.5588018, 50.946057], [115.5593598, 50.9462026], [115.5598622, 50.9463145], [115.5603603, 50.9463969], [115.5608699, 50.9464598], [115.5614713, 50.9465046], [115.5631347, 50.9466001], [115.5637387, 50.9466332], [115.5642336, 50.9466484], [115.5648074, 50.9466546], [115.5654458, 50.946658], [115.5661031, 50.9466403], [115.5667363, 50.9466208], [115.567291, 50.946593], [115.5682741, 50.9465194], [115.568924, 50.9464579], [115.5710451, 50.9461549], [115.5724516, 50.9458908], [115.5750963, 50.9453787], [115.5773162, 50.9449661], [115.5789342, 50.944643], [115.6331153, 50.9182778], [115.6331718, 50.9178159], [115.6332729, 50.917125], [115.6333051, 50.9166496], [115.6333092, 50.9156927], [115.6333417, 50.9151972], [115.6334399, 50.9147848], [115.6335991, 50.9143857], [115.6338152, 50.9139847], [115.6341883, 50.9134222], [115.6345473, 50.9128729], [115.6347359, 50.912463], [115.6348683, 50.9120681], [115.6349487, 50.91164], [115.6349809, 50.9112391], [115.6349809, 50.910018], [115.6350504, 50.9096106], [115.6351732, 50.9092363], [115.6354258, 50.9087535], [115.6363044, 50.9072879], [115.6369271, 50.906189], [115.6372593, 50.9055068], [115.6375, 50.9051235], [115.6377227, 50.9048365], [115.6380525, 50.9044939], [115.6395338, 50.9033249], [115.6402386, 50.9027629], [115.6405186, 50.9024854], [115.6407521, 50.9021986], [115.6410593, 50.9018315], [115.6414917, 50.9012479], [115.6418331, 50.9007839], [115.6420814, 50.9005221], [115.6424216, 50.9001645], [115.6427888, 50.8997751], [115.6430341, 50.8994632], [115.6432836, 50.8991155], [115.6435116, 50.8987193], [115.6436235, 50.8983312], [115.6437001, 50.8978226], [115.6438176, 50.8969182], [115.6439154, 50.8964401], [115.6441196, 50.895912], [115.6444547, 50.8953702], [115.6449291, 50.8948794], [115.6453293, 50.8945611], [115.6459342, 50.8941979], [115.6467405, 50.8938388], [115.6478148, 50.893499], [115.6487887, 50.8932533], [115.6497624, 50.8929642], [115.6504544, 50.8926905], [115.651012, 50.8924084], [115.6514586, 50.8921124], [115.6518855, 50.8917504], [115.6522601, 50.8913011], [115.6530335, 50.8902249], [115.6766711, 50.8762584], [115.6769332, 50.8760881], [115.6771496, 50.8759557], [115.6779336, 50.8753859], [115.6785181, 50.8748673], [115.6793541, 50.8741061], [115.6797611, 50.8737038], [115.6803308, 50.8732689], [115.6805205, 50.8731041], [115.6808978, 50.8728442], [115.6810008, 50.872759], [115.6812239, 50.8725744], [115.6820204, 50.8719842], [115.6830771, 50.8712294], [115.6843919, 50.8704014], [115.6872917, 50.868629], [115.6923868, 50.8655023], [115.6929853, 50.8651388], [115.6935701, 50.8647558], [115.6941027, 50.8644983], [115.6945829, 50.8642009], [115.6951401, 50.8638558], [115.6957233, 50.8635071], [115.6961741, 50.8632217], [115.714721, 50.8518604], [115.7156478, 50.8513306], [115.7168225, 50.8507646], [115.7188662, 50.8498166], [115.7200726, 50.8492631], [115.7206823, 50.8490539], [115.7218413, 50.8487546], [115.7227424, 50.8484841], [115.7234398, 50.8482036], [115.7257888, 50.8471075], [115.7273205, 50.8463917], [115.7280166, 50.8461295], [115.729374, 50.8456918], [115.7306408, 50.8452273], [115.7322141, 50.84475], [115.7339255, 50.8442334], [115.7353148, 50.8438178], [115.7360503, 50.843663], [115.7374926, 50.8434564], [115.7404422, 50.8430599], [115.7414037, 50.8429857], [115.7426501, 50.842934], [115.7439869, 50.8428043], [115.7579109, 50.8401335], [115.7594652, 50.839892], [115.7617727, 50.8396182], [115.7644379, 50.8393162], [115.7655978, 50.8391381], [115.766565, 50.8389391], [115.7671881, 50.8387454], [115.7678797, 50.8385111], [115.7686813, 50.8381713], [115.7694979, 50.8377257], [115.7721634, 50.8360917], [115.7749245, 50.8344021], [115.7759038, 50.8338439], [115.7779577, 50.8327804], [115.7785177, 50.8324949], [115.7790543, 50.8321862], [115.7795491, 50.8318453], [115.779887, 50.8315767], [115.7806281, 50.8309394], [115.7808135, 50.8307761], [115.7810209, 50.8305866], [115.7814167, 50.8302447], [115.7853914, 50.826721], [115.7911076, 50.8216564], [115.791777, 50.8210378], [115.7922086, 50.8206602], [115.7947129, 50.8183896], [115.7983949, 50.8151058], [115.7995076, 50.8141107], [115.8004677, 50.8131159], [115.8021057, 50.811242], [115.8031459, 50.8101743], [115.8037037, 50.8096606], [115.8043484, 50.8091179], [115.813811, 50.800919], [115.8140895, 50.8006819], [115.8355655, 50.7821022], [115.8359482, 50.7817712], [115.8405362, 50.7778024], [115.8440237, 50.7747701], [115.8443861, 50.7744549], [115.8445487, 50.7742896], [115.844743, 50.7741156], [115.8488585, 50.7705711], [115.8492714, 50.7702485], [115.8498826, 50.7698338], [115.8511334, 50.7690761], [115.8524246, 50.7683183], [115.8547885, 50.7669077], [115.8588687, 50.7644499], [115.8609898, 50.7631979], [115.8617305, 50.7628317], [115.8629579, 50.7623136], [115.8668389, 50.7607885], [115.8705588, 50.759329], [115.8750681, 50.7575315], [115.877383, 50.756646], [115.8852834, 50.7537686], [115.8862284, 50.7534542], [115.8868557, 50.7532998], [115.8887518, 50.7529364], [115.8966727, 50.7514016], [115.9023473, 50.7503033], [115.9026924, 50.7502355], [115.9375137, 50.7434451], [115.9399312, 50.7429745], [115.9417193, 50.7426158], [115.9514196, 50.7404392], [115.955337, 50.739548], [115.9558466, 50.7394274], [115.956118, 50.7393645], [115.9565246, 50.7392653], [115.9570886, 50.7391589], [115.9576495, 50.7390811], [115.9584077, 50.7390073], [115.959706, 50.7389204], [115.9605177, 50.7388886], [116.2027107, 50.720118], [116.228464, 50.708163], [116.2363858, 50.7044432], [116.2369997, 50.704092], [116.2606166, 50.6930194], [116.2614776, 50.6926084], [116.2620154, 50.6923485], [116.2624446, 50.6921259], [116.2628442, 50.6919067], [116.2632019, 50.6916938], [116.2635174, 50.6914912], [116.263956, 50.6911854], [116.2643905, 50.6908651], [116.2647307, 50.6905814], [116.2650543, 50.6902992], [116.2653159, 50.6900503], [116.265568, 50.6897971], [116.2657598, 50.6895949], [116.2664721, 50.688778], [116.277843, 50.675771], [116.280012, 50.67314], [116.2930567, 50.6560099], [116.2960969, 50.6520319], [116.2964188, 50.6515813], [116.2969134, 50.6509511], [116.2970941, 50.6506878], [116.2983643, 50.6490723], [116.3004594, 50.6463352], [116.3027863, 50.6432635], [116.3030816, 50.6428802], [116.3034939, 50.6423452], [116.3046496, 50.6408451], [116.3049804, 50.6404025], [116.3051198, 50.6402232], [116.3077007, 50.6367974], [116.3078737, 50.6365572], [116.3200186, 50.6207581], [116.3244253, 50.6149978], [116.3272862, 50.6112626], [116.331718, 50.6054958], [116.3319366, 50.605197], [116.3321337, 50.6049], [116.3333102, 50.6030061], [116.3433158, 50.5871203], [116.3445658, 50.5851482], [116.3447044, 50.5849241], [116.3508232, 50.5749746], [116.3508556, 50.5749159], [116.3514174, 50.5741651], [116.3516042, 50.5738494], [116.3516481, 50.5737818], [116.3517715, 50.5735825], [116.353473, 50.5708073], [116.3623359, 50.5564155], [116.3732866, 50.5381541], [116.3734365, 50.5379144], [116.3797306, 50.5273526], [116.3798788, 50.5270933], [116.3802354, 50.5264994], [116.3818147, 50.5238453], [116.3821526, 50.5232854], [116.3852333, 50.5180994], [116.3871399, 50.5148895], [116.3873454, 50.5145416], [116.38748, 50.5143166], [116.3877077, 50.5139399], [116.3898096, 50.5103778], [116.3925139, 50.5057833], [116.3926503, 50.5055733], [116.3944846, 50.502398], [116.4099698, 50.4760765], [116.4122188, 50.4723539], [116.4132304, 50.4711595], [116.415054, 50.4694444], [116.4203036, 50.464565], [116.4242389, 50.4610184], [116.4261473, 50.4594869], [116.4286205, 50.4578994], [116.4401494, 50.4509244], [116.4489923, 50.4463258], [116.4493302, 50.4461116], [116.4503279, 50.4454324], [116.4565233, 50.4405904], [116.4568813, 50.4403337], [116.4584443, 50.4392149], [116.4642378, 50.4346088], [116.467083, 50.4322399], [116.4672782, 50.4320731], [116.4676845, 50.4317024], [116.4687006, 50.43075], [116.4690781, 50.4304081], [116.4697887, 50.4297836], [116.4703444, 50.4293252], [116.4833463, 50.4185765], [116.4955577, 50.4085059], [116.4964805, 50.4077463], [116.5075837, 50.3985609], [116.5078744, 50.398322], [116.5085305, 50.3976992], [116.5087536, 50.3975033], [116.5097737, 50.3966443], [116.5100912, 50.396349], [116.5104346, 50.3960105], [116.5117975, 50.3948558], [116.5119404, 50.3947353], [116.512321, 50.3944668], [116.5130248, 50.3939684], [116.5143806, 50.3928738], [116.5189486, 50.389111], [116.5222421, 50.3863979], [116.5228841, 50.3858533], [116.5237212, 50.3851649], [116.5238706, 50.3850409], [116.5244933, 50.3845186], [116.524881, 50.3841917], [116.5252843, 50.3838719], [116.5256315, 50.3835779], [116.5256953, 50.3835266], [116.5261516, 50.3831373], [116.5294022, 50.3804563], [116.5388556, 50.3725961], [116.5393672, 50.3721612], [116.5397594, 50.3717932], [116.5401207, 50.3714199], [116.540473, 50.3710105], [116.5409001, 50.3704645], [116.5413164, 50.3698073], [116.5415199, 50.3694352], [116.5416826, 50.3691072], [116.5418647, 50.3686822], [116.5420044, 50.3682843], [116.5421315, 50.3678157], [116.5426777, 50.3650422], [116.5427676, 50.3646255], [116.5428494, 50.3642081], [116.5429097, 50.3637983], [116.5429527, 50.3634432], [116.542962, 50.3631019], [116.54295, 50.3627742], [116.5429071, 50.3624072], [116.54284, 50.3620402], [116.5418309, 50.3561947], [116.5408739, 50.3510838], [116.5408055, 50.3507355], [116.5406916, 50.3503444], [116.5405682, 50.3500543], [116.5403871, 50.3497531], [116.5401484, 50.3494887], [116.5398735, 50.3492217], [116.539555, 50.3489833], [116.5392626, 50.3488049], [116.538877, 50.3486034], [116.5384828, 50.3484211], [116.5381072, 50.3482435], [116.5377472, 50.3480574], [116.5373851, 50.3478545], [116.5370887, 50.3476697], [116.5367728, 50.3474249], [116.5364912, 50.3471622], [116.536282, 50.3469016], [116.5361003, 50.3466286], [116.5359776, 50.3463239], [116.5359105, 50.346027], [116.5358944, 50.3457197], [116.5359212, 50.3454424], [116.5360044, 50.3451549], [116.5361368, 50.3448722], [116.5363048, 50.3446029], [116.5365301, 50.344345], [116.5367883, 50.3440928], [116.5371081, 50.3438583], [116.5374962, 50.3436405], [116.537831, 50.34348], [116.5382413, 50.3433226], [116.5387244, 50.3431827], [116.5391412, 50.3431008], [116.5396135, 50.3430424], [116.5401524, 50.3430195], [116.5407106, 50.3430426], [116.5412149, 50.3430982], [116.5416571, 50.343183], [116.5420421, 50.3432878], [116.542512, 50.3434534], [116.5429191, 50.34364], [116.5432774, 50.3438435], [116.5435438, 50.3440331], [116.5438405, 50.3442739], [116.5448509, 50.3451297], [116.5451745, 50.3453598], [116.5454932, 50.3455556], [116.5458857, 50.345748], [116.5462002, 50.3458781], [116.5467721, 50.3460355], [116.547173, 50.3461212], [116.5476475, 50.3461873], [116.5480761, 50.3462216], [116.5485625, 50.3462238], [116.5490679, 50.3461882], [116.5495583, 50.3461225], [116.5500002, 50.3460338], [116.5504478, 50.3459087], [116.5509033, 50.3457366], [116.5512967, 50.3455421], [116.5516631, 50.3453158], [116.5519691, 50.3450805], [116.5524497, 50.3446708], [116.5530581, 50.3441444], [116.5534774, 50.3437753], [116.5540306, 50.3432989], [116.5544747, 50.3429192], [116.555107, 50.3423802], [116.5556315, 50.3418769], [116.5559372, 50.3415491], [116.5562551, 50.3411905], [116.5620406, 50.3343692], [116.5623705, 50.3339874], [116.5626843, 50.333597], [116.562978, 50.333205], [116.5632302, 50.3328138], [116.5634622, 50.3323994], [116.5636861, 50.3319697], [116.5638766, 50.3315562], [116.5697905, 50.3195757], [116.5701945, 50.318756], [116.5703809, 50.3183415], [116.5705392, 50.3179202], [116.5706719, 50.3175023], [116.5707779, 50.3170622], [116.570849, 50.3166066], [116.5708999, 50.3161561], [116.5712003, 50.3127177], [116.5712352, 50.3122724], [116.5712433, 50.3118518], [116.5712245, 50.3114322], [116.5711842, 50.3110211], [116.5711091, 50.310598], [116.5710247, 50.3101646], [116.5703192, 50.3071909], [116.5701959, 50.3067352], [116.5700698, 50.3063069], [116.5699115, 50.3059086], [116.5697224, 50.3054709], [116.5694918, 50.3050572], [116.569249, 50.3046289], [116.5664327, 50.2997265], [116.5662396, 50.2993864], [116.5660626, 50.2990515], [116.5659137, 50.2987182], [116.5657903, 50.2983841], [116.5657152, 50.2980843], [116.5656696, 50.2977485], [116.5656535, 50.2973895], [116.5656401, 50.2957939], [116.5655602, 50.2904488], [116.5655262, 50.2895217], [116.5655228, 50.2891226], [116.5655074, 50.2867644], [116.5655047, 50.2862982], [116.5655221, 50.2859443], [116.5655771, 50.2856547], [116.5656656, 50.2853925], [116.5658493, 50.2849931], [116.5661471, 50.2842896], [116.5663187, 50.2839083], [116.566426, 50.2836109], [116.5665051, 50.2832895], [116.5665521, 50.2829802], [116.5665615, 50.2826999], [116.5665145, 50.2824086], [116.5664341, 50.2820915], [116.5663241, 50.281777], [116.5661806, 50.2814076], [116.5658198, 50.2806012], [116.5656951, 50.2802412], [116.56562, 50.2799276], [116.5655825, 50.2796079], [116.5655784, 50.27929], [116.5656133, 50.2789857], [116.5656951, 50.2786737], [116.5658265, 50.2783712], [116.5659955, 50.2780841], [116.5662195, 50.2777901], [116.5664488, 50.2775347], [116.5667532, 50.2772305], [116.5672763, 50.2766879], [116.5675713, 50.2763537], [116.5677966, 50.2760494], [116.5679696, 50.2757632], [116.568101, 50.2754863], [116.5682003, 50.2751915], [116.56827, 50.2749412], [116.568329, 50.2746515], [116.5683545, 50.2743704], [116.5683532, 50.2740558], [116.5683277, 50.2737815], [116.568274, 50.2734927], [116.5681788, 50.2731618], [116.568036, 50.2728451], [116.5678704, 50.2725618], [116.5677376, 50.2723715], [116.5669973, 50.2713018], [116.5665548, 50.2706255], [116.5663415, 50.2701112], [116.5662463, 50.269704], [116.5662168, 50.2692042], [116.5662932, 50.2687414], [116.5664716, 50.268269], [116.566772, 50.267735], [116.5675351, 50.2665691], [116.5678275, 50.2661688], [116.5681453, 50.2657907], [116.5684551, 50.2654658], [116.5688467, 50.265116], [116.5692101, 50.2648143], [116.5696447, 50.2645117], [116.5700872, 50.2642193], [116.5706612, 50.2638978], [116.5712057, 50.2636372], [116.574769, 50.2622029], [116.5754785, 50.2619251], [116.5759774, 50.2617262], [116.5765929, 50.261469], [116.5771025, 50.2612015], [116.5774874, 50.2609872], [116.5778925, 50.2607257], [116.5781312, 50.2605567], [116.5783724, 50.2603689], [116.5786596, 50.2601221], [116.578964, 50.2598289], [116.5792657, 50.2594911], [116.5795018, 50.2591824], [116.5796479, 50.2589686], [116.5798129, 50.2586646], [116.5800261, 50.2582319], [116.5800947, 50.2580142], [116.5801492, 50.2578412], [116.5804516, 50.2572238], [116.5808456, 50.2564192], [116.5812128, 50.2557471], [116.5814894, 50.2553564], [116.5816851, 50.2551189], [116.5819126, 50.2548922], [116.5823076, 50.2545555], [116.5828549, 50.2541397], [116.5832566, 50.2538921], [116.5838159, 50.2536463], [116.5844274, 50.2534411], [116.5851184, 50.2532488], [116.5858788, 50.2530795], [116.586728, 50.2529379], [116.5876359, 50.2528357], [116.5885062, 50.2527494], [116.5894466, 50.2526958], [116.5905069, 50.2526839], [116.5912661, 50.2526988], [116.5919981, 50.2527465], [116.592652, 50.2528182], [116.5933268, 50.2529312], [116.5940827, 50.2530634], [116.5948206, 50.2531914], [116.5949141, 50.2532061], [116.5966487, 50.2535052], [116.5971991, 50.2535638], [116.5976238, 50.2535872], [116.59804, 50.2535843], [116.598479, 50.2535667], [116.5989003, 50.2535199], [116.5995892, 50.2534288], [116.600143, 50.253303], [116.6005542, 50.2531895], [116.601094, 50.252999], [116.6015972, 50.252765], [116.6021012, 50.2524721], [116.6025172, 50.2521384], [116.6031318, 50.2515629], [116.6034355, 50.2512621], [116.6041778, 50.2505583], [116.6044174, 50.2502753], [116.6046211, 50.2499694], [116.6047596, 50.2496986], [116.6048862, 50.2493788], [116.6049495, 50.2491153], [116.6049882, 50.2488763], [116.6049979, 50.2485416], [116.6049721, 50.2482388], [116.6048914, 50.2479083], [116.604785, 50.247597], [116.6045974, 50.2472434], [116.6043971, 50.2469221], [116.6041408, 50.2466345], [116.6038563, 50.2463761], [116.6035321, 50.2461083], [116.6031764, 50.24587], [116.6028512, 50.2456856], [116.6025099, 50.2455255], [116.601725, 50.2451949], [116.5998996, 50.244472], [116.5993305, 50.2442129], [116.5988921, 50.2439819], [116.598551, 50.2437424], [116.5982719, 50.2435276], [116.5979918, 50.2432546], [116.5977548, 50.2429749], [116.5975779, 50.2426868], [116.5974121, 50.2423452], [116.5973417, 50.2421418], [116.597295, 50.241939], [116.597265, 50.241711], [116.5972584, 50.241457], [116.5973017, 50.2411075], [116.5973707, 50.2408778], [116.5974448, 50.2406685], [116.5976267, 50.2403093], [116.5980453, 50.2396447], [116.5981778, 50.2394369], [116.5982677, 50.2392679], [116.5983968, 50.238983], [116.5984815, 50.2387331], [116.5985427, 50.2383824], [116.5985783, 50.2380949], [116.5985702, 50.2377822], [116.5985289, 50.2373304], [116.5983872, 50.2368068], [116.5981674, 50.2363383], [116.5978972, 50.2358931], [116.5976268, 50.2355591], [116.5973281, 50.2352495], [116.5970254, 50.2349788], [116.5966504, 50.234699], [116.5926004, 50.2321101], [116.5905142, 50.2307511], [116.5899914, 50.2304265], [116.5895941, 50.2300907], [116.5893014, 50.2297516], [116.5890418, 50.2293666], [116.58889, 50.2290714], [116.588782, 50.2287806], [116.5887255, 50.2284729], [116.5886974, 50.2281745], [116.5887255, 50.2278776], [116.5887765, 50.2275551], [116.5888788, 50.2272427], [116.5890432, 50.2269207], [116.5892214, 50.2266526], [116.5894565, 50.2263442], [116.5896839, 50.2261109], [116.5899484, 50.2258933], [116.5902936, 50.2256513], [116.5908086, 50.225384], [116.5912848, 50.2251816], [116.591792, 50.2250027], [116.5923692, 50.2248541], [116.5930149, 50.2247417], [116.5934299, 50.2247025], [116.5937995, 50.2246782], [116.5944297, 50.224692], [116.5949403, 50.2247364], [116.5954984, 50.2248239], [116.5964504, 50.2250341], [116.5969648, 50.2251459], [116.5975131, 50.2251972], [116.598107, 50.2252178], [116.5987055, 50.225174], [116.5992557, 50.2250867], [116.5998288, 50.2249558], [116.600263, 50.2248082], [116.6006996, 50.2246162], [116.6010616, 50.2244194], [116.6014382, 50.2241465], [116.6016878, 50.2239171], [116.6019059, 50.2236757], [116.6020876, 50.2234201], [116.6022371, 50.2231419], [116.6023558, 50.222765], [116.6025088, 50.2220767], [116.6026171, 50.2217723], [116.6027641, 50.2214902], [116.6029909, 50.2211939], [116.6032836, 50.2208858], [116.6036512, 50.2205994], [116.6040449, 50.2203355], [116.6044481, 50.2201015], [116.6048428, 50.2199033], [116.6052848, 50.2197446], [116.6057374, 50.2196218], [116.6061706, 50.2195323], [116.6066769, 50.2194717], [116.6071886, 50.2194475], [116.6076751, 50.2194686], [116.6081715, 50.2195106], [116.6086407, 50.219567], [116.6091382, 50.2196201], [116.6095863, 50.2196552], [116.6101009, 50.2196674], [116.610474, 50.219654], [116.611074, 50.219575], [116.6115556, 50.2194861], [116.6119672, 50.2193848], [116.6123378, 50.2192518], [116.6127549, 50.2190691], [116.6130757, 50.2188783], [116.6133835, 50.2186575], [116.6136222, 50.2184599], [116.613872, 50.2181897], [116.6140584, 50.21794], [116.6143221, 50.2174587], [116.6145477, 50.2170418], [116.6147885, 50.2167125], [116.6150736, 50.2164268], [116.6154604, 50.2161491], [116.6158251, 50.2159215], [116.6161737, 50.2157257], [116.6166184, 50.2155229], [116.6171003, 50.2153657], [116.617618, 50.2152301], [116.6182112, 50.2151225], [116.6192373, 50.2149392], [116.6199178, 50.2147891], [116.6207876, 50.2145623], [116.6214724, 50.2143418], [116.6227751, 50.2138676], [116.6233409, 50.2136563], [116.6237983, 50.2135296], [116.6241865, 50.2134428], [116.6246204, 50.2133503], [116.6251406, 50.2132603], [116.6266916, 50.2130761], [116.627643, 50.2129637], [116.6284879, 50.2128317], [116.6292412, 50.2126672], [116.6301071, 50.212454], [116.630776, 50.2122542], [116.6314795, 50.2120188], [116.6320844, 50.2117724], [116.6324771, 50.2115814], [116.6332884, 50.2111642], [116.6341432, 50.2107242], [116.6346915, 50.2104813], [116.6351832, 50.2103058], [116.6358902, 50.210138], [116.6366062, 50.2099803], [116.6422705, 50.2088838], [116.6431781, 50.2087529], [116.6440616, 50.2086873], [116.6447529, 50.2086791], [116.6453925, 50.2086955], [116.6460732, 50.2087449], [116.6469638, 50.2088856], [116.6475387, 50.2089903], [116.6479157, 50.2090808], [116.6483635, 50.2092036], [116.6487738, 50.2093348], [116.6497579, 50.2096982], [116.6506534, 50.2099131], [116.6515968, 50.2099926], [116.6524634, 50.2099529], [116.6533834, 50.209762], [116.6541287, 50.2095155], [116.6547859, 50.2091744], [116.6553691, 50.2087216], [116.655817, 50.2081562], [116.6559902, 50.2077901], [116.6560672, 50.2075121], [116.6560943, 50.2072401], [116.6560772, 50.2070233], [116.6560262, 50.2067469], [116.6559401, 50.2065214], [116.6558403, 50.2062577], [116.6556681, 50.2059823], [116.6554571, 50.2057598], [116.6551764, 50.2054787], [116.6549106, 50.2052768], [116.6545837, 50.2050821], [116.6541338, 50.2048523], [116.6535261, 50.2046375], [116.6529176, 50.2044951], [116.6523322, 50.2044109], [116.6519335, 50.2043906], [116.6515938, 50.2043848], [116.6509996, 50.2044196], [116.6502256, 50.2045464], [116.6495979, 50.2046214], [116.649096, 50.2046517], [116.6485002, 50.2046305], [116.647981, 50.2045731], [116.6475407, 50.2044943], [116.6469833, 50.2043492], [116.6465405, 50.2041834], [116.6461526, 50.2040235], [116.6456986, 50.2037496], [116.6452982, 50.2034354], [116.6449499, 50.2030721], [116.6447192, 50.2027457], [116.6445608, 50.2023994], [116.6444868, 50.2019964], [116.6444868, 50.2016944], [116.644529, 50.2013126], [116.6446192, 50.2009997], [116.6448176, 50.2006308], [116.6450775, 50.2002799], [116.6456243, 50.1997624], [116.6463834, 50.1990987], [116.6468395, 50.1986475], [116.6473241, 50.1981216], [116.6477397, 50.1976339], [116.648488, 50.1966965], [116.6488284, 50.1961841], [116.6492246, 50.1954616], [116.6495145, 50.1947605], [116.6496617, 50.1942305], [116.6497723, 50.1936641], [116.649823, 50.1932478], [116.6498552, 50.1929033], [116.6498459, 50.1919036], [116.6498975, 50.191447], [116.6500204, 50.1910505], [116.6502103, 50.1907193], [116.6504844, 50.1903864], [116.6509417, 50.1899668], [116.6514651, 50.1896347], [116.6520335, 50.189343], [116.6526643, 50.1890899], [116.6533268, 50.1889033], [116.6539624, 50.1887614], [116.6572627, 50.1882169], [116.6578809, 50.1881361], [116.6585772, 50.1879928], [116.6593458, 50.1877194], [116.6598255, 50.1874876], [116.6602056, 50.1872298], [116.6605561, 50.1869266], [116.6608514, 50.1866038], [116.6611053, 50.1862032], [116.6612595, 50.1857442], [116.6612822, 50.1854488], [116.6612405, 50.1846436], [116.6612398, 50.1843249], [116.661283, 50.1839487], [116.6614012, 50.1836186], [116.6616033, 50.1832213], [116.6619237, 50.1827748], [116.6623288, 50.1823948], [116.6627693, 50.1820533], [116.6635832, 50.181633], [116.6707819, 50.1783106], [116.6715545, 50.1779277], [116.6720268, 50.1776282], [116.6724314, 50.1772671], [116.6727256, 50.1769251], [116.6729617, 50.176454], [116.6730757, 50.1760162], [116.6731261, 50.175511], [116.6731076, 50.17383], [116.6730324, 50.1731602], [116.6728636, 50.1725092], [116.6726693, 50.171893], [116.6723116, 50.1707534], [116.6722499, 50.1705051], [116.6721949, 50.1701864], [116.6721792, 50.1698729], [116.6721882, 50.1696006], [116.6722369, 50.1693339], [116.6723159, 50.1690325], [116.6724215, 50.1687382], [116.6725423, 50.1684871], [116.6729501, 50.167735], [116.6730934, 50.1674788], [116.6732084, 50.1671873], [116.6732798, 50.1669559], [116.6733319, 50.1666505], [116.6733598, 50.1663301], [116.6733429, 50.1660648], [116.6733074, 50.1658064], [116.6731957, 50.1653542], [116.6731231, 50.1649888], [116.6730995, 50.164684], [116.6731149, 50.1644687], [116.6731596, 50.1641991], [116.6732436, 50.1639481], [116.673367, 50.1637058], [116.6734636, 50.1635443], [116.6735896, 50.1633613], [116.6737989, 50.1631319], [116.6740322, 50.1629111], [116.674279, 50.1627367], [116.674618, 50.1625123], [116.6750021, 50.1623212], [116.6755066, 50.1621285], [116.6759366, 50.1619875], [116.6763604, 50.1618552], [116.6767091, 50.1617281], [116.677106, 50.1615563], [116.6774842, 50.1613544], [116.6777498, 50.1611825], [116.6779925, 50.1609969], [116.678258, 50.1607366], [116.6784096, 50.1605682], [116.678596, 50.1603139], [116.6787542, 50.1600218], [116.6788575, 50.1597477], [116.6789313, 50.1594943], [116.6789648, 50.1590922], [116.6789353, 50.1586918], [116.6788307, 50.1582622], [116.6785625, 50.1573186], [116.6784515, 50.1569028], [116.6783335, 50.1564298], [116.6782607, 50.1560308], [116.678202, 50.1555837], [116.6781888, 50.1551341], [116.6781927, 50.1546781], [116.6782412, 50.1542218], [116.6783144, 50.1537639], [116.6784008, 50.1533299], [116.679725, 50.1467189], [116.6797711, 50.1464608], [116.6798475, 50.146467], [116.6809896, 50.1406345], [116.6811107, 50.1400687], [116.6813077, 50.1392726], [116.6836855, 50.1302891], [116.6837888, 50.1298699], [116.6838706, 50.1294522], [116.6839524, 50.1290068], [116.6840472, 50.1286004], [116.6841737, 50.128116], [116.6843697, 50.1274564], [116.6847805, 50.1258611], [116.684806, 50.1257824], [116.6848601, 50.1255806], [116.6870871, 50.1169898], [116.6881385, 50.1129281], [116.6882304, 50.1125889], [116.6882678, 50.1124469], [116.6883577, 50.1121147], [116.6884007, 50.1119556], [116.6884698, 50.1116833], [116.6889132, 50.1099346], [116.690759, 50.1026827], [116.6908722, 50.1022673], [116.6909918, 50.1018531], [116.6911045, 50.1014419], [116.6912493, 50.1009989], [116.6913835, 50.1005881], [116.6975404, 50.0825141], [116.6976853, 50.0820967], [116.6978382, 50.0816819], [116.6980031, 50.0812757], [116.7007261, 50.0745462], [116.700822, 50.074312], [116.7014404, 50.0728726], [116.7023631, 50.0704693], [116.7067848, 50.0594796], [116.7069354, 50.0590965], [116.7070368, 50.0588384], [116.7071863, 50.0585177], [116.7072996, 50.0583167], [116.7074425, 50.058088], [116.7076178, 50.0578289], [116.7078669, 50.0575262], [116.7081137, 50.0572472], [116.708374, 50.0569932], [116.708732, 50.0566971], [116.7090122, 50.0564844], [116.7093159, 50.0562546], [116.758471, 50.0204167], [116.7586854, 50.020258], [116.7603283, 50.0190655], [116.7606503, 50.0188259], [116.761505, 50.018205], [116.761804, 50.0180045], [116.7665807, 50.0146717], [116.7734462, 50.0098685], [116.7738095, 50.0096078], [116.7750083, 50.0087649], [116.786949, 50.00043], [116.7873039, 50.0001924], [116.7877673, 49.9999011], [116.7991374, 49.9931017], [116.8018341, 49.9914863], [116.8022384, 49.9912764], [116.8026723, 49.9910789], [116.8030679, 49.9909121], [116.8034917, 49.990772], [116.8039423, 49.9906401], [116.8044177, 49.9905228], [116.8048576, 49.9904422], [116.8052988, 49.9903629], [116.8057904, 49.990318], [116.8062825, 49.9902822], [116.806764, 49.990271], [116.8072502, 49.9902827], [116.8077316, 49.9903107], [116.8082023, 49.990365], [116.8086985, 49.9904357], [116.8091753, 49.9905258], [116.8104319, 49.9907789], [116.8109295, 49.9908616], [116.8114351, 49.9909272], [116.8119085, 49.9909651], [116.8123658, 49.9909806], [116.8128057, 49.9909772], [116.8132523, 49.9909599], [116.8137284, 49.9909177], [116.8141414, 49.9908651], [116.8145947, 49.990797], [116.8150641, 49.9907021], [116.815508, 49.9905832], [116.8159707, 49.990434], [116.8163918, 49.9902891], [116.8168089, 49.9901201], [116.8172179, 49.9899227], [116.8175237, 49.9897451], [116.8179077, 49.9895112], [116.8182789, 49.9892412], [116.8185791, 49.9890001], [116.8188551, 49.9887283], [116.8191451, 49.9884088], [116.819369, 49.9881422], [116.8195769, 49.9878688], [116.8197803, 49.9875716], [116.8199176, 49.987329], [116.8200394, 49.9870527], [116.8201415, 49.9867513], [116.8202422, 49.9864026], [116.820299, 49.9860795], [116.8203172, 49.9856993], [116.8202971, 49.9853437], [116.8202213, 49.9849546], [116.8200622, 49.984467], [116.8193833, 49.9825697], [116.8174204, 49.9772601], [116.817289, 49.9768858], [116.8171482, 49.9764589], [116.8170449, 49.9760587], [116.8169698, 49.9756542], [116.8169054, 49.9752445], [116.8168665, 49.9748279], [116.8165608, 49.9706929], [116.8165165, 49.9702211], [116.816424, 49.9697562], [116.8162872, 49.9692257], [116.8161196, 49.9687642], [116.8159559, 49.9683777], [116.8136694, 49.9637082], [116.8134923, 49.9633208], [116.8133515, 49.9629809], [116.8131798, 49.9625271], [116.8130256, 49.9620423], [116.812921, 49.9616014], [116.8128526, 49.9612555], [116.8127775, 49.9607266], [116.8127789, 49.9602814], [116.8128097, 49.9599027], [116.8128687, 49.9593566], [116.8129653, 49.9589295], [116.8130779, 49.9585076], [116.8132174, 49.9580865], [116.8133998, 49.9576431], [116.8136023, 49.9572289], [116.8138531, 49.9568096], [116.8141334, 49.9563902], [116.8144432, 49.9559873], [116.8147673, 49.9555965], [116.8151285, 49.9552246], [116.8154814, 49.9548805], [116.8229029, 49.9475187], [116.8232971, 49.9471191], [116.8236405, 49.9467394], [116.8239422, 49.9463916], [116.8242051, 49.9460378], [116.8244652, 49.945665], [116.8247227, 49.9452792], [116.8292315, 49.9384867], [116.8294622, 49.9381484], [116.8296875, 49.9378117], [116.8299933, 49.9374138], [116.8303017, 49.9370608], [116.8306236, 49.9367168], [116.8309877, 49.936372], [116.8313981, 49.9360167], [116.8317112, 49.9357673], [116.832123, 49.9354673], [116.8325467, 49.9351851], [116.8382918, 49.9315869], [116.8385246, 49.9314376], [116.838726, 49.9313109], [116.8389286, 49.9311887], [116.8395252, 49.9308072], [116.8496106, 49.9244519], [116.8531235, 49.922253], [116.8535344, 49.9219937], [116.8541178, 49.9216542], [116.8556006, 49.9208939], [116.8558133, 49.9207895], [116.8722265, 49.9124958], [116.87274, 49.9122346], [116.8731487, 49.9119842], [116.8735192, 49.9117305], [116.8738125, 49.9115162], [116.8740825, 49.9112899], [116.8744335, 49.9109634], [116.8747342, 49.9106352], [116.8750951, 49.910149], [116.8753706, 49.9096445], [116.8755585, 49.909212], [116.8814346, 49.8943163], [116.8815549, 49.8940177], [116.8838963, 49.8880586], [116.8840519, 49.8876922], [116.8841833, 49.8874287], [116.8843898, 49.8871098], [116.8846124, 49.8868212], [116.8848672, 49.8865646], [116.8851583, 49.8863097], [116.8854734, 49.8860781], [116.8858275, 49.8858673], [116.8861735, 49.8856832], [116.8865798, 49.885494], [116.8869929, 49.8853315], [116.8874207, 49.8851915], [116.8878525, 49.8850524], [116.917436, 49.8756103], [116.918073, 49.8754055], [116.9187021, 49.8752095], [116.9193325, 49.8750307], [116.9199505, 49.8748679], [116.9206202, 49.8747026], [116.9212874, 49.8745374], [116.9325167, 49.8717563], [116.9331537, 49.8716008], [116.9337787, 49.8714504], [116.9343795, 49.8713371], [116.9350098, 49.8712395], [116.9356763, 49.8711608], [116.9363549, 49.8710917], [116.937063, 49.8710441], [116.9466602, 49.8704811], [116.9651696, 49.8693938], [116.9654009, 49.8693881], [116.9661089, 49.8693536], [116.9667095, 49.869292], [116.9673103, 49.8692134], [116.9679259, 49.8691192], [116.968575, 49.8689981], [116.9692348, 49.8688564], [116.9698718, 49.8686965], [116.9705357, 49.8684916], [116.9741533, 49.8673403], [116.9746689, 49.8671708], [116.9751791, 49.8669892], [116.9757006, 49.8667837], [116.976289, 49.8665245], [116.9846968, 49.862864], [116.9851698, 49.8626648], [116.9856472, 49.8624888], [116.9861417, 49.8623261], [116.986602, 49.8622042], [116.9871584, 49.8620768], [116.9876786, 49.8619805], [116.9881812, 49.8619145], [116.9886958, 49.8618589], [116.9893677, 49.8618096], [116.9981912, 49.8611232], [116.9981961, 49.8610769], [116.9991654, 49.8610058], [117.0241429, 49.8589936], [117.0248343, 49.8589395], [117.0254804, 49.8588802], [117.0261573, 49.8588137], [117.0268017, 49.8587272], [117.0273878, 49.8586317], [117.0279779, 49.8585201], [117.0286048, 49.8583792], [117.0292331, 49.8582331], [117.0298514, 49.858077], [117.0304643, 49.857886], [117.0310577, 49.8576759], [117.0316196, 49.8574558], [117.0321433, 49.8572449], [117.0591726, 49.8461208], [117.059764, 49.8458775], [117.0602971, 49.8456587], [117.0607712, 49.8454732], [117.0612372, 49.8453006], [117.061935, 49.8450632], [117.0622625, 49.844961], [117.0641351, 49.8444019], [117.0761284, 49.8407574], [117.0763251, 49.8406976], [117.0763482, 49.8407248], [117.0802205, 49.8395425], [117.0808804, 49.8393499], [117.0814142, 49.839189], [117.0820619, 49.8389737], [117.082652, 49.8387704], [117.0829082, 49.8386813], [117.0832823, 49.8385352], [117.0838349, 49.8383241], [117.0852275, 49.8377744], [117.0879154, 49.8367177], [117.0893654, 49.8361476], [117.1034411, 49.8306299], [117.1044791, 49.8302251], [117.1049928, 49.8300174], [117.1054226, 49.8298634], [117.1058585, 49.8297302], [117.1063909, 49.82959], [117.1069649, 49.8294516], [117.1075094, 49.8293313], [117.1081182, 49.8292146], [117.1099143, 49.8288882], [117.1117201, 49.8285734], [117.120683, 49.8270111], [117.1213898, 49.8268882], [117.1220322, 49.8267766], [117.1226558, 49.8266555], [117.1232727, 49.8265318], [117.1238923, 49.8263951], [117.1245106, 49.8262524], [117.127677, 49.8255145], [117.1276534, 49.8254617], [117.1280949, 49.8253586], [117.1281242, 49.8254115], [117.1516029, 49.8199501], [117.1522111, 49.8198035], [117.1527891, 49.8196616], [117.1534006, 49.8194868], [117.1539713, 49.8193111], [117.1545466, 49.8191117], [117.155079, 49.8189075], [117.1556041, 49.8186738], [117.1561003, 49.8184238], [117.1566615, 49.8181499], [117.1610248, 49.8158849], [117.1615277, 49.8156184], [117.1620454, 49.8153147], [117.1625577, 49.815023], [117.1630231, 49.8147453], [117.1634147, 49.8144917], [117.1639511, 49.8141559], [117.1852398, 49.8004292], [117.1859331, 49.7999713], [117.1866855, 49.7995082], [117.1876319, 49.7990043], [117.1887267, 49.7984625], [117.1898904, 49.7978534], [117.2265767, 49.7797339], [117.2271104, 49.7794637], [117.2276482, 49.7792082], [117.2281592, 49.7789831], [117.2287466, 49.7787562], [117.2293393, 49.7785509], [117.2304632, 49.7781751], [117.2309983, 49.7779707], [117.2315548, 49.7777464], [117.2320993, 49.777503], [117.2325754, 49.7772623], [117.2330716, 49.7769756], [117.238566, 49.7738346], [117.2391536, 49.773514], [117.2396712, 49.7732628], [117.2402101, 49.7730097], [117.2421789, 49.7720907], [117.2437646, 49.7713999], [117.2452519, 49.7707157], [117.2467826, 49.7698092], [117.2510379, 49.7668291], [117.2515809, 49.7664417], [117.2521616, 49.7660038], [117.2527255, 49.7655231], [117.2532296, 49.7650053], [117.2545111, 49.7635692], [117.2548304, 49.7631682], [117.2551203, 49.7627363], [117.2653829, 49.7459801], [117.2656139, 49.7455928], [117.2658254, 49.7451825], [117.2659733, 49.7447843], [117.2660801, 49.7443523], [117.2661285, 49.7440672], [117.2661581, 49.7437322], [117.2664059, 49.7348654], [117.2664405, 49.7340085], [117.2664984, 49.7335167], [117.2665767, 49.7330182], [117.2665979, 49.7328606], [117.266654, 49.7325768], [117.2667431, 49.7321766], [117.2668371, 49.7318686], [117.2669779, 49.7314988], [117.2671128, 49.7311656], [117.267409, 49.7304784], [117.2675138, 49.7302674], [117.2676412, 49.7300377], [117.267799, 49.72979], [117.2679704, 49.729564], [117.2682623, 49.7292209], [117.2728135, 49.7240388], [117.2730003, 49.7238151], [117.2731955, 49.7235871], [117.2733483, 49.723402], [117.2735374, 49.723167], [117.273697, 49.7229563], [117.2738828, 49.722701], [117.2740335, 49.7224849], [117.2745835, 49.7216929], [117.2748011, 49.721379], [117.2770987, 49.7180433], [117.2814277, 49.7116687], [117.2840666, 49.7078462], [117.2842139, 49.7076343], [117.2983233, 49.6869938], [117.2984756, 49.6867538], [117.2986396, 49.6864995], [117.2988217, 49.68624], [117.2990865, 49.6858601], [117.3010078, 49.6830339], [117.302663, 49.6806018], [117.3027487, 49.6804702], [117.3031229, 49.6799218], [117.3033737, 49.6795408], [117.3036291, 49.6791725], [117.3038967, 49.678801], [117.3041689, 49.6784487], [117.3044761, 49.6780725], [117.3047711, 49.6777137], [117.3050896, 49.6773483], [117.3054108, 49.6770051], [117.3057084, 49.6767024], [117.3058869, 49.6765343], [117.3061404, 49.6762931], [117.3067333, 49.675751], [117.3068739, 49.6756311], [117.3084377, 49.6742527], [117.3103018, 49.6726144], [117.3110745, 49.6719386], [117.3114257, 49.6716074], [117.3118025, 49.6712377], [117.3121136, 49.6709313], [117.3124349, 49.6705962], [117.3127708, 49.6702126], [117.3136184, 49.6692136], [117.3139759, 49.6687784], [117.3146729, 49.667934], [117.3153283, 49.6671687], [117.3161088, 49.6662169], [117.3185523, 49.6632855], [117.3187353, 49.6630663], [117.3189244, 49.6628324], [117.3190679, 49.6626475], [117.3192094, 49.6624509], [117.3193482, 49.6622534], [117.3194917, 49.6620385], [117.3195796, 49.6618974], [117.3197144, 49.6616483], [117.3198485, 49.6613775], [117.3199967, 49.6610519], [117.3205133, 49.6598055], [117.3208498, 49.6589821], [117.3211785, 49.6582044], [117.3231724, 49.6533777], [117.3251595, 49.648595], [117.3252424, 49.6483633], [117.3252967, 49.6481545], [117.3253495, 49.6479363], [117.3255569, 49.6474385], [117.3261464, 49.6460111], [117.3263534, 49.6455236], [117.3265208, 49.6451039], [117.3266398, 49.644839], [117.326729, 49.6446688], [117.3268237, 49.6445203], [117.3270167, 49.6442464], [117.3273095, 49.6438481], [117.329025, 49.644653], [117.4464324, 49.5914042], [117.4380618, 49.5847585], [117.4386104, 49.5845367], [117.4391061, 49.5843713], [117.4396977, 49.584199], [117.4401047, 49.5840907], [117.4405278, 49.5839886], [117.4446109, 49.5831076], [117.446626, 49.5826729], [117.4473081, 49.582541], [117.4476841, 49.5824826], [117.44816, 49.5824078], [117.4486384, 49.582344], [117.4498047, 49.5821855], [117.4506905, 49.5820651], [117.4512913, 49.5819837], [117.4519338, 49.5819026], [117.4524354, 49.5817978], [117.4533734, 49.5815214], [117.4536592, 49.5814226], [117.4541205, 49.5812417], [117.455214, 49.5807767], [117.4555561, 49.58063], [117.4629886, 49.5774458], [117.4634555, 49.5772611], [117.4637872, 49.5771478], [117.4641251, 49.5770463], [117.4645264, 49.5769378], [117.4652181, 49.5767466], [117.4662737, 49.5764648], [117.4664836, 49.5764183], [117.467356, 49.5762095], [117.4682422, 49.5759877], [117.4689122, 49.5758168], [117.4693343, 49.5757088], [117.4773108, 49.5736904], [117.4855717, 49.5716], [117.4863347, 49.5714154], [117.4867996, 49.571293], [117.4873722, 49.5711465], [117.4878019, 49.5710394], [117.4886902, 49.5708193], [117.4897311, 49.5705456], [117.490126, 49.5704274], [117.4905623, 49.5702809], [117.4911302, 49.5700728], [117.4917779, 49.5698152], [117.4992091, 49.5667112], [117.5004181, 49.5662313], [117.5010355, 49.5659887], [117.5016198, 49.5657738], [117.5022564, 49.5655762], [117.5033615, 49.5652613], [117.5071196, 49.5642967], [117.5080769, 49.5640163], [117.5088925, 49.5637471], [117.5095999, 49.5634841], [117.5102385, 49.563225], [117.510809, 49.5629556], [117.5113756, 49.5626846], [117.5122011, 49.5622649], [117.5179429, 49.5592042], [117.5195513, 49.5583615], [117.520904, 49.5576452], [117.5220703, 49.55695], [117.5232462, 49.5562393], [117.5244513, 49.5554816], [117.5256369, 49.5547648], [117.5271203, 49.553958], [117.5295884, 49.5526619], [117.5301976, 49.5523423], [117.5385202, 49.547971], [117.5429855, 49.5456255], [117.5440731, 49.5450545], [117.5447547, 49.544697], [117.5457154, 49.5441929], [117.5685652, 49.5321891], [117.5694618, 49.5317692], [117.5705364, 49.5313525], [117.5713452, 49.531101], [117.5721906, 49.5308566], [117.5730052, 49.5306537], [117.5737386, 49.5304969], [117.5740944, 49.5304351], [117.5742475, 49.5304085], [117.5742329, 49.5303655], [117.574383, 49.5303396], [117.5781826, 49.5297798], [117.5793773, 49.5296096], [117.5805906, 49.529394], [117.5815019, 49.5292105], [117.5835041, 49.5287217], [117.5855155, 49.5281949], [117.5922301, 49.5264111], [117.5946384, 49.5257647], [117.5958745, 49.525443], [117.5969738, 49.5252049], [117.5977901, 49.5250577], [117.6048339, 49.5238144], [117.6070731, 49.52342], [117.6083102, 49.5231867], [117.6091188, 49.5229959], [117.6095889, 49.5228704], [117.610006, 49.5227495], [117.6109199, 49.522464], [117.6115533, 49.522226], [117.6122208, 49.5219502], [117.6128723, 49.5216553], [117.6137612, 49.5212046], [117.6191915, 49.5184798], [117.6204644, 49.5178539], [117.6212936, 49.5174978], [117.6220904, 49.5172118], [117.6228476, 49.5169692], [117.6236391, 49.5167223], [117.6242045, 49.5165541], [117.6247761, 49.5163979], [117.6256353, 49.5161826], [117.6263124, 49.5160387], [117.6293842, 49.5154434], [117.6300235, 49.5153158], [117.630938, 49.5151087], [117.6317387, 49.5149078], [117.6325976, 49.5146635], [117.6332161, 49.5144574], [117.6337181, 49.5142745], [117.6342066, 49.5140813], [117.6348957, 49.5137911], [117.6356384, 49.5134348], [117.6363177, 49.5130752], [117.6405205, 49.5107645], [117.641235, 49.5103728], [117.6418858, 49.5099811], [117.6424993, 49.5095744], [117.6430667, 49.5091425], [117.6435129, 49.5087673], [117.643893, 49.5084271], [117.6444651, 49.5078717], [117.6447387, 49.5075909], [117.6449876, 49.507298], [117.6481977, 49.5030794], [117.6484212, 49.5027715], [117.6486364, 49.5024754], [117.6488748, 49.5020772], [117.6490541, 49.501695], [117.6492786, 49.5012271], [117.6503392, 49.4983972], [117.6505533, 49.4978806], [117.6507305, 49.4974985], [117.6508943, 49.4971983], [117.6511036, 49.4968704], [117.6513368, 49.4965297], [117.6515918, 49.4962215], [117.6517187, 49.496053], [117.6518567, 49.4958844], [117.652167, 49.4955321], [117.6524475, 49.4952339], [117.6527359, 49.4949479], [117.6530142, 49.4946867], [117.6532802, 49.4944465], [117.6535572, 49.4942123], [117.6538481, 49.4939953], [117.6541424, 49.493785], [117.6544912, 49.4935599], [117.6548569, 49.4933468], [117.6553097, 49.4930689], [117.6558604, 49.49276], [117.6563237, 49.4925022], [117.6581359, 49.49155], [117.6591766, 49.4909959], [117.6592035, 49.4910191], [117.6593563, 49.4909379], [117.665552, 49.4876446], [117.6694017, 49.4855792], [117.6699088, 49.4852992], [117.6701314, 49.485158], [117.6703712, 49.4850089], [117.6706932, 49.4847944], [117.6710229, 49.4845582], [117.6716559, 49.4840699], [117.6722387, 49.4835893], [117.6725042, 49.4833421], [117.6727543, 49.4830883], [117.6730791, 49.4827456], [117.6733704, 49.4823927], [117.67368, 49.4819794], [117.6739741, 49.481561], [117.6755016, 49.4791224], [117.6761612, 49.4782143], [117.6764752, 49.4778242], [117.6768923, 49.4773801], [117.677144, 49.477117], [117.6774171, 49.4768597], [117.677726, 49.4765886], [117.6780111, 49.4763659], [117.6783051, 49.4761521], [117.6787239, 49.4758657], [117.6791827, 49.4755696], [117.6812224, 49.4742875], [117.6822321, 49.4736528], [117.6832952, 49.4729846], [117.6839126, 49.4726129], [117.6846788, 49.472178], [117.6850675, 49.4719587], [117.685822, 49.4715468], [117.6864161, 49.4712308], [117.6869888, 49.4709582], [117.6875907, 49.4706692], [117.6909597, 49.4690514], [117.6917573, 49.4686679], [117.6934664, 49.4678463], [117.693915, 49.4676541], [117.6944224, 49.467447], [117.695003, 49.4672255], [117.6950969, 49.4671896], [117.6954785, 49.467058], [117.6959322, 49.466914], [117.6965338, 49.4667315], [117.6971536, 49.4665691], [117.6976916, 49.466438], [117.6982385, 49.4663149], [117.6989479, 49.466185], [117.6997668, 49.4660619], [117.7038143, 49.4655948], [117.7043944, 49.4655202], [117.7050178, 49.4654433], [117.7056076, 49.4653564], [117.7061971, 49.4652555], [117.7094058, 49.4646078], [117.7093866, 49.4645705], [117.7095336, 49.4645369], [117.7149417, 49.4634095], [117.7153921, 49.4633076], [117.7162751, 49.4630805], [117.7166869, 49.4629682], [117.7170907, 49.4628467], [117.7177949, 49.4626045], [117.7183534, 49.4623925], [117.7190716, 49.4620992], [117.7196258, 49.4618663], [117.7223355, 49.4606542], [117.7227891, 49.460466], [117.7231656, 49.460314], [117.7235921, 49.4601562], [117.7242134, 49.4599486], [117.7247351, 49.459783], [117.7252696, 49.4596295], [117.7282583, 49.4588992], [117.7288839, 49.4587351], [117.7294495, 49.4585846], [117.7299919, 49.4584209], [117.7309752, 49.4580827], [117.7315777, 49.4578563], [117.7320795, 49.4576489], [117.732577, 49.457433], [117.7415396, 49.4532686], [117.7423613, 49.4528796], [117.7436332, 49.4521994], [117.7442589, 49.4518506], [117.7507481, 49.4481474], [117.7520593, 49.4473984], [117.7543662, 49.4460792], [117.7546969, 49.4458909], [117.7553896, 49.4454941], [117.7559587, 49.4451686], [117.7616884, 49.441894], [117.7683716, 49.4380742], [117.7688375, 49.4378077], [117.7712741, 49.4364178], [117.7730136, 49.4354222], [117.7767465, 49.4332876], [117.7787313, 49.4321213], [117.784395, 49.4288374], [117.7849036, 49.4285525], [117.7896925, 49.425951], [117.8009041, 49.4197286], [117.8059234, 49.4169098], [117.8701538, 49.380788], [117.8702176, 49.3807521], [117.8726807, 49.3793664], [117.875225, 49.3779193], [117.9170083, 49.3543052], [117.9193264, 49.352989], [117.9209923, 49.3520478], [117.9728799, 49.3225927], [117.9729426, 49.3225571], [117.984103, 49.3162193], [117.9850777, 49.315664], [117.9884313, 49.3137548], [117.9929483, 49.3111856], [117.993626, 49.310794], [118.0721549, 49.265863], [118.0731737, 49.2652692], [118.0752758, 49.2641027], [118.0797555, 49.2615709], [118.0817938, 49.2604012], [118.0823906, 49.2600587], [118.0909626, 49.255139], [118.0960185, 49.2522301], [118.0967792, 49.2518004], [118.098531, 49.2507949], [118.0993306, 49.2503735], [118.100354, 49.2498571], [118.1014143, 49.2494022], [118.1026374, 49.2489373], [118.1040501, 49.2484821], [118.1047382, 49.2482987], [118.1054365, 49.2481245], [118.1059894, 49.2479914], [118.1065545, 49.2478688], [118.1071338, 49.2477555], [118.1077176, 49.2476574], [118.108605, 49.2475331], [118.1096746, 49.2473993], [118.1102165, 49.2473462], [118.1107619, 49.2473059], [118.1116156, 49.2472645], [118.1128355, 49.2472447], [118.1139041, 49.2472564], [118.1149295, 49.247299], [118.11586, 49.2473393], [118.116389, 49.2473787], [118.1169179, 49.2474293], [118.1175905, 49.2475244], [118.1189656, 49.2477446], [118.1291975, 49.2495091], [118.130134, 49.2496737], [118.1309874, 49.2498403], [118.1311321, 49.2498699], [118.1311141, 49.2499061], [118.1317286, 49.2500492], [118.13239, 49.2502161], [118.1329906, 49.2503833], [118.133579, 49.250561], [118.1341301, 49.2507429], [118.1346812, 49.2509302], [118.1352235, 49.2511317], [118.1357577, 49.2513385], [118.1363117, 49.2515631], [118.1368333, 49.2518131], [118.1409896, 49.2539681], [118.1419301, 49.2544498], [118.1426564, 49.2547874], [118.1434667, 49.2551224], [118.1441648, 49.2554011], [118.1449572, 49.2556921], [118.1457127, 49.2559349], [118.1468739, 49.2562758], [118.1481895, 49.2566513], [118.159614, 49.2597431], [118.1600342, 49.2598628], [118.1606966, 49.2600686], [118.1612409, 49.2602491], [118.1619679, 49.2604976], [118.1626703, 49.2607434], [118.1634944, 49.2610474], [118.1646391, 49.2614998], [118.1653811, 49.2617826], [118.1661232, 49.2620758], [118.2011684, 49.2765088], [118.2020852, 49.2768618], [118.2029735, 49.2771915], [118.2038197, 49.2774637], [118.2045359, 49.2776827], [118.2052952, 49.2778977], [118.2060314, 49.2780895], [118.2067676, 49.2782714], [118.2077047, 49.2784771], [118.2085141, 49.2786265], [118.2092121, 49.2787357], [118.2099703, 49.2788274], [118.2107427, 49.2789144], [118.2115088, 49.2789865], [118.2122803, 49.2790377], [118.2134384, 49.2791147], [118.2141904, 49.2791491], [118.2148755, 49.2791664], [118.2158753, 49.2791749], [118.216802, 49.2791585], [118.2176657, 49.2791276], [118.2187024, 49.2790635], [118.2196375, 49.278994], [118.2203998, 49.2789103], [118.2211668, 49.2788075], [118.2216302, 49.2787448], [118.2220978, 49.2786741], [118.2225626, 49.2786024], [118.22315, 49.2785057], [118.2236851, 49.2784001], [118.2245783, 49.2782036], [118.2255146, 49.2779769], [118.2265843, 49.2777051], [118.2272789, 49.2774989], [118.228783, 49.2770151], [118.2293148, 49.2768176], [118.2297695, 49.2766402], [118.2302862, 49.2764278], [118.230826, 49.2762003], [118.2316267, 49.2758446], [118.2324148, 49.2754769], [118.2331588, 49.2750801], [118.2338013, 49.2747264], [118.2343012, 49.2744427], [118.2349437, 49.274051], [118.2354615, 49.2737095], [118.2357818, 49.2734946], [118.2382659, 49.2717604], [118.2420065, 49.2691688], [118.2426605, 49.2687208], [118.2432501, 49.2683458], [118.243817, 49.2679945], [118.2444065, 49.267654], [118.2451296, 49.2672572], [118.2459896, 49.2668016], [118.2469518, 49.2663367], [118.2476838, 49.2659994], [118.259671, 49.2607336], [118.2597455, 49.2606542], [118.3124067, 49.2375136], [118.3125066, 49.2374697], [118.3125406, 49.2375022], [118.3503, 49.2209036], [118.351067, 49.2205751], [118.3517903, 49.2202909], [118.3525953, 49.2199978], [118.3531238, 49.2198156], [118.3540709, 49.2195301], [118.3550684, 49.219265], [118.3555067, 49.2191554], [118.3559635, 49.2190539], [118.3564163, 49.218957], [118.3568772, 49.218867], [118.3573394, 49.2187861], [118.3578051, 49.2187075], [118.3587612, 49.2185757], [118.3597539, 49.2184636], [118.3607013, 49.218369], [118.3639468, 49.2180679], [118.3644724, 49.2180176], [118.365023, 49.2179578], [118.3655705, 49.2178939], [118.3660118, 49.2178408], [118.3664483, 49.2177759], [118.3673363, 49.2176356], [118.3677987, 49.2175544], [118.3682765, 49.2174611], [118.3687497, 49.2173698], [118.3692013, 49.2172765], [118.3707375, 49.2169246], [118.3716233, 49.2167286], [118.3723759, 49.2165608], [118.3730435, 49.2164105], [118.374259, 49.216137], [118.3888116, 49.2128669], [118.389779, 49.2126384], [118.3905575, 49.2124378], [118.391476, 49.2121825], [118.3997706, 49.2096614], [118.4011391, 49.2092405], [118.4021027, 49.2089621], [118.4031752, 49.2086692], [118.4037364, 49.2085433], [118.4043007, 49.2084244], [118.4237804, 49.204222], [118.4246243, 49.2040377], [118.4254602, 49.2038463], [118.4264526, 49.2036171], [118.4271568, 49.2034352], [118.4279838, 49.2032156], [118.433575, 49.2014556], [118.4341965, 49.2012732], [118.4348273, 49.2010988], [118.4354581, 49.2009334], [118.436095, 49.2007822], [118.4366307, 49.2006605], [118.4371439, 49.2005596], [118.4378762, 49.2004133], [118.4386057, 49.2002915], [118.4394027, 49.2001717], [118.4405431, 49.2000272], [118.4416889, 49.1999107], [118.4428878, 49.1998265], [118.4438017, 49.1997849], [118.4447221, 49.1997649], [118.4453016, 49.199768], [118.446727, 49.199786], [118.4480624, 49.1998136], [118.4494877, 49.199843], [118.4494895, 49.1998092], [118.4579828, 49.199991], [118.4660202, 49.2001631], [118.4665462, 49.2001745], [118.4688413, 49.200224], [118.470108, 49.2002708], [118.4710921, 49.2003156], [118.4716695, 49.2003521], [118.501576, 49.2024762], [118.5022551, 49.2025173], [118.5032798, 49.2025551], [118.504387, 49.2025938], [118.5054493, 49.2026213], [118.5229266, 49.2027098], [118.5244559, 49.2027063], [118.5254668, 49.2026819], [118.5263985, 49.2026352], [118.5272695, 49.2025713], [118.5282913, 49.2024727], [118.5291541, 49.2023694], [118.5301324, 49.2022315], [118.5308698, 49.2021145], [118.5317688, 49.2019681], [118.5572051, 49.1976247], [118.5581864, 49.1974546], [118.5595548, 49.1972327], [118.5605461, 49.197097], [118.5613712, 49.1969999], [118.562145, 49.1969276], [118.563052, 49.1968555], [118.5641921, 49.1968052], [118.564954, 49.1967823], [118.5658139, 49.1967779], [118.5670278, 49.1967941], [118.6005302, 49.1976348], [118.6018449, 49.1976511], [118.6029038, 49.1976396], [118.6039376, 49.197606], [118.6049642, 49.1975447], [118.6062628, 49.1974306], [118.6070896, 49.197347], [118.6100621, 49.1970001], [118.6157588, 49.1963402], [118.6168277, 49.1962013], [118.6175009, 49.1961011], [118.6181253, 49.1959954], [118.6186633, 49.1958945], [118.6196273, 49.1956961], [118.6207132, 49.1954425], [118.6216388, 49.1951734], [118.6225582, 49.1948841], [118.6235584, 49.1945247], [118.6359472, 49.1897984], [118.6379808, 49.1890164], [118.6399768, 49.1882098], [118.6427494, 49.1870437], [118.644092, 49.186481], [118.645037, 49.1860763], [118.6457922, 49.1857206], [118.646537, 49.1853357], [118.6472263, 49.1849649], [118.6507473, 49.1829487], [118.6515546, 49.1825019], [118.6527107, 49.1819022], [118.6533371, 49.1816076], [118.6539796, 49.181327], [118.6561304, 49.1804135], [118.6581551, 49.1796489], [118.6593193, 49.1792175], [118.6599175, 49.1790101], [118.6605193, 49.1788165], [118.661407, 49.1785583], [118.6618561, 49.1784391], [118.6623133, 49.1783245], [118.6632362, 49.1781238], [118.6641708, 49.1779459], [118.6647307, 49.1778492], [118.6653335, 49.1777613], [118.6659167, 49.1776848], [118.6665026, 49.1776189], [118.6670745, 49.1775605], [118.6676367, 49.1775189], [118.668198, 49.1774905], [118.6687673, 49.1774727], [118.6691787, 49.1774642], [118.6695902, 49.1774593], [118.6704131, 49.1774703], [118.6722381, 49.1775387], [118.6746952, 49.1776808], [118.7019464, 49.1792813], [118.7025917, 49.1793239], [118.7032249, 49.179377], [118.704463, 49.1794908], [118.7057236, 49.1796707], [118.7069984, 49.1799154], [118.7077417, 49.180099], [118.708485, 49.1802917], [118.7119994, 49.1812744], [118.7130361, 49.1815509], [118.7138932, 49.1817583], [118.7145963, 49.1819117], [118.7153103, 49.1820515], [118.7159891, 49.1821723], [118.7166678, 49.1822793], [118.7175167, 49.1823848], [118.7183703, 49.1824734], [118.7189523, 49.1825269], [118.7195483, 49.1825621], [118.7201746, 49.182582], [118.7207238, 49.1825844], [118.7213704, 49.1825889], [118.7222208, 49.1825654], [118.7231001, 49.1825303], [118.7239405, 49.1824699], [118.7246965, 49.1824037], [118.7254524, 49.1823162], [118.7266627, 49.1821424], [118.7274381, 49.1820115], [118.7327795, 49.1811028], [118.7336498, 49.1809682], [118.7348406, 49.1808059], [118.7354477, 49.1807385], [118.7360337, 49.1806787], [118.7366493, 49.1806305], [118.7524214, 49.1799361], [118.7553668, 49.1798193], [118.7565211, 49.1797875], [118.757683, 49.1797937], [118.7583955, 49.1798088], [118.7591174, 49.1798336], [118.759842, 49.1798674], [118.7605559, 49.179917], [118.7610717, 49.1799646], [118.7615957, 49.1800182], [118.7626395, 49.1801379], [118.7705992, 49.1812189], [118.7715859, 49.1813491], [118.772562, 49.1814655], [118.7736578, 49.1815631], [118.7744513, 49.1816259], [118.7754973, 49.1816872], [118.801725, 49.1830022], [118.8017212, 49.1830428], [118.801836, 49.1830486], [118.8018415, 49.183008], [118.8693096, 49.1863906], [118.8710086, 49.1864716], [118.8716038, 49.1864966], [118.8722096, 49.1865171], [118.8729333, 49.1865218], [118.8736463, 49.1865125], [118.8743655, 49.1864993], [118.8751055, 49.1864725], [118.8759425, 49.1864261], [118.8768241, 49.1863691], [118.8777104, 49.1862938], [118.8790969, 49.1861804], [118.8807561, 49.1860447], [118.8840619, 49.1857743], [118.8849402, 49.1856829], [118.8860252, 49.1855543], [118.8870868, 49.1853982], [118.8878062, 49.1852752], [118.8887139, 49.1851176], [118.8895678, 49.1849563], [118.8900463, 49.1848528], [118.8905163, 49.1847451], [118.8968256, 49.1831769], [118.8977466, 49.182948], [118.9007881, 49.1822024], [118.9015457, 49.1820222], [118.9026066, 49.1817927], [118.9031459, 49.1816844], [118.9036892, 49.1815894], [118.9047812, 49.1814038], [118.9053292, 49.1813277], [118.9058854, 49.1812568], [118.9075314, 49.18106], [118.9080397, 49.1809942], [118.9179002, 49.1797605], [118.9195235, 49.1795628], [118.9326154, 49.1781094], [118.9335301, 49.1779907], [118.9344468, 49.1778693], [118.9352808, 49.1777303], [118.9369929, 49.1774555], [118.9383406, 49.1772263], [118.9837768, 49.1692803], [118.9871823, 49.1687623], [118.9880268, 49.1686458], [119.1105958, 49.1540163], [119.1107025, 49.1540035], [119.1402774, 49.1504729], [119.1430502, 49.1501421], [119.1444168, 49.14998], [119.1457887, 49.1498319], [119.1471617, 49.1497088], [119.1498174, 49.149576], [119.1629574, 49.1488847], [119.1653868, 49.1487683], [119.1684774, 49.1486113], [119.1998779, 49.146959], [119.2005142, 49.146923], [119.2005891, 49.1469188], [119.202234, 49.1468252], [119.2536581, 49.1445503], [119.2557124, 49.1444829], [119.257477, 49.1444821], [119.2581675, 49.1445149], [119.2588698, 49.1445562], [119.2606284, 49.1446837], [119.2621774, 49.1447857], [119.263748, 49.1449017], [119.265099, 49.1450095], [119.2658673, 49.1450972], [119.2666356, 49.1451938], [119.2910711, 49.1485957], [119.292207, 49.1487224], [119.2933388, 49.1488066], [119.2940555, 49.1488482], [119.2951617, 49.1488761], [119.2963247, 49.1488666], [119.2973471, 49.1488397], [119.3014607, 49.1486811], [119.302923, 49.1486684], [119.3034939, 49.1486738], [119.3040701, 49.1487003], [119.3054683, 49.1487981], [119.3061788, 49.1488707], [119.3068276, 49.1489433], [119.3072864, 49.1490078], [119.3077452, 49.1490805], [119.3086581, 49.149236], [119.3098596, 49.1494889], [119.3109856, 49.1497514], [119.3141303, 49.1505455], [119.3149091, 49.1507422], [119.3197588, 49.1519669], [119.3298771, 49.1545221], [119.3306638, 49.1547208], [119.353893, 49.1605863], [119.3547728, 49.1608159], [119.3563726, 49.1612671], [119.3761933, 49.1673839], [119.3773265, 49.1677371], [119.3785584, 49.1681282], [119.379476, 49.1683967], [119.3804964, 49.1686778], [119.3816484, 49.1689576], [119.3823917, 49.1691215], [119.4219695, 49.1766072], [119.4220432, 49.1766212], [119.5000986, 49.1913812], [119.5167626, 49.1945918], [119.5856966, 49.2076255], [119.5881913, 49.2080972], [119.6012989, 49.2105756], [119.6051463, 49.2113024], [119.605797, 49.2114254], [119.6114499, 49.212494], [119.6126264, 49.212712], [119.6148631, 49.2131087], [119.6164574, 49.2133422], [119.6178792, 49.2135057], [119.6265509, 49.2143128], [119.6305686, 49.2147594], [119.6314962, 49.2148366], [119.6324237, 49.2148997], [119.6329115, 49.2149331], [119.6333992, 49.2149559], [119.6343694, 49.2149841], [119.6982014, 49.2161157], [119.6994336, 49.2161517], [119.7006536, 49.2162075], [119.7015452, 49.2162742], [119.7019186, 49.2163073], [119.7022893, 49.2163509], [119.7027328, 49.2164083], [119.703127, 49.2164653], [119.703558, 49.2165308], [119.7039809, 49.2166069], [119.7044461, 49.2166912], [119.7049134, 49.2167809], [119.7059145, 49.217006], [119.7105316, 49.2181312], [119.7120836, 49.2184928], [119.7127954, 49.2186507], [119.7135073, 49.2187924], [119.7141675, 49.2189023], [119.7148586, 49.2190082], [119.7242495, 49.2201612], [119.7249312, 49.2202518], [119.7255584, 49.220352], [119.7261622, 49.2204934], [119.7267111, 49.2206435], [119.7272367, 49.2208149], [119.7277769, 49.2210358], [119.7282563, 49.2212536], [119.7286155, 49.2214363], [119.7289653, 49.2216313], [119.7293478, 49.2218802], [119.7295336, 49.2220128], [119.7297129, 49.2221507], [119.7299252, 49.2223307], [119.7301418, 49.2225217], [119.7302833, 49.2226597], [119.7304248, 49.2228072], [119.7306797, 49.2231012], [119.7312418, 49.2237418], [119.7315362, 49.2240769], [119.7320086, 49.2246144], [119.7323424, 49.2249952], [119.7329386, 49.2256732], [119.7356362, 49.2287449], [119.739606, 49.2332648], [119.7400068, 49.2337222], [119.7403294, 49.2340909], [119.7407678, 49.2345891], [119.7410879, 49.2349505], [119.7414545, 49.2353708], [119.7417109, 49.2356673], [119.7420029, 49.2359676], [119.7422981, 49.2362195], [119.7425955, 49.2364324], [119.742941, 49.2366608], [119.7432444, 49.2368387], [119.7435612, 49.2370026], [119.7437375, 49.2370927], [119.7439021, 49.2371734], [119.7441212, 49.2372727], [119.7443754, 49.2373687], [119.7446035, 49.2374447], [119.7448858, 49.2375331], [119.7452523, 49.2376244], [119.7456333, 49.2377076], [119.7460968, 49.237799], [119.746514, 49.2378681], [119.7469889, 49.2379225], [119.7502473, 49.2382368], [119.7575559, 49.2390553], [119.757824, 49.2390914], [119.7580983, 49.2391336], [119.7584209, 49.2391904], [119.7587399, 49.2392554], [119.7590552, 49.2393298], [119.7593478, 49.2394078], [119.7596876, 49.2394972], [119.7600153, 49.2395959], [119.7600203, 49.2396484], [119.7604009, 49.239778], [119.7610376, 49.2400236], [119.7614428, 49.240196], [119.7618709, 49.2403878], [119.7622868, 49.2405918], [119.7645914, 49.2417761], [119.7656958, 49.2423693], [119.7663319, 49.2427584], [119.7670226, 49.2432008], [119.7673527, 49.243418], [119.7673599, 49.2433681], [119.7717852, 49.2462916], [119.7731957, 49.2472714], [119.7770809, 49.2501693], [119.7775125, 49.2504702], [119.7779184, 49.2507263], [119.7783009, 49.2509352], [119.7788086, 49.2511742], [119.7792789, 49.2513644], [119.7797227, 49.2515241], [119.7802314, 49.251672], [119.7808721, 49.2518254], [119.7814886, 49.2519438], [119.7953752, 49.2542465], [119.7959903, 49.2543354], [119.7965411, 49.2543961], [119.7969986, 49.2544279], [119.7975468, 49.2544459], [119.7979656, 49.2544403], [119.803759, 49.2541899], [119.8046809, 49.2541512], [119.8067843, 49.2540633], [119.8078091, 49.2540205], [119.8088117, 49.2539795], [119.8096197, 49.2539453], [119.8102038, 49.2539206], [119.8144223, 49.2537439], [119.8151029, 49.2537205], [119.815437, 49.2537179], [119.8157282, 49.253721], [119.8163284, 49.2537454], [119.8170677, 49.2537951], [119.8212526, 49.2541102], [119.8262525, 49.254463], [119.8268049, 49.2545041], [119.8304543, 49.2547693], [119.8310772, 49.2548149], [119.8337877, 49.2550118], [119.8343892, 49.2550562], [119.8375862, 49.2552881], [119.8383774, 49.2553385], [119.8387115, 49.2553555], [119.8391002, 49.2553682], [119.8395181, 49.2553723], [119.8398704, 49.2553667], [119.840324, 49.2553498], [119.8407294, 49.2553276], [119.8411428, 49.255296], [119.8415435, 49.2552523], [119.8419449, 49.2551965], [119.8423512, 49.2551313], [119.8426924, 49.2550695], [119.843032, 49.2549969], [119.8433593, 49.2549227], [119.8436885, 49.2548391], [119.8440133, 49.254746], [119.8443316, 49.2546494], [119.8446425, 49.2545477], [119.844938, 49.2544424], [119.8452272, 49.2543314], [119.8457468, 49.2541193], [119.8460212, 49.2539978], [119.8476882, 49.2532222], [119.848322, 49.2529466], [119.8487233, 49.2527839], [119.8491258, 49.2526459], [119.8495579, 49.2525034], [119.8499826, 49.2523832], [119.850316, 49.2522953], [119.8506908, 49.2522079], [119.851088, 49.2521263], [119.8514892, 49.2520553], [119.8518903, 49.2519919], [119.8523096, 49.2519396], [119.8527837, 49.2518931], [119.853144, 49.2518668], [119.8535466, 49.2518472], [119.8539242, 49.2518375], [119.8543769, 49.2518316], [119.8564621, 49.2518258], [119.8569094, 49.25182], [119.8577328, 49.2517886], [119.8580859, 49.2517619], [119.8584879, 49.2517247], [119.8588665, 49.2516789], [119.8592131, 49.2516285], [119.8595974, 49.2515677], [119.8600207, 49.2514852], [119.8604969, 49.2513785], [119.8609683, 49.2512531], [119.861501, 49.2510966], [119.8624129, 49.2507901], [119.882819, 49.2440573], [119.8849735, 49.2433664], [119.8875068, 49.2425239], [119.887985, 49.2423647], [119.8912895, 49.2412646], [119.8919395, 49.2410496], [119.9004904, 49.238205], [119.9089099, 49.235404], [119.909519, 49.2352043], [119.9114977, 49.2345428], [119.9125519, 49.2341764], [119.913058, 49.2340119], [119.9135641, 49.2338554], [119.9141942, 49.2336893], [119.9142258, 49.2337359], [119.9145203, 49.2336581], [119.9577926, 49.2239334], [119.957751, 49.2238508], [119.9580576, 49.2237788], [119.9587158, 49.2236255], [119.9592376, 49.2234878], [119.9596437, 49.2233624], [119.960078, 49.2232117], [119.9605307, 49.2230463], [119.982154, 49.2145643], [119.9828932, 49.2142811], [119.9836319, 49.2140054], [119.984178, 49.2138215], [119.9852543, 49.2134805], [119.9859927, 49.2132601], [119.9869661, 49.212996], [120.0141495, 49.2058172], [120.0152378, 49.2055153], [120.0595197, 49.1937509], [120.0614473, 49.1932387], [120.0701295, 49.1909318], [120.0758104, 49.1894223], [120.0778274, 49.1888863], [120.0783939, 49.1887472], [120.0790608, 49.1885749], [120.0795399, 49.188433], [120.0800562, 49.1882633], [120.0805379, 49.1880844], [120.0809468, 49.187919], [120.0814083, 49.1877276], [120.0889204, 49.1843011], [120.089354, 49.1841043], [120.0897922, 49.1839158], [120.0903307, 49.1836859], [120.0909266, 49.1834507], [120.0912659, 49.1833278], [120.0916914, 49.1831899], [120.0921019, 49.1830729], [120.1004622, 49.1808443], [120.1016134, 49.1805446], [120.1025665, 49.180327], [120.1037721, 49.1800786], [120.1113137, 49.1786366], [120.1157393, 49.1777916], [120.116263, 49.1776754], [120.1168143, 49.1775285], [120.1172895, 49.1774026], [120.1176916, 49.1772701], [120.1182304, 49.1770654], [120.1187631, 49.1768452], [120.1194098, 49.1765331], [120.1199628, 49.1762364], [120.1232879, 49.1742869], [120.1272599, 49.1720228], [120.1278374, 49.171719], [120.1282519, 49.1715188], [120.1286866, 49.1713289], [120.1291021, 49.1711702], [120.1295319, 49.1710248], [120.1300829, 49.170863], [120.1307089, 49.1707071], [120.1320848, 49.1704297], [120.1324291, 49.170383], [120.1327811, 49.1703444], [120.1331184, 49.1703139], [120.1336411, 49.1702787], [120.1415053, 49.1697494], [120.1423996, 49.1696936], [120.1432565, 49.1696606], [120.1438976, 49.1696676], [120.1445431, 49.1696882], [120.1450469, 49.1697297], [120.1455026, 49.1697739], [120.1459125, 49.1698284], [120.1488078, 49.1702785], [120.1493114, 49.1703467], [120.1498453, 49.1704057], [120.1503183, 49.1704349], [120.1508785, 49.1704533], [120.1514346, 49.1704548], [120.1520552, 49.1704437], [120.1527071, 49.1704146], [120.161935, 49.1698712], [120.1626027, 49.1698344], [120.163066, 49.1698168], [120.1635884, 49.1698063], [120.1642141, 49.1698093], [120.1646091, 49.1698242], [120.164948, 49.1698452], [120.1653127, 49.1698719], [120.1656515, 49.169913], [120.1660856, 49.1699745], [120.2017418, 49.176005], [120.2020707, 49.1760606], [120.2020501, 49.1761195], [120.2021128, 49.1761303], [120.2025148, 49.1761903], [120.2032174, 49.1762881], [120.2037962, 49.1763497], [120.2044021, 49.1763942], [120.2049819, 49.1764283], [120.210184, 49.1767082], [120.2110112, 49.1767733], [120.2117309, 49.1768628], [120.212358, 49.1769603], [120.2129216, 49.1770757], [120.2134376, 49.1772043], [120.2141777, 49.1774062], [120.2170928, 49.1782689], [120.2176843, 49.1784345], [120.2181779, 49.1785548], [120.2185856, 49.1786475], [120.2190385, 49.1787341], [120.2194865, 49.1788002], [120.2199344, 49.1788514], [120.2203055, 49.1788911], [120.2206731, 49.1789196], [120.2210758, 49.1789453], [120.2214864, 49.1789619], [120.2219556, 49.1789634], [120.2230605, 49.1789374], [120.288349, 49.1772888], [120.2897487, 49.1772507], [120.2906786, 49.1772286], [120.2964942, 49.1770599], [120.2968425, 49.1770513], [120.2999805, 49.1769661], [120.3004642, 49.176957], [120.3009622, 49.1769505], [120.3014282, 49.1769536], [120.3019033, 49.1769666], [120.3024611, 49.1769976], [120.3030169, 49.1770412], [120.3035024, 49.177089], [120.3040291, 49.1771509], [120.3104026, 49.1779283], [120.3172779, 49.1787653], [120.3268983, 49.1799404], [120.3280416, 49.1800798], [120.3287838, 49.1801834], [120.3290936, 49.1802324], [120.3294064, 49.1802932], [120.3297451, 49.1803629], [120.3299977, 49.1804203], [120.3302608, 49.1804847], [120.3305524, 49.1805695], [120.3309823, 49.1806966], [120.3314157, 49.1808345], [120.3322201, 49.1811344], [120.3327189, 49.1813419], [120.3332203, 49.1815614], [120.3343893, 49.1820637], [120.3347756, 49.1822311], [120.3353352, 49.1824812], [120.3358215, 49.1827093], [120.3374209, 49.183494], [120.3381002, 49.1838233], [120.3384748, 49.1839987], [120.3388045, 49.1841434], [120.340021, 49.1846603], [120.3409575, 49.1850595], [120.3439025, 49.1863426], [120.3445992, 49.1866366], [120.3454779, 49.1870014], [120.3463661, 49.1873648], [120.3937814, 49.2076857], [120.394107, 49.2078283], [120.3941365, 49.2077969], [120.4025829, 49.2114158], [120.4036768, 49.2118757], [120.404237, 49.2120848], [120.4048215, 49.2122832], [120.4053573, 49.2124524], [120.4059175, 49.2126082], [120.4063891, 49.2127304], [120.406881, 49.2128419], [120.4073568, 49.2129428], [120.4078423, 49.2130284], [120.4085359, 49.2131412], [120.4092373, 49.2132357], [120.410893, 49.2134148], [120.4116015, 49.2134914], [120.4123858, 49.2135762], [120.4130691, 49.2136501], [120.4138607, 49.2137357], [120.4248773, 49.2149271], [120.4303845, 49.2155227], [120.431239, 49.2156151], [120.4320626, 49.2157041], [120.4326547, 49.2157682], [120.434336, 49.21595], [120.4350029, 49.2160289], [120.4354127, 49.2160906], [120.4358184, 49.2161651], [120.4361581, 49.2162336], [120.4364928, 49.2163114], [120.4369859, 49.2164361], [120.4373013, 49.2165269], [120.4376272, 49.216627], [120.4407704, 49.2177654], [120.4416504, 49.2180813], [120.4427934, 49.2185028], [120.4434031, 49.21873], [120.4440559, 49.2189855], [120.4473185, 49.2202953], [120.4479798, 49.2205605], [120.4486737, 49.2208204], [120.4785487, 49.2317872], [120.4792048, 49.2320367], [120.4800805, 49.2323666], [120.4805522, 49.2325206], [120.481084, 49.2326792], [120.4821387, 49.2329679], [120.4889544, 49.2346609], [120.4896507, 49.2348176], [120.4904706, 49.2349794], [120.4913513, 49.2350898], [120.4922367, 49.235177], [120.4931405, 49.2352136], [120.5089994, 49.2349724], [120.509984, 49.2349262], [120.5104817, 49.2348713], [120.5110687, 49.2347959], [120.5115921, 49.2347153], [120.5122578, 49.2345896], [120.5129952, 49.2344181], [120.5136996, 49.2342241], [120.5193419, 49.2325328], [120.5201693, 49.2323044], [120.5208626, 49.2321267], [120.5215902, 49.2319635], [120.5248092, 49.2311019], [120.5256803, 49.2309255], [120.5264879, 49.2307977], [120.5272024, 49.2307164], [120.5279742, 49.2306513], [120.5322345, 49.2303966], [120.5322411, 49.2304366], [120.5328612, 49.2303981], [120.5339419, 49.2303337], [120.5346034, 49.2302977], [120.53543, 49.2302457], [120.5362877, 49.2301948], [120.5446013, 49.2297025], [120.5505916, 49.2293478], [120.5514267, 49.2292984], [120.5520912, 49.2292579], [120.552972, 49.2292076], [120.5534461, 49.2291815], [120.5536329, 49.2291731], [120.5538765, 49.2291698], [120.5542804, 49.2291752], [120.554659, 49.2291958], [120.5551034, 49.2292365], [120.5554719, 49.2292853], [120.5558363, 49.2293474], [120.5560905, 49.2294011], [120.556342, 49.2294629], [120.5565866, 49.2295331], [120.5568374, 49.2296093], [120.5570248, 49.2296745], [120.5572157, 49.2297465], [120.5574559, 49.2298391], [120.5576821, 49.2299363], [120.5581325, 49.2301455], [120.558427, 49.2303097], [120.5586702, 49.2304586], [120.5590734, 49.2307204], [120.5607318, 49.2319509], [120.5611181, 49.2322322], [120.5616089, 49.2325451], [120.5619741, 49.2327584], [120.5623661, 49.2329595], [120.5627973, 49.2331393], [120.5632847, 49.2333052], [120.5638098, 49.2334469], [120.5642858, 49.2335599], [120.5647724, 49.2336554], [120.5668642, 49.2340033], [120.5675942, 49.2341291], [120.5681058, 49.2342362], [120.5685897, 49.2343494], [120.5690378, 49.2344802], [120.5694735, 49.2346272], [120.5698867, 49.2347876], [120.570269, 49.2349561], [120.5731857, 49.2363838], [120.5738261, 49.2367358], [120.5740625, 49.2368802], [120.5742847, 49.2370409], [120.5745285, 49.2372139], [120.5747257, 49.2373807], [120.5756617, 49.2381281], [120.5819326, 49.2437228], [120.582027, 49.2438088], [120.5821016, 49.2438767], [120.582185, 49.2439527], [120.5823945, 49.2441704], [120.5826119, 49.2444165], [120.582809, 49.2446678], [120.5829951, 49.2449482], [120.5831487, 49.2452393], [120.5832671, 49.2455022], [120.5833612, 49.2457811], [120.5834212, 49.2460135], [120.5834688, 49.2462725], [120.5834913, 49.2465747], [120.5834731, 49.2468777], [120.5834466, 49.2471399], [120.5833958, 49.2474127], [120.5832977, 49.2477385], [120.5831669, 49.2480659], [120.5830216, 49.2483396], [120.5828629, 49.2486063], [120.5825563, 49.2489909], [120.5823151, 49.2492613], [120.582086, 49.2494958], [120.5817819, 49.249753], [120.5814311, 49.2500076], [120.5796088, 49.2510949], [120.5792913, 49.2513014], [120.5789916, 49.2515078], [120.5787231, 49.2517169], [120.5784689, 49.2519306], [120.5780267, 49.2523858], [120.577791, 49.2526822], [120.5775893, 49.2529813], [120.5773483, 49.2534751], [120.5772558, 49.253715], [120.5771876, 49.2539683], [120.5771332, 49.2542368], [120.5771072, 49.2545105], [120.5770976, 49.2547876], [120.5771123, 49.2550595], [120.5771482, 49.2553067], [120.5772056, 49.2555539], [120.5772902, 49.2558106], [120.5773925, 49.2560603], [120.5775117, 49.2563227], [120.5776664, 49.2565805], [120.5779218, 49.2569431], [120.5781051, 49.2571667], [120.5783072, 49.2573917], [120.5808118, 49.2598853], [120.5813467, 49.2603278], [120.581641, 49.2605415], [120.581946, 49.2607411], [120.5823782, 49.2609842], [120.5825905, 49.2610905], [120.582849, 49.2612058], [120.5830482, 49.2612864], [120.5832767, 49.2613731], [120.5835858, 49.2614778], [120.5838981, 49.2615694], [120.584126, 49.2616331], [120.5843646, 49.2616915], [120.5845844, 49.261742], [120.5848364, 49.2617926], [120.5852338, 49.2618585], [120.5856366, 49.2619095], [120.5860772, 49.2619518], [120.5865497, 49.2619755], [120.5870722, 49.2619764], [120.5884637, 49.261942], [120.588936, 49.2619389], [120.5893836, 49.2619538], [120.58987, 49.2619967], [120.5903591, 49.2620606], [120.5908155, 49.2621251], [120.5912923, 49.2622134], [120.5917037, 49.2623027], [120.5920871, 49.2624012], [120.5924695, 49.2625106], [120.5928566, 49.2626337], [120.5932372, 49.2627802], [120.5936459, 49.2629525], [120.597329, 49.2647506], [120.5979408, 49.265059], [120.5982061, 49.2652111], [120.5984664, 49.2653603], [120.5987746, 49.2655563], [120.5990828, 49.2657645], [120.5994054, 49.2660031], [120.5996689, 49.2662504], [120.5999171, 49.2664934], [120.6001368, 49.2667442], [120.6003637, 49.2670156], [120.6005418, 49.2672605], [120.6007111, 49.2675537], [120.6008438, 49.2678046], [120.6009566, 49.2680733], [120.6010573, 49.2683553], [120.6013257, 49.2694121], [120.6015118, 49.2699635], [120.6016097, 49.2701984], [120.6017352, 49.2704254], [120.6018834, 49.2706725], [120.6020686, 49.2709236], [120.6022617, 49.2711554], [120.6024733, 49.271365], [120.6027304, 49.2715964], [120.6030184, 49.2718379], [120.6033781, 49.272125], [120.6068203, 49.2746633], [120.6072972, 49.274999], [120.6074308, 49.2750817], [120.6075645, 49.2751576], [120.6078266, 49.2753044], [120.6083071, 49.2755497], [120.6086607, 49.2757087], [120.6091673, 49.2759161], [120.6096935, 49.2760962], [120.6100928, 49.2762053], [120.610492, 49.2762987], [120.615542, 49.2774132], [120.6160091, 49.277498], [120.6164739, 49.2775782], [120.6169003, 49.2776402], [120.6173875, 49.277696], [120.6177731, 49.2777217], [120.6181727, 49.2777383], [120.6185342, 49.2777403], [120.6189241, 49.2777317], [120.6192968, 49.2777199], [120.6196813, 49.277692], [120.627555, 49.2767889], [120.6297199, 49.2765505], [120.6309859, 49.2764161], [120.6317101, 49.2763392], [120.6322827, 49.2762784], [120.6333879, 49.2761611], [120.6341271, 49.2760826], [120.6396456, 49.2754967], [120.6530822, 49.27407], [120.6537999, 49.2739938], [120.6543233, 49.2739382], [120.6551956, 49.2738455], [120.6593036, 49.2734093], [120.6600336, 49.2733177], [120.6606497, 49.2732273], [120.6616045, 49.2730682], [120.6620774, 49.272975], [120.662543, 49.2728746], [120.6632023, 49.272719], [120.6643181, 49.2724405], [120.6654303, 49.2721573], [120.680675, 49.2678989], [120.6813377, 49.267729], [120.6818805, 49.2676051], [120.6824456, 49.26749], [120.6829417, 49.2674043], [120.6834612, 49.2673257], [120.6840424, 49.2672497], [120.6846149, 49.2671942], [120.6851733, 49.2671538], [120.6859103, 49.2671294], [120.6864796, 49.2671236], [120.6870441, 49.2671357], [120.6875258, 49.2671523], [120.6880123, 49.2671829], [120.6884867, 49.2672173], [120.6889642, 49.2672702], [120.6894725, 49.2673366], [120.6899398, 49.2674081], [120.6907422, 49.2675554], [120.6913287, 49.2676877], [120.6916178, 49.2677566], [120.6918987, 49.2678308], [120.6921921, 49.2679077], [120.6924808, 49.2679909], [120.6927683, 49.2680764], [120.6930511, 49.2681666], [120.6946315, 49.2686699], [120.695348, 49.268902], [120.6960644, 49.2691394], [120.6965993, 49.2693419], [120.696633, 49.2693088], [120.6971406, 49.2695137], [120.6979499, 49.2698623], [120.6985394, 49.2701163], [120.6999429, 49.2707063], [120.7004262, 49.2709018], [120.7009722, 49.271117], [120.701925, 49.2714774], [120.7058204, 49.2729609], [120.7059836, 49.2730231], [120.7129987, 49.2756995], [120.7134233, 49.275856], [120.7138933, 49.2760055], [120.7143086, 49.2761196], [120.7145137, 49.2761712], [120.714725, 49.2762174], [120.7149765, 49.2762641], [120.7152281, 49.2763066], [120.7154932, 49.2763442], [120.7157645, 49.2763803], [120.7160312, 49.2764092], [120.7163001, 49.2764341], [120.7168289, 49.2764677], [120.7180769, 49.2765211], [120.7185885, 49.2765433], [120.7195183, 49.2765837], [120.7199319, 49.2766016], [120.7301541, 49.2770482], [120.7382454, 49.2774017], [120.7390617, 49.2774332], [120.7399057, 49.2774682], [120.7404068, 49.2774822], [120.7409394, 49.2774805], [120.7414254, 49.2774568], [120.7419302, 49.2774103], [120.7425147, 49.277334], [120.7430374, 49.2772349], [120.7434428, 49.2771392], [120.7441889, 49.2769202], [120.7446899, 49.2767388], [120.7452285, 49.2764988], [120.7458515, 49.2761816], [120.7467172, 49.2757297], [120.7596778, 49.2690625], [120.7602359, 49.2688148], [120.76081, 49.2685641], [120.761504, 49.26828], [120.7704846, 49.2650961], [120.7720825, 49.2645301], [120.7805007, 49.261548], [120.7810677, 49.2613679], [120.7816225, 49.2612103], [120.7820795, 49.2610846], [120.7825874, 49.2609642], [120.7832019, 49.2608305], [120.7838408, 49.260706], [120.7844893, 49.2606048], [120.78515, 49.2605088], [120.7905406, 49.2598645], [120.791483, 49.2597408], [120.7922622, 49.259621], [120.7930549, 49.2594713], [120.8398433, 49.2480373], [120.8409131, 49.2477305], [120.8419034, 49.2474132], [120.8429304, 49.2470375], [120.8437062, 49.2467133], [120.8454869, 49.2458979], [120.8460078, 49.2456429], [120.8484198, 49.2444623], [120.849095, 49.2441318], [120.8587413, 49.2394098], [120.8628712, 49.2373881], [120.8636029, 49.2370296], [120.8665034, 49.2356087], [120.8668111, 49.2354581], [120.8668453, 49.2354925], [120.8669595, 49.2354366], [120.8754375, 49.2312876], [120.877243, 49.2303929], [120.8783849, 49.2298672], [120.8802721, 49.2290291], [120.8815823, 49.2284652], [120.882203, 49.2282161], [120.8828893, 49.2279536], [120.88321, 49.2278529], [120.8835427, 49.2277465], [120.8840016, 49.2276281], [120.8844918, 49.2275315], [120.8849205, 49.2274659], [120.8852462, 49.2274288], [120.8855475, 49.2274023], [120.8858959, 49.2273786], [120.8863256, 49.2273643], [120.8867065, 49.2273672], [120.8871237, 49.2273819], [120.8893322, 49.2274681], [120.8895327, 49.2274758], [120.8915856, 49.2275775], [120.892167, 49.2275951], [120.8927579, 49.2275921], [120.8932318, 49.2275747], [120.8936778, 49.2275387], [120.8941221, 49.2274774], [120.8947236, 49.2273717], [120.895228, 49.2272627], [120.8957414, 49.2271338], [120.8990012, 49.2262506], [120.8997607, 49.2260192], [120.9005193, 49.2257679], [120.9009796, 49.2255941], [120.90144, 49.2254084], [120.901882, 49.2252156], [120.9023277, 49.2250015], [120.9026718, 49.2248301], [120.902995, 49.2246587], [120.9033486, 49.2244686], [120.9036814, 49.2242785], [120.9039982, 49.2240772], [120.9043026, 49.2238623], [120.9048833, 49.2234196], [120.9057853, 49.2226357], [120.9093603, 49.2193034], [120.9096612, 49.2190336], [120.9327341, 49.1975108], [120.9328604, 49.1973897], [120.9350397, 49.1953685], [121.0175666, 49.1186175], [121.0227851, 49.1137868], [121.0244545, 49.1122826], [121.025304, 49.1115844], [121.0261748, 49.1108907], [121.0269061, 49.1103444], [121.0276537, 49.109806], [121.0387459, 49.1016149], [121.0388664, 49.1015259], [121.0444884, 49.0973738], [121.0465518, 49.0958466], [121.0502737, 49.0930893], [121.050722, 49.0927562], [121.0523788, 49.0915292], [121.0614975, 49.0847757], [121.0619044, 49.0844734], [121.0638356, 49.0830419], [121.072238, 49.0768172], [121.0726023, 49.0765097], [121.0729265, 49.0762651], [121.0732253, 49.076035], [121.0735374, 49.075753], [121.0738425, 49.0754449], [121.0740204, 49.075224], [121.0741538, 49.0750526], [121.074294, 49.0748529], [121.0744248, 49.0746378], [121.074549, 49.074422], [121.0746839, 49.0741511], [121.0747942, 49.0738697], [121.0748588, 49.0736362], [121.0749267, 49.0733559], [121.0749691, 49.0730923], [121.0749845, 49.0728509], [121.0749917, 49.0725739], [121.074978, 49.0723439], [121.074954, 49.0721232], [121.0749163, 49.0719231], [121.0748741, 49.0717029], [121.0748323, 49.0715022], [121.0747559, 49.0712855], [121.0738295, 49.0690216], [121.0733053, 49.0677989], [121.0730761, 49.0672268], [121.0729906, 49.0670129], [121.072928, 49.066816], [121.0728546, 49.0665509], [121.0727989, 49.0662811], [121.0727649, 49.066032], [121.0727503, 49.0658513], [121.0727422, 49.0655972], [121.0727518, 49.0653431], [121.0727646, 49.0652091], [121.0727845, 49.0650774], [121.0728312, 49.0648488], [121.0728726, 49.0646813], [121.0729139, 49.0645393], [121.0729842, 49.0643274], [121.0730613, 49.0641486], [121.0731445, 49.0639713], [121.0732759, 49.0637261], [121.0734381, 49.0634696], [121.0735708, 49.0632883], [121.0737312, 49.0630863], [121.073984, 49.0628062], [121.0742504, 49.0625369], [121.0745003, 49.0623113], [121.0747652, 49.0620959], [121.0750302, 49.0618965], [121.075362, 49.0616785], [121.0757156, 49.0614859], [121.0761141, 49.0612819], [121.0765457, 49.0610883], [121.0769917, 49.0609165], [121.0774417, 49.060766], [121.0778175, 49.0606653], [121.0781496, 49.0605828], [121.0786349, 49.060481], [121.079195, 49.0603866], [121.0797293, 49.0603243], [121.080294, 49.0602847], [121.0811389, 49.0602601], [121.1150587, 49.0593897], [121.1155488, 49.0593704], [121.1160339, 49.0593446], [121.116478, 49.0592984], [121.1169155, 49.0592306], [121.1172392, 49.0591522], [121.1175419, 49.0590755], [121.1179055, 49.0589657], [121.1182587, 49.0588553], [121.118734, 49.0586865], [121.1190965, 49.0585376], [121.1194509, 49.0583676], [121.1196459, 49.0582659], [121.1198765, 49.0581296], [121.1201056, 49.0579764], [121.1203977, 49.0577762], [121.1206783, 49.0575534], [121.1209108, 49.0573491], [121.1211202, 49.0571336], [121.1212957, 49.0569186], [121.1214313, 49.0567199], [121.1215681, 49.0564985], [121.1217049, 49.0562248], [121.1217964, 49.0559617], [121.1218622, 49.0557759], [121.1219253, 49.0555305], [121.1219663, 49.0553365], [121.121997, 49.0551651], [121.1220072, 49.0549752], [121.1219997, 49.0547867], [121.121992, 49.0546201], [121.1219731, 49.0544395], [121.1219381, 49.054207], [121.1218771, 49.0539416], [121.1217725, 49.0536378], [121.1206878, 49.0510017], [121.120543, 49.0505521], [121.1204401, 49.0500864], [121.1204066, 49.0496799], [121.1204113, 49.0493215], [121.1204502, 49.0490107], [121.1204905, 49.0486606], [121.1205433, 49.0483144], [121.1205957, 49.0478084], [121.1206367, 49.047479], [121.1206746, 49.0472122], [121.120911, 49.0459765], [121.1209491, 49.0456674], [121.1211054, 49.0441142], [121.1211409, 49.0439157], [121.1211774, 49.0437858], [121.12127, 49.0434926], [121.1213947, 49.0430876], [121.1215009, 49.0428077], [121.1216467, 49.0424856], [121.1217772, 49.0422472], [121.1233337, 49.0395161], [121.1236045, 49.0390852], [121.1239574, 49.0386345], [121.1242658, 49.0382423], [121.1244708, 49.0380066], [121.1246765, 49.0377948], [121.1248033, 49.0376694], [121.1247624, 49.0376526], [121.1248665, 49.0375523], [121.1249083, 49.0375678], [121.1267019, 49.0358625], [121.127008, 49.0355708], [121.1271743, 49.0354071], [121.1273069, 49.0352445], [121.1274858, 49.0350066], [121.1276325, 49.0347706], [121.1277372, 49.0345773], [121.1277988, 49.0344679], [121.1278583, 49.034352], [121.1279166, 49.0341979], [121.1279663, 49.0340322], [121.1280173, 49.0338467], [121.1280564, 49.0336483], [121.1280868, 49.0334483], [121.1280955, 49.0332524], [121.1280897, 49.0327298], [121.1280695, 49.0325405], [121.1278583, 49.0310604], [121.1278408, 49.0309354], [121.1276274, 49.0295312], [121.1275971, 49.0292535], [121.1275725, 49.0290144], [121.1275543, 49.0286835], [121.1275617, 49.0283988], [121.127598, 49.0281304], [121.1276618, 49.0278691], [121.1277416, 49.0276362], [121.1278584, 49.0273509], [121.1279938, 49.0270746], [121.1281887, 49.0267323], [121.1283531, 49.0264859], [121.1285089, 49.0262526], [121.1287021, 49.0260274], [121.1290344, 49.0256868], [121.1292554, 49.0254947], [121.1294594, 49.0253238], [121.1297217, 49.0251318], [121.1304147, 49.0246689], [121.1346785, 49.0220655], [121.1356521, 49.0214718], [121.1359818, 49.02124], [121.1362805, 49.0210083], [121.1364894, 49.0208331], [121.1367887, 49.0205667], [121.1370093, 49.0203123], [121.1372175, 49.0200397], [121.1374284, 49.0197226], [121.1376354, 49.0193935], [121.1377943, 49.0190621], [121.1379121, 49.0187522], [121.138045, 49.0183548], [121.1381347, 49.0179655], [121.1386993, 49.0153212], [121.1389566, 49.0145417], [121.1391483, 49.0140056], [121.1394397, 49.0134182], [121.1395925, 49.0131361], [121.1397736, 49.0128865], [121.1401971, 49.0123819], [121.1406826, 49.0118992], [121.1411237, 49.0115028], [121.1448069, 49.0085154], [121.1450276, 49.0083403], [121.145282, 49.0081363], [121.1453613, 49.0080691], [121.145856, 49.0076566], [121.1461862, 49.0073619], [121.1464877, 49.0070544], [121.1467296, 49.0067593], [121.1469242, 49.0064878], [121.1471947, 49.0060868], [121.1514405, 48.9997458], [121.1514949, 48.9996636], [121.1553922, 48.9938951], [121.1560059, 48.993005], [121.1564242, 48.9924057], [121.1567812, 48.9919595], [121.1571543, 48.9915133], [121.1782775, 48.9669805], [121.1783989, 48.9668395], [121.1794534, 48.9656144], [121.1804664, 48.964487], [121.1807618, 48.9641816], [121.1810545, 48.9638938], [121.1817061, 48.9633093], [121.1823666, 48.9627688], [121.1829558, 48.9622999], [121.1929938, 48.9542984], [121.1936306, 48.9538455], [121.1942948, 48.9534372], [121.1948686, 48.9531348], [121.1955008, 48.952854], [121.1961816, 48.9525846], [121.1969153, 48.9523499], [121.1976333, 48.9521509], [121.1981393, 48.9520343], [121.1986613, 48.9519389], [121.1991508, 48.9518671], [121.1996081, 48.9518165], [121.2005553, 48.9517269], [121.2020372, 48.9516013], [121.2020226, 48.9515564], [121.2029743, 48.9514607], [121.2036596, 48.9513647], [121.2043449, 48.9512439], [121.2050137, 48.9511041], [121.205646, 48.9509338], [121.206234, 48.9507436], [121.206688, 48.9505666], [121.2072973, 48.9503218], [121.2078915, 48.950041], [121.2083622, 48.9497858], [121.2133803, 48.9469157], [121.2139542, 48.946593], [121.2143574, 48.9463333], [121.2147233, 48.9460659], [121.2151674, 48.9457088], [121.2155163, 48.9453928], [121.2158308, 48.9450862], [121.216174, 48.9446736], [121.2176644, 48.9427166], [121.2179201, 48.9423315], [121.2181067, 48.9420223], [121.218263, 48.9417372], [121.218417, 48.9414421], [121.2185542, 48.9411169], [121.2186784, 48.9407558], [121.2187579, 48.940383], [121.218821, 48.9399734], [121.2188597, 48.939697], [121.2190831, 48.9374269], [121.2190988, 48.9372677], [121.2193871, 48.9343376], [121.2194548, 48.9339063], [121.2195533, 48.933473], [121.2196518, 48.9330867], [121.2198298, 48.932647], [121.220051, 48.9322295], [121.2239826, 48.9245422], [121.2241063, 48.9242858], [121.2242067, 48.9240515], [121.2248754, 48.9221547], [121.2252519, 48.9209262], [121.2253183, 48.9207097], [121.2256537, 48.9196153], [121.2258161, 48.9190811], [121.226656, 48.9163368], [121.2284612, 48.910438], [121.2287272, 48.9095689], [121.2288717, 48.9090964], [121.2290744, 48.9084341], [121.2297884, 48.9061263], [121.229904, 48.9057906], [121.229996, 48.9054999], [121.2301307, 48.905015], [121.2302233, 48.9046578], [121.2303179, 48.9041941], [121.2303841, 48.903823], [121.2306553, 48.901489], [121.2307333, 48.9008824], [121.2308376, 48.9002571], [121.2309902, 48.8994475], [121.2324357, 48.8925063], [121.2325236, 48.8921342], [121.2325952, 48.8917648], [121.2326482, 48.8914326], [121.2327093, 48.8911138], [121.2327847, 48.8907924], [121.2328803, 48.8904736], [121.2329939, 48.8901073], [121.2331456, 48.8897175], [121.2332107, 48.8895552], [121.2333439, 48.889246], [121.2334876, 48.8889745], [121.2336384, 48.8887174], [121.2338124, 48.8884522], [121.2340902, 48.8880355], [121.2344018, 48.8876325], [121.2347979, 48.8871688], [121.2385165, 48.8830161], [121.2387965, 48.8826928], [121.239061, 48.8823521], [121.2393331, 48.8819438], [121.2395191, 48.8816097], [121.2396748, 48.8812671], [121.2398065, 48.8809343], [121.2399167, 48.8805943], [121.2400336, 48.8801083], [121.2400844, 48.8797881], [121.2401263, 48.8794717], [121.2401497, 48.8792499], [121.2402023, 48.8786875], [121.2402411, 48.8782779], [121.2402796, 48.8778684], [121.2403467, 48.87787], [121.2408768, 48.8721359], [121.2412054, 48.8685791], [121.2413041, 48.8675106], [121.2414881, 48.8655197], [121.2420401, 48.8595458], [121.2420542, 48.8591536], [121.2420623, 48.8586471], [121.2420046, 48.8558391], [121.2418463, 48.8481484], [121.2418438, 48.8477656], [121.2418346, 48.8473421], [121.241634, 48.8448725], [121.241605, 48.8443892], [121.2416067, 48.8439791], [121.2416227, 48.84359], [121.2416366, 48.8434792], [121.241654, 48.8433743], [121.2416758, 48.8432748], [121.2417028, 48.8431754], [121.2418247, 48.8427767], [121.2419611, 48.842413], [121.2421329, 48.8420586], [121.24236, 48.841651], [121.2425944, 48.8412839], [121.2428422, 48.8409521], [121.2430754, 48.8406681], [121.2432822, 48.8404326], [121.2435032, 48.8402087], [121.2439748, 48.8397744], [121.2443697, 48.8394711], [121.2447794, 48.839196], [121.2452217, 48.8389162], [121.2457136, 48.8386483], [121.2462233, 48.838396], [121.24673, 48.8381706], [121.2472416, 48.8379574], [121.2478233, 48.8377449], [121.2482959, 48.8376036], [121.248811, 48.837481], [121.2490729, 48.8374253], [121.2493384, 48.837379], [121.2496109, 48.8373303], [121.2498887, 48.837284], [121.2502399, 48.8372385], [121.2506474, 48.8371944], [121.2511347, 48.8371521], [121.2547592, 48.8369207], [121.2554147, 48.8368725], [121.2559193, 48.8368183], [121.2563642, 48.8367609], [121.2566669, 48.8367146], [121.256965, 48.8366622], [121.2574114, 48.8365773], [121.25788, 48.8364815], [121.2583274, 48.8363839], [121.2594208, 48.8360948], [121.271689, 48.8328077], [121.272065, 48.8327069], [121.2796435, 48.8306762], [121.2803001, 48.830493], [121.2807914, 48.8303503], [121.2813583, 48.8301747], [121.2817879, 48.8300345], [121.2876603, 48.8280552], [121.2883933, 48.8278306], [121.288803, 48.8277152], [121.2891942, 48.8276171], [121.2895069, 48.8275423], [121.2898437, 48.8274692], [121.2901774, 48.8274011], [121.2905147, 48.8273389], [121.2908358, 48.8272785], [121.2949676, 48.8265605], [121.2951208, 48.8265339], [121.296525, 48.8262899], [121.2974275, 48.8261549], [121.2980764, 48.8260784], [121.2986304, 48.8260333], [121.2993461, 48.8259993], [121.2997078, 48.8259875], [121.3000664, 48.8259838], [121.3004364, 48.8259871], [121.3008135, 48.8260043], [121.3011815, 48.8260258], [121.3013696, 48.8260406], [121.3015496, 48.8260589], [121.3019895, 48.8261215], [121.3023551, 48.8261864], [121.307072, 48.8270771], [121.307585, 48.8271789], [121.3087692, 48.8274408], [121.3088374, 48.8274174], [121.3090751, 48.8274691], [121.3095907, 48.8275901], [121.3102048, 48.827742], [121.3108642, 48.827922], [121.3115003, 48.8281259], [121.3170229, 48.8300998], [121.3183095, 48.830503], [121.3188825, 48.8306529], [121.3196774, 48.8308033], [121.3202386, 48.8308929], [121.3208056, 48.8309624], [121.3212516, 48.8310013], [121.3216976, 48.8310269], [121.3221772, 48.8310433], [121.3228508, 48.8310362], [121.3251182, 48.8309169], [121.3281113, 48.8306989], [121.3289207, 48.8306417], [121.329674, 48.830568], [121.3302532, 48.8305027], [121.3307027, 48.8304478], [121.331013, 48.8304023], [121.33135, 48.830346], [121.3317171, 48.8302813], [121.3340091, 48.8298338], [121.3348363, 48.8296849], [121.3355809, 48.8295686], [121.3361804, 48.8295106], [121.3366082, 48.8294866], [121.3370935, 48.8294646], [121.3383236, 48.8294244], [121.3386892, 48.8293992], [121.3390768, 48.8293694], [121.3394664, 48.8293296], [121.3400408, 48.8292498], [121.3404695, 48.8291718], [121.3409228, 48.829078], [121.3430262, 48.8285658], [121.3434214, 48.8284901], [121.3438266, 48.8284245], [121.344114, 48.8283883], [121.3444169, 48.828358], [121.3478745, 48.8281168], [121.3485367, 48.8280698], [121.3491017, 48.8280294], [121.3544026, 48.8275757], [121.3555304, 48.8275007], [121.356453, 48.8274582], [121.366249, 48.8274184], [121.3689764, 48.8273481], [121.3694275, 48.8273338], [121.3699596, 48.8273207], [121.3753684, 48.8273109], [121.376178, 48.8273308], [121.3768515, 48.8273653], [121.3775268, 48.8274362], [121.3855942, 48.8283402], [121.3860041, 48.8283861], [121.3971, 48.8296294], [121.3977753, 48.829723], [121.3984036, 48.8298287], [121.3989839, 48.8299476], [121.3994575, 48.8300593], [121.3998917, 48.8301648], [121.4041644, 48.8312858], [121.4043986, 48.8313472], [121.4057852, 48.831711], [121.4063615, 48.831856], [121.4068549, 48.8319688], [121.4072786, 48.8320573], [121.407718, 48.8321441], [121.4082116, 48.8322194], [121.4087287, 48.8322779], [121.4092476, 48.8323256], [121.412743, 48.8324773], [121.4127409, 48.8325218], [121.4129317, 48.8325299], [121.4129356, 48.8324857], [121.4131388, 48.8324945], [121.4133774, 48.83251], [121.4136254, 48.8325333], [121.4142342, 48.8325985], [121.4149439, 48.8326839], [121.4158717, 48.8328538], [121.416969, 48.833079], [121.4384848, 48.8373138], [121.439065, 48.8374426], [121.439602, 48.8375714], [121.4402155, 48.837727], [121.4408856, 48.8379199], [121.462428, 48.8443449], [121.4630488, 48.84453], [121.4638537, 48.84477], [121.4660772, 48.8454332], [121.4668034, 48.8456365], [121.4673702, 48.8457666], [121.467809, 48.8458538], [121.4681502, 48.8459141], [121.4788642, 48.8474784], [121.4838849, 48.8482114], [121.4845659, 48.8483108], [121.4865555, 48.8486013], [121.4896842, 48.8490581], [121.4910681, 48.8492591], [121.4916478, 48.849343], [121.4918791, 48.8493733], [121.4926611, 48.8494606], [121.4935508, 48.8495504], [121.4938922, 48.8495923], [121.494243, 48.8496412], [121.4946164, 48.8496978], [121.4950363, 48.849762], [121.5014685, 48.8507203], [121.5024981, 48.8508781], [121.5029562, 48.850938], [121.5035023, 48.8510025], [121.5039116, 48.8510443], [121.5044255, 48.8510899], [121.5049288, 48.851113], [121.5052988, 48.8511194], [121.5057522, 48.8511117], [121.506168, 48.851095], [121.5063794, 48.8510862], [121.5065928, 48.8510746], [121.5068482, 48.851052], [121.5071037, 48.8510212], [121.5076385, 48.8509536], [121.5174235, 48.8495642], [121.5180678, 48.8494564], [121.5185952, 48.8493571], [121.5190097, 48.8492748], [121.51932, 48.8492075], [121.5219456, 48.8486128], [121.5221608, 48.8485641], [121.5271686, 48.8474297], [121.5278096, 48.8472686], [121.528215, 48.8471595], [121.5287327, 48.8470001], [121.5292935, 48.8468059], [121.5297176, 48.8466435], [121.532756, 48.8453873], [121.5334393, 48.8451018], [121.542463, 48.8412732], [121.5429939, 48.8410563], [121.5434808, 48.8408906], [121.5440417, 48.8407184], [121.5445427, 48.8405752], [121.5450488, 48.8404484], [121.5456814, 48.8403267], [121.5461279, 48.8402534], [121.5466448, 48.8401936], [121.5471728, 48.8401511], [121.5477131, 48.8401212], [121.5483352, 48.8401087], [121.5490386, 48.8401127], [121.5497641, 48.8401578], [121.550421, 48.8402145], [121.5511217, 48.840311], [121.5518298, 48.8404399], [121.5525997, 48.8406147], [121.5535253, 48.8408535], [121.5545315, 48.84112], [121.5553256, 48.8413615], [121.5560379, 48.8416008], [121.5566972, 48.8418741], [121.5572674, 48.8421408], [121.5579366, 48.8425007], [121.5585893, 48.8428697], [121.5597632, 48.8435443], [121.5602634, 48.8438012], [121.5608273, 48.8440613], [121.5614029, 48.844287], [121.5620281, 48.8444988], [121.5626015, 48.8446666], [121.5632331, 48.8448217], [121.563742, 48.8449279], [121.5642777, 48.8450243], [121.5648856, 48.8451062], [121.5654543, 48.8451653], [121.5660067, 48.8451984], [121.5664849, 48.8452141], [121.566902, 48.8452221], [121.5674093, 48.8452108], [121.5678351, 48.845182], [121.5687508, 48.8451004], [121.5690032, 48.8450779], [121.5709878, 48.844901], [121.5721684, 48.8447937], [121.5727388, 48.8447418], [121.5733468, 48.8446865], [121.5762113, 48.8444261], [121.5767514, 48.8443797], [121.5772928, 48.844343], [121.5780097, 48.8443086], [121.578436, 48.8442972], [121.5817807, 48.8442593], [121.5897113, 48.8441692], [121.5904164, 48.8441608], [121.5910222, 48.8441537], [121.5930788, 48.8441292], [121.5936498, 48.8441476], [121.5940501, 48.8441831], [121.5943847, 48.8442287], [121.5946917, 48.8442885], [121.5952091, 48.844414], [121.5957685, 48.8445842], [121.6019488, 48.8466199], [121.6021398, 48.8466829], [121.6025088, 48.8468044], [121.6029549, 48.8469396], [121.6035247, 48.8470899], [121.6040661, 48.8472203], [121.6046591, 48.8473401], [121.6124265, 48.8486365], [121.613294, 48.8488113], [121.6141296, 48.849009], [121.6147001, 48.8491706], [121.6149932, 48.8492569], [121.6157799, 48.8495149], [121.6164998, 48.8497799], [121.6172269, 48.850082], [121.6206539, 48.851592], [121.6211285, 48.8517869], [121.6215487, 48.8519326], [121.6219177, 48.8520481], [121.6223736, 48.8521579], [121.6228841, 48.8522554], [121.6252373, 48.8526705], [121.6255809, 48.8527257], [121.6259578, 48.852773], [121.6263551, 48.8528081], [121.6267602, 48.8528271], [121.6271717, 48.852826], [121.6275581, 48.8528144], [121.627953, 48.8527926], [121.6283842, 48.8527624], [121.6391932, 48.8518694], [121.6393496, 48.8518586], [121.6398823, 48.8518161], [121.6401762, 48.8517837], [121.640442, 48.8517483], [121.6408753, 48.8516752], [121.6412534, 48.8515855], [121.6416129, 48.8514835], [121.6419506, 48.8513763], [121.6423183, 48.8512278], [121.6426752, 48.8510617], [121.6430143, 48.8508704], [121.643436, 48.8505837], [121.6437755, 48.850313], [121.6462661, 48.8482418], [121.6466341, 48.8479836], [121.6469969, 48.8477673], [121.6473606, 48.8475856], [121.6478528, 48.8473577], [121.6483166, 48.8471686], [121.6487756, 48.8470227], [121.6493681, 48.8468609], [121.6499693, 48.8467235], [121.6505801, 48.8466286], [121.6510733, 48.8465655], [121.6515292, 48.8465235], [121.6523097, 48.8464571], [121.6556236, 48.8461365], [121.6559883, 48.8460904], [121.6563358, 48.8460256], [121.6566329, 48.8459601], [121.656977, 48.8458671], [121.6572695, 48.8457778], [121.6575382, 48.8456869], [121.6577997, 48.8455855], [121.6580613, 48.8454643], [121.6583409, 48.8453192], [121.6586039, 48.845171], [121.6589058, 48.8449756], [121.6591671, 48.8447721], [121.6593695, 48.8445796], [121.6595949, 48.8443386], [121.6597843, 48.8441086], [121.6599362, 48.843858], [121.6600876, 48.8435632], [121.660193, 48.8432684], [121.6602616, 48.8429676], [121.6602791, 48.8427361], [121.6602853, 48.8425099], [121.6602588, 48.8422616], [121.6601861, 48.8419104], [121.6600871, 48.8416114], [121.6599596, 48.8413646], [121.659836, 48.8411426], [121.6597562, 48.8410044], [121.6586471, 48.8392242], [121.6584871, 48.8389791], [121.6583653, 48.8387681], [121.6582323, 48.8385212], [121.6581362, 48.8383064], [121.658013, 48.8379883], [121.6579273, 48.8377279], [121.657866, 48.8375138], [121.6575206, 48.8354268], [121.6574522, 48.8351307], [121.6573688, 48.8348255], [121.6572782, 48.8345714], [121.6571651, 48.8342993], [121.6570413, 48.834046], [121.6567961, 48.8336359], [121.6566269, 48.833395], [121.6557192, 48.8321505], [121.6554653, 48.8318022], [121.654904, 48.8310325], [121.6545479, 48.8305442], [121.6542875, 48.8301834], [121.6541339, 48.8299335], [121.6540281, 48.8297213], [121.653941, 48.8295059], [121.6538691, 48.8292682], [121.653799, 48.8290422], [121.6537459, 48.8287938], [121.6537086, 48.8285565], [121.6536876, 48.8282687], [121.6536865, 48.8279919], [121.6537118, 48.8277418], [121.6537496, 48.8274832], [121.6537972, 48.8272524], [121.6538638, 48.8270475], [121.6539363, 48.8268253], [121.6541142, 48.8264398], [121.6543088, 48.826097], [121.6544992, 48.8257955], [121.6566014, 48.8226614], [121.6568419, 48.82236], [121.6570644, 48.8221049], [121.6572759, 48.8218954], [121.6575193, 48.8216899], [121.6577762, 48.8214985], [121.6580897, 48.8212935], [121.6584027, 48.8211147], [121.6586198, 48.8210061], [121.6588369, 48.8208974], [121.6590529, 48.8208002], [121.6610163, 48.8199923], [121.6616503, 48.8197477], [121.6620499, 48.8196254], [121.6625372, 48.8195032], [121.6631649, 48.8193733], [121.6651308, 48.8190325], [121.6659328, 48.8188935], [121.6666195, 48.8187745], [121.6670197, 48.8187051], [121.6676696, 48.8185773], [121.6678679, 48.8185281], [121.6680803, 48.8184698], [121.668494, 48.8183338], [121.6700355, 48.8178404], [121.7082746, 48.8057848], [121.7092462, 48.805489], [121.7099332, 48.80524], [121.7105611, 48.8049748], [121.7110708, 48.8047188], [121.7115311, 48.8044752], [121.7119592, 48.8042123], [121.7123433, 48.8039495], [121.7125919, 48.8037614], [121.7128432, 48.8035503], [121.7133711, 48.8030612], [121.7149902, 48.8013681], [121.7153535, 48.8010332], [121.7157335, 48.8007309], [121.7161273, 48.800459], [121.7165761, 48.800181], [121.7170132, 48.7999609], [121.7174615, 48.7997585], [121.7179638, 48.799563], [121.7184905, 48.79939], [121.7191348, 48.7992074], [121.7218284, 48.7986162], [121.7224013, 48.7985098], [121.7228712, 48.7984525], [121.7233412, 48.7984129], [121.7236163, 48.7983972], [121.7238915, 48.7983865], [121.72417, 48.7983823], [121.7244601, 48.7983992], [121.7248104, 48.7984252], [121.7251708, 48.7984608], [121.7255287, 48.7985082], [121.7258108, 48.7985598], [121.7261104, 48.7986157], [121.7327725, 48.8000653], [121.7332944, 48.8001596], [121.7338592, 48.8002358], [121.7344411, 48.80028], [121.735019, 48.8003009], [121.7356827, 48.8002942], [121.7363464, 48.8002721], [121.7378589, 48.8001902], [121.7385878, 48.8001599], [121.739104, 48.8001427], [121.7395498, 48.8001444], [121.7399918, 48.8001589], [121.7403589, 48.8001842], [121.740726, 48.8002211], [121.7410731, 48.8002677], [121.7414232, 48.8003222], [121.7420062, 48.8004484], [121.7425961, 48.8005902], [121.7431257, 48.80074], [121.7449446, 48.8012818], [121.7455808, 48.8014478], [121.7461095, 48.8015675], [121.7464057, 48.8016269], [121.7467007, 48.8016847], [121.7469397, 48.8017255], [121.7471854, 48.8017618], [121.7474485, 48.8017911], [121.7477139, 48.8018115], [121.7480614, 48.8018297], [121.7484115, 48.8018377], [121.7487594, 48.8018397], [121.7491092, 48.8018367], [121.7495983, 48.8018204], [121.7558559, 48.8015957], [121.756616, 48.8015645], [121.7572689, 48.8015652], [121.7578877, 48.8015761], [121.7584052, 48.8016121], [121.7589623, 48.8016712], [121.7595333, 48.8017513], [121.760063, 48.801845], [121.7637843, 48.8026469], [121.764255, 48.8027321], [121.7649652, 48.8028481], [121.7655567, 48.8029329], [121.770801, 48.8034827], [121.77168, 48.8035833], [121.7724876, 48.8037106], [121.7734956, 48.8038995], [121.7741217, 48.8040435], [121.7751045, 48.8043083], [121.7756333, 48.8044672], [121.7763833, 48.8047163], [121.7776595, 48.8051612], [121.7782261, 48.8053539], [121.7789425, 48.8055779], [121.7795802, 48.805751], [121.7802357, 48.8059006], [121.7808634, 48.8060276], [121.781497, 48.8061175], [121.7822867, 48.8062002], [121.7836811, 48.806308], [121.7842033, 48.8063396], [121.7848859, 48.8063671], [121.7855877, 48.8063677], [121.7863021, 48.8063367], [121.7868643, 48.8062836], [121.7875524, 48.8061521], [121.7882017, 48.8059779], [121.7887152, 48.8057904], [121.7892564, 48.8055346], [121.7897525, 48.8052742], [121.7897883, 48.8053047], [121.7899422, 48.8052123], [121.7901438, 48.8050737], [121.7903074, 48.8049469], [121.7905086, 48.8047769], [121.7907162, 48.8045863], [121.7908586, 48.8044445], [121.7909674, 48.8043237], [121.7911155, 48.8041502], [121.7913329, 48.803875], [121.7914648, 48.8036983], [121.791722, 48.8033026], [121.7918646, 48.8030529], [121.7919838, 48.8027871], [121.792056, 48.8025808], [121.7921146, 48.8024072], [121.7921683, 48.802225], [121.7922416, 48.8019004], [121.7922711, 48.8016993], [121.792285, 48.8014957], [121.7922771, 48.8011423], [121.7922582, 48.8009271], [121.7921531, 48.8003065], [121.7920814, 48.8000283], [121.7912843, 48.7979477], [121.7911122, 48.7974776], [121.7910262, 48.7972299], [121.7909659, 48.7970059], [121.7909358, 48.7968847], [121.7909104, 48.7967547], [121.7908702, 48.7964959], [121.7908, 48.7960255], [121.7907591, 48.7956769], [121.7907385, 48.7953257], [121.7907303, 48.7950506], [121.7907392, 48.7947732], [121.7907564, 48.7945691], [121.7907788, 48.7943751], [121.7908478, 48.7939555], [121.7912266, 48.7921941], [121.7913882, 48.7915909], [121.7915272, 48.7911786], [121.7916591, 48.7908453], [121.7917813, 48.7905887], [121.7919565, 48.7902721], [121.7921453, 48.7899576], [121.7924021, 48.7895948], [121.7926522, 48.7892944], [121.7928845, 48.7890257], [121.7934554, 48.7884987], [121.7937993, 48.7882267], [121.7941637, 48.787954], [121.7992646, 48.7847362], [121.7996341, 48.7845088], [121.7999651, 48.7842871], [121.8004923, 48.7839134], [121.8012904, 48.7833444], [121.809108, 48.7771621], [121.8096753, 48.7767054], [121.8100726, 48.7764163], [121.816287, 48.772277], [121.8174174, 48.771597], [121.8186181, 48.7709831], [121.8194594, 48.7705941], [121.8241145, 48.7686699], [121.8248735, 48.7683873], [121.8253104, 48.7682427], [121.825802, 48.7681162], [121.826255, 48.7680098], [121.8267471, 48.7679214], [121.8272781, 48.7678474], [121.8278247, 48.7677966], [121.8283521, 48.7677687], [121.8288893, 48.7677653], [121.8294263, 48.7677915], [121.8297701, 48.7678195], [121.8301296, 48.7678552], [121.8305283, 48.767912], [121.8309309, 48.7679863], [121.8312524, 48.7680607], [121.8315732, 48.7681434], [121.8348981, 48.7691165], [121.8356766, 48.7693334], [121.8360104, 48.7694227], [121.8363679, 48.7694964], [121.8368057, 48.7695669], [121.8373342, 48.7696476], [121.8377476, 48.7696928], [121.8381423, 48.7697208], [121.838662, 48.7697413], [121.8391714, 48.7697334], [121.8395756, 48.7697118], [121.8399237, 48.7696826], [121.8402654, 48.7696441], [121.8404644, 48.7696187], [121.8405988, 48.7696014], [121.8405881, 48.7695648], [121.8409511, 48.7695029], [121.8414466, 48.7694012], [121.8419473, 48.7692767], [121.8423811, 48.769141], [121.8428139, 48.7689949], [121.8433107, 48.7687993], [121.8449517, 48.7681078], [121.8450447, 48.7680686], [121.8471894, 48.7671648], [121.8478403, 48.7669063], [121.8484559, 48.7666878], [121.8489466, 48.766545], [121.8493553, 48.7664437], [121.8498078, 48.7663477], [121.8503054, 48.7662676], [121.8508461, 48.7662004], [121.8514137, 48.7661535], [121.8548057, 48.7660053], [121.8552979, 48.7659989], [121.8559062, 48.7660103], [121.8563932, 48.7660338], [121.8568489, 48.7660677], [121.8573892, 48.766128], [121.8578931, 48.7661973], [121.8584147, 48.7662916], [121.8589254, 48.766389], [121.8649785, 48.7676629], [121.8656423, 48.7677932], [121.8661024, 48.7678673], [121.8665859, 48.7679312], [121.8671218, 48.7679725], [121.8676039, 48.7679928], [121.8680126, 48.7679919], [121.8684039, 48.7679824], [121.8687373, 48.7679655], [121.8690439, 48.7679368], [121.8696904, 48.7678504], [121.8703091, 48.7677332], [121.8708346, 48.76761], [121.8713691, 48.7674453], [121.8719352, 48.7672415], [121.8725234, 48.7669885], [121.8730276, 48.7667371], [121.877121, 48.764341], [121.8777776, 48.7639596], [121.8780824, 48.7637958], [121.8783653, 48.7636655], [121.8786605, 48.7635372], [121.8789463, 48.7634187], [121.8792524, 48.7633082], [121.8796294, 48.763182], [121.8800226, 48.7630664], [121.8802972, 48.7629984], [121.8805895, 48.7629327], [121.8811663, 48.7628199], [121.8839999, 48.762343], [121.8844639, 48.7622578], [121.8848925, 48.7621745], [121.885278, 48.7620842], [121.8855735, 48.7620088], [121.8859415, 48.7618978], [121.8863431, 48.7617633], [121.8866833, 48.7616282], [121.8870494, 48.761474], [121.8873962, 48.7613151], [121.8878903, 48.7610638], [121.8883848, 48.7608069], [121.8896828, 48.7601365], [121.8902792, 48.7598267], [121.8937646, 48.7578586], [121.8946536, 48.7573666], [121.8954134, 48.7569711], [121.8955243, 48.7569134], [121.8994674, 48.7548609], [121.8998771, 48.7546568], [121.9003451, 48.7544464], [121.9007112, 48.7542993], [121.901156, 48.7541216], [121.9016147, 48.7539626], [121.902017, 48.7538475], [121.9025243, 48.753712], [121.9032817, 48.7535423], [121.9038186, 48.7534413], [121.9043654, 48.7533546], [121.9059167, 48.7531384], [121.9066472, 48.7530409], [121.9088142, 48.7527512], [121.909414, 48.752671], [121.9128641, 48.7522098], [121.9158107, 48.7518159], [121.916285, 48.7517431], [121.9166898, 48.7516729], [121.9171938, 48.7515708], [121.9175845, 48.7514782], [121.9181047, 48.7513392], [121.9186051, 48.7511828], [121.918969, 48.7510544], [121.9193422, 48.750916], [121.9196748, 48.7507761], [121.92004, 48.7506155], [121.9203833, 48.7504527], [121.9207296, 48.75027], [121.9210219, 48.7501022], [121.9213374, 48.7499138], [121.9215889, 48.7497531], [121.9218918, 48.7495478], [121.9226892, 48.7489761], [121.9242254, 48.7478595], [121.9250087, 48.7472901], [121.9251006, 48.7472232], [121.9254322, 48.746982], [121.9259401, 48.7466131], [121.926112, 48.7464882], [121.9265224, 48.7461885], [121.9268988, 48.7459065], [121.9272403, 48.7456317], [121.9275134, 48.7453924], [121.9278898, 48.7450323], [121.9281433, 48.7447612], [121.9284701, 48.744371], [121.9287046, 48.7440527], [121.928969, 48.7436281], [121.9291603, 48.7432649], [121.9298639, 48.7417511], [121.9301353, 48.741204], [121.9306936, 48.7401488], [121.9309181, 48.7397542], [121.9311658, 48.7393434], [121.9314162, 48.7389472], [121.9316481, 48.7385951], [121.9321827, 48.7378327], [121.9326649, 48.7371945], [121.9329972, 48.7367843], [121.9337726, 48.7358687], [121.9342724, 48.7353228], [121.9350692, 48.7344978], [121.9355389, 48.7340452], [121.9364903, 48.7331782], [121.9369127, 48.7328153], [121.9373458, 48.7324547], [121.9377915, 48.7320943], [121.941932, 48.7288372], [121.9422876, 48.7285575], [121.943606, 48.7275203], [121.9440991, 48.7271373], [121.944707, 48.7266751], [121.9453335, 48.726256], [121.945864, 48.7259231], [121.9464624, 48.7255891], [121.9474615, 48.7250937], [121.9483891, 48.7246497], [121.9494207, 48.724168], [121.9512248, 48.7233197], [121.9518936, 48.7229759], [121.952226, 48.7227976], [121.9525394, 48.7226053], [121.9528335, 48.722383], [121.9531456, 48.7221154], [121.9534217, 48.7218689], [121.9561043, 48.7189409], [121.95651, 48.7184619], [121.9568599, 48.7180264], [121.960584, 48.7130155], [121.9607436, 48.7128008], [121.9617626, 48.7114296], [121.9620279, 48.711082], [121.9623021, 48.7107484], [121.9625083, 48.7105041], [121.9628133, 48.7101789], [121.9631756, 48.7098295], [121.9633711, 48.7096508], [121.9635858, 48.7094683], [121.9639404, 48.7091849], [121.9641495, 48.7090357], [121.9644277, 48.7088535], [121.964826, 48.7086104], [121.9651892, 48.7084017], [121.9654506, 48.7082629], [121.9657205, 48.7081283], [121.9659775, 48.7080127], [121.9662566, 48.7079017], [121.9668006, 48.7076888], [121.9803785, 48.7031036], [121.9861515, 48.7011498], [121.9867331, 48.7009436], [121.9872374, 48.7007414], [121.9876881, 48.7005424], [121.9880592, 48.7003464], [121.9903508, 48.6991306], [121.9911243, 48.6987411], [121.9916507, 48.6984918], [121.9919734, 48.6983571], [121.9923025, 48.6982321], [121.992799, 48.6980649], [121.9933197, 48.6979104], [121.9938837, 48.6977439], [121.9977605, 48.6968165], [121.9984517, 48.6966214], [121.9989978, 48.6964406], [121.9994475, 48.6962744], [121.9997936, 48.6961308], [122.0001766, 48.6959524], [122.0005998, 48.6957401], [122.0040843, 48.6938021], [122.0045659, 48.6934829], [122.0049622, 48.6931992], [122.0051858, 48.693005], [122.0055489, 48.6926325], [122.011728, 48.6859349], [122.0124965, 48.6851462], [122.013056, 48.6845719], [122.013781, 48.6838186], [122.014097, 48.6834902], [122.0147488, 48.682813], [122.0154999, 48.6820569], [122.0158991, 48.6816907], [122.020301, 48.677826], [122.0238882, 48.6746763], [122.024265, 48.6743512], [122.0254459, 48.6733156], [122.0257979, 48.6730159], [122.0273386, 48.6716686], [122.0289483, 48.6701923], [122.0372641, 48.6620244], [122.0378159, 48.6614931], [122.0386372, 48.6608016], [122.0398074, 48.6600161], [122.0408933, 48.6594393], [122.0417768, 48.6590514], [122.0472302, 48.6569459], [122.0477956, 48.6566994], [122.0482796, 48.6564639], [122.0487953, 48.6561801], [122.0492865, 48.655881], [122.0498022, 48.6555268], [122.0500586, 48.6553249], [122.0502909, 48.6551323], [122.0506123, 48.6548373], [122.0508988, 48.654545], [122.0512283, 48.6541669], [122.0539773, 48.6502384], [122.0542858, 48.6497965], [122.054336, 48.6498103], [122.054544, 48.6495194], [122.0544949, 48.649497], [122.0550514, 48.6486999], [122.0553734, 48.6482998], [122.0557155, 48.647928], [122.0561186, 48.6475383], [122.0566597, 48.6470762], [122.0571086, 48.646709], [122.0650029, 48.6404317], [122.0658092, 48.6397888], [122.0678551, 48.6382082], [122.0679395, 48.6382456], [122.0681012, 48.6381182], [122.0758554, 48.632006], [122.0764009, 48.6315829], [122.0767112, 48.6313311], [122.0770367, 48.6310618], [122.0773138, 48.6308293], [122.0775607, 48.6306203], [122.0778116, 48.6303763], [122.0780369, 48.6301291], [122.0799361, 48.6279644], [122.0807134, 48.6270588], [122.0812297, 48.6264471], [122.0817398, 48.6258534], [122.0819807, 48.6255297], [122.0822003, 48.6251779], [122.0824086, 48.6247951], [122.0829372, 48.6235656], [122.0831452, 48.6230818], [122.0832711, 48.6227889], [122.0834785, 48.6223973], [122.0835829, 48.6222226], [122.0837092, 48.6220422], [122.0839393, 48.621766], [122.0842101, 48.6215185], [122.0846712, 48.6211533], [122.0851821, 48.6208289], [122.0856222, 48.6205972], [122.0860704, 48.620379], [122.0877904, 48.6196681], [122.0884275, 48.6193754], [122.0887422, 48.619214], [122.0890219, 48.6190371], [122.0895364, 48.6186891], [122.0899595, 48.6183804], [122.0901878, 48.6181947], [122.0904315, 48.617958], [122.0906229, 48.6177514], [122.0952602, 48.612313], [122.0957557, 48.6117812], [122.0961835, 48.6113525], [122.0998337, 48.6077097], [122.0999981, 48.6075456], [122.1110846, 48.5964799], [122.1112826, 48.5962794], [122.1114507, 48.596109], [122.114578, 48.5929412], [122.1149578, 48.5924924], [122.1152801, 48.5920862], [122.1155837, 48.5915541], [122.1157961, 48.5911215], [122.1159499, 48.5906969], [122.1160898, 48.5902459], [122.1170587, 48.5860141], [122.1172338, 48.5853532], [122.1173911, 48.5848675], [122.1186022, 48.5814662], [122.1187428, 48.5811342], [122.1189037, 48.5808305], [122.1190751, 48.5805385], [122.1194521, 48.5800383], [122.1198097, 48.579633], [122.1202005, 48.5792214], [122.120645, 48.5787963], [122.1228766, 48.5767711], [122.1231769, 48.5764753], [122.1234708, 48.5761665], [122.123741, 48.5758351], [122.1239668, 48.5755079], [122.1241427, 48.5752265], [122.1243091, 48.5749201], [122.1244723, 48.5746053], [122.1246173, 48.5742725], [122.1255232, 48.5719064], [122.1256949, 48.5713923], [122.1258248, 48.5708967], [122.1259198, 48.5704217], [122.1264812, 48.5674823], [122.1265583, 48.5670986], [122.1267263, 48.5661075], [122.1268229, 48.5655222], [122.1269337, 48.5649581], [122.1274868, 48.5619728], [122.1276626, 48.5610971], [122.1277135, 48.5608236], [122.1277963, 48.5605229], [122.1278655, 48.5602705], [122.1279483, 48.5599985], [122.1280629, 48.5596898], [122.128199, 48.5593666], [122.1283852, 48.558993], [122.1285526, 48.5586861], [122.1288131, 48.5582719], [122.1291326, 48.5578301], [122.1295019, 48.5573884], [122.1313305, 48.5551893], [122.1324662, 48.5538234], [122.1327391, 48.5534951], [122.133705, 48.5523333], [122.1372701, 48.5480451], [122.1407897, 48.5438114], [122.141132, 48.5433996], [122.1415207, 48.542932], [122.1427045, 48.5415195], [122.142983, 48.5411758], [122.143213, 48.5408918], [122.1434408, 48.5405897], [122.1436553, 48.5402902], [122.1438083, 48.540072], [122.1439572, 48.5398403], [122.1441255, 48.53956], [122.1442748, 48.5393084], [122.1444054, 48.5390754], [122.1445086, 48.5388805], [122.1446285, 48.5386393], [122.1447709, 48.5383475], [122.1448803, 48.5380794], [122.1449821, 48.5378364], [122.1450974, 48.5375392], [122.145203, 48.5372465], [122.1452894, 48.5369842], [122.1454083, 48.5365491], [122.1454872, 48.5362246], [122.1455649, 48.5358543], [122.14559, 48.5356987], [122.1456177, 48.5355337], [122.1456388, 48.5353907], [122.145924, 48.5332184], [122.1459944, 48.5327538], [122.1460566, 48.5323928], [122.1461423, 48.5320728], [122.1462603, 48.5317834], [122.1463848, 48.5315075], [122.1465173, 48.5312353], [122.1466545, 48.5309885], [122.1468901, 48.5306294], [122.1470948, 48.530355], [122.1472839, 48.5301289], [122.1474881, 48.529915], [122.1479114, 48.5295002], [122.1499435, 48.527595], [122.1503871, 48.5271834], [122.1506378, 48.5269015], [122.1508542, 48.5266305], [122.1510277, 48.5263983], [122.1527147, 48.5239561], [122.1529268, 48.5236391], [122.1530957, 48.5233668], [122.1532096, 48.5231774], [122.153327, 48.5229447], [122.1534185, 48.5227544], [122.1535187, 48.5225242], [122.15362, 48.5222392], [122.1536967, 48.5219743], [122.1537557, 48.521719], [122.1537986, 48.5214638], [122.1542912, 48.5186131], [122.1543678, 48.5182201], [122.1544596, 48.5179026], [122.1545691, 48.5176161], [122.1546842, 48.5173725], [122.1548142, 48.5171281], [122.1548838, 48.5169959], [122.1549626, 48.5168689], [122.1550555, 48.5167205], [122.1557853, 48.5156328], [122.1560287, 48.51527], [122.1568431, 48.5140561], [122.1570159, 48.5137481], [122.1571772, 48.5134453], [122.158985, 48.5097979], [122.1591248, 48.5094723], [122.1631668, 48.5012721], [122.1634104, 48.5007345], [122.1634916, 48.5005274], [122.1635727, 48.5003], [122.1636304, 48.5001237], [122.1636726, 48.4999515], [122.1637109, 48.4997659], [122.1637369, 48.4995783], [122.163751, 48.499388], [122.1637697, 48.4991603], [122.1637698, 48.4989623], [122.1637474, 48.4986727], [122.1637023, 48.4983953], [122.1636366, 48.4981041], [122.1635432, 48.4978128], [122.1634661, 48.4976013], [122.1633749, 48.4973898], [122.1632406, 48.4971425], [122.1630472, 48.4968103], [122.162008, 48.4950746], [122.1618552, 48.4947775], [122.1617849, 48.4945877], [122.161733, 48.4943937], [122.1616858, 48.4942111], [122.161654, 48.4940243], [122.1616345, 48.4936405], [122.1616341, 48.493442], [122.161643, 48.4932598], [122.161683, 48.4930206], [122.1617795, 48.4927035], [122.1618875, 48.4923856], [122.162035, 48.4920466], [122.1622565, 48.4915766], [122.1641468, 48.4880887], [122.1653043, 48.4859459], [122.1668781, 48.4830734], [122.1670128, 48.4828274], [122.167172, 48.4825369], [122.1675001, 48.4819665], [122.1677518, 48.4815896], [122.1702385, 48.4785215], [122.1707758, 48.477906], [122.1711009, 48.4775427], [122.1714302, 48.4772209], [122.172252, 48.476458], [122.1926243, 48.4570909], [122.1927599, 48.456962], [122.1934907, 48.4562671], [122.1937959, 48.45598], [122.1940193, 48.4557417], [122.1942707, 48.4554736], [122.1944704, 48.4552204], [122.1946218, 48.4550051], [122.1947997, 48.454714], [122.1949364, 48.4544553], [122.1961943, 48.4518942], [122.1962684, 48.4517433], [122.1973296, 48.4495826], [122.1973584, 48.4495239], [122.1974691, 48.4492986], [122.1978178, 48.4485539], [122.1980294, 48.4481336], [122.1983036, 48.4476466], [122.1986551, 48.447098], [122.1991482, 48.446395], [122.1994427, 48.4460341], [122.2009125, 48.4444039], [122.2012079, 48.4440803], [122.2014311, 48.4438172], [122.2016189, 48.4435682], [122.2017795, 48.4433091], [122.2019471, 48.4430256], [122.2020887, 48.4427308], [122.2022228, 48.442394], [122.2023077, 48.4421243], [122.2023781, 48.4418552], [122.2024175, 48.4416363], [122.2024479, 48.4414054], [122.2024619, 48.4411482], [122.202451, 48.4406617], [122.202391, 48.4402263], [122.2023316, 48.4399172], [122.2022043, 48.4395686], [122.2020435, 48.4391969], [122.2018429, 48.4388337], [122.2016322, 48.4384933], [122.2014527, 48.4382379], [122.2012666, 48.4380114], [122.200933, 48.4376215], [122.2003474, 48.4369373], [122.200211, 48.436769], [122.2000909, 48.4366075], [122.1999698, 48.4364286], [122.1998407, 48.4362183], [122.1996991, 48.435958], [122.1996026, 48.4357483], [122.1994947, 48.4354796], [122.1994213, 48.4352424], [122.1993602, 48.4350126], [122.1993303, 48.4348533], [122.1993124, 48.4347044], [122.1993017, 48.4345988], [122.1992929, 48.4344895], [122.1992888, 48.434387], [122.1992857, 48.4342882], [122.1992843, 48.4340889], [122.1992962, 48.4338451], [122.1993226, 48.433626], [122.1993616, 48.4333936], [122.1994156, 48.4331724], [122.1994679, 48.4329921], [122.1995523, 48.4327695], [122.1996553, 48.4325319], [122.1997796, 48.4322765], [122.1999107, 48.4320405], [122.2000765, 48.4317923], [122.2002769, 48.4315212], [122.2004763, 48.4312792], [122.2006852, 48.431059], [122.2008797, 48.4308699], [122.2010962, 48.4306831], [122.2017129, 48.4302031], [122.2020586, 48.4299757], [122.2024669, 48.4297449], [122.2028829, 48.4295371], [122.2033182, 48.4293433], [122.2036282, 48.429225], [122.2039397, 48.4291048], [122.2061027, 48.4283641], [122.2066678, 48.4281373], [122.2070986, 48.4279269], [122.2075264, 48.4276818], [122.2078792, 48.4274615], [122.2079821, 48.4273982], [122.2085528, 48.4270478], [122.2091691, 48.4266526], [122.2096429, 48.4263323], [122.2101092, 48.4259899], [122.210495, 48.4256554], [122.2108509, 48.4253089], [122.2111262, 48.4250029], [122.2169405, 48.417904], [122.2172143, 48.4175623], [122.2174406, 48.4172812], [122.217725, 48.4168986], [122.2320119, 48.3965756], [122.2322137, 48.3962902], [122.2323839, 48.3960353], [122.2325799, 48.3957433], [122.2327613, 48.3954505], [122.2329395, 48.3951363], [122.2337369, 48.3936365], [122.2338986, 48.3933357], [122.2340765, 48.3930348], [122.2343148, 48.3927133], [122.2346153, 48.3923883], [122.2349737, 48.3920573], [122.235247, 48.3918323], [122.2355202, 48.3916073], [122.236153, 48.3910863], [122.236636, 48.39074], [122.2369811, 48.3905328], [122.2373446, 48.3903378], [122.2376846, 48.3901745], [122.2380492, 48.3900182], [122.2385638, 48.389841], [122.2391321, 48.3896745], [122.2448555, 48.3881229], [122.2453495, 48.3879705], [122.2459016, 48.3877832], [122.2469255, 48.3874168], [122.2483053, 48.386923], [122.2482759, 48.3868806], [122.2557303, 48.3842197], [122.2606314, 48.3824702], [122.261595, 48.3820995], [122.2626788, 48.3816696], [122.2635356, 48.3813041], [122.2641606, 48.3810457], [122.2658919, 48.3803431], [122.2675846, 48.3795809], [122.2777283, 48.3748147], [122.2781063, 48.3746188], [122.2784603, 48.3744269], [122.2787584, 48.3742288], [122.2790135, 48.3740599], [122.2793347, 48.3738161], [122.279579, 48.3735989], [122.279811, 48.3733635], [122.2800071, 48.3731407], [122.2802384, 48.3728469], [122.2803954, 48.3726092], [122.280564, 48.3723129], [122.2806876, 48.3720616], [122.2808029, 48.3718115], [122.281013, 48.3713207], [122.2813183, 48.3705957], [122.2816485, 48.3698138], [122.2817412, 48.3695171], [122.2817909, 48.3692479], [122.2818159, 48.3689549], [122.2818131, 48.3686998], [122.2817701, 48.3684446], [122.281708, 48.3681975], [122.2816535, 48.3680241], [122.2815385, 48.3677743], [122.2813713, 48.3674976], [122.2807754, 48.3665811], [122.2806395, 48.3663443], [122.2805135, 48.3660622], [122.2804169, 48.3657697], [122.2803526, 48.3654896], [122.2803275, 48.3653351], [122.2803058, 48.3651875], [122.2802967, 48.3649898], [122.2803015, 48.3647829], [122.2803175, 48.3645134], [122.2803498, 48.3642313], [122.2807027, 48.3614856], [122.2807766, 48.3609475], [122.2808409, 48.3605465], [122.2809374, 48.3601372], [122.2810262, 48.3598763], [122.2811359, 48.3596224], [122.2813603, 48.3591877], [122.2816192, 48.3587524], [122.2845752, 48.3540636], [122.2848085, 48.3537098], [122.2850328, 48.3534115], [122.2852964, 48.353118], [122.2855811, 48.3528264], [122.2859171, 48.3525268], [122.2876781, 48.3510301], [122.2881988, 48.3505457], [122.288378, 48.3503596], [122.2885607, 48.3501619], [122.2887509, 48.3499234], [122.2888707, 48.3497496], [122.2889782, 48.3495737], [122.2890714, 48.3494108], [122.2891522, 48.3492427], [122.2892682, 48.3489866], [122.2893948, 48.3486884], [122.2894636, 48.348519], [122.2907065, 48.3454437], [122.2908693, 48.3450763], [122.2910302, 48.3447641], [122.2912441, 48.3444202], [122.2914761, 48.3441231], [122.2917346, 48.3438259], [122.2920655, 48.3434946], [122.2924768, 48.3431423], [122.2928559, 48.3428816], [122.2932351, 48.3426512], [122.2935034, 48.3424981], [122.2937962, 48.3423475], [122.2941386, 48.3421871], [122.2944984, 48.3420361], [122.2962481, 48.3414186], [122.2968867, 48.3411805], [122.2975017, 48.3409063], [122.2979791, 48.3406761], [122.2984266, 48.3404046], [122.2988376, 48.3401251], [122.299111, 48.3399127], [122.2992728, 48.3397741], [122.2993869, 48.3396763], [122.2997234, 48.3393717], [122.3036302, 48.3355621], [122.3041601, 48.3350747], [122.3047403, 48.3346084], [122.3051652, 48.3342927], [122.3056272, 48.3339981], [122.3062169, 48.3336384], [122.3068385, 48.3332963], [122.3077368, 48.3328738], [122.3207678, 48.3271383], [122.3218899, 48.3266413], [122.3223112, 48.3264547], [122.3227577, 48.3262286], [122.3231846, 48.3259819], [122.3235555, 48.3257405], [122.3238569, 48.3255176], [122.3275775, 48.3226386], [122.3279273, 48.3223308], [122.328166, 48.3220873], [122.3283886, 48.3218426], [122.328577, 48.3216022], [122.3289437, 48.321109], [122.3292082, 48.3207314], [122.329439, 48.3204017], [122.3296985, 48.3199995], [122.3299032, 48.3195814], [122.3300357, 48.3191629], [122.3301033, 48.3187992], [122.3301267, 48.3183394], [122.3300892, 48.317879], [122.3300186, 48.3175643], [122.3299337, 48.317312], [122.3298386, 48.3170861], [122.3296837, 48.3167903], [122.3295456, 48.3165592], [122.3293049, 48.3162196], [122.3288935, 48.3157209], [122.3286026, 48.3153682], [122.3281476, 48.3148168], [122.327224, 48.3136972], [122.3219401, 48.3072917], [122.3202708, 48.3052678], [122.31894, 48.3036543], [122.3070918, 48.2892463], [122.3067069, 48.2888052], [122.3045442, 48.2862506], [122.3043981, 48.2860781], [122.3041983, 48.285842], [122.3039199, 48.2855385], [122.3036627, 48.2852881], [122.3034318, 48.2850886], [122.3031668, 48.2848731], [122.3028205, 48.2846194], [122.3025415, 48.2844359], [122.3022647, 48.2842706], [122.3018797, 48.2840673], [122.3014513, 48.2838676], [122.3007616, 48.2835983], [122.3002578, 48.283424], [122.2969577, 48.282378], [122.2962218, 48.2821368], [122.2955801, 48.2819107], [122.2952832, 48.2817914], [122.2949864, 48.2816658], [122.2946707, 48.2815155], [122.2943551, 48.2813528], [122.2940644, 48.2811885], [122.2937737, 48.2810119], [122.2934487, 48.2807847], [122.2931423, 48.2805483], [122.2928879, 48.2803338], [122.2926427, 48.2801111], [122.2921895, 48.2796222], [122.2919336, 48.2792855], [122.291725, 48.278972], [122.2915615, 48.2786833], [122.2914122, 48.2783911], [122.2912795, 48.2780826], [122.2911889, 48.2777954], [122.2911319, 48.2775076], [122.2911037, 48.2771409], [122.2911, 48.2768656], [122.2911101, 48.2765906], [122.293312, 48.2529482], [122.2933242, 48.2528174], [122.2937353, 48.2484017], [122.29378, 48.2478854], [122.2937797, 48.2477015], [122.293774, 48.2475176], [122.2937539, 48.2473299], [122.2937203, 48.2471422], [122.2936547, 48.2468655], [122.2935757, 48.2465887], [122.2935469, 48.2464922], [122.2935087, 48.2463902], [122.2934706, 48.2462883], [122.2933378, 48.2460122], [122.2931632, 48.2456958], [122.292945, 48.2453691], [122.29267, 48.2450369], [122.2924088, 48.2447502], [122.2920618, 48.2444302], [122.2917258, 48.2441631], [122.2914051, 48.2439313], [122.2898517, 48.2429232], [122.2895476, 48.2427306], [122.2891242, 48.2425002], [122.2887022, 48.2423075], [122.2883678, 48.2421707], [122.2879447, 48.2420215], [122.2874899, 48.2418928], [122.2871333, 48.2417995], [122.2867179, 48.24172], [122.2849614, 48.2414801], [122.2844203, 48.2413785], [122.2840613, 48.2412915], [122.2836634, 48.2411703], [122.2832868, 48.2410269], [122.2829244, 48.2408664], [122.2824594, 48.2406235], [122.2821495, 48.2404242], [122.2818574, 48.2402012], [122.2815993, 48.239957], [122.2813905, 48.2397265], [122.2811885, 48.2394835], [122.2810472, 48.2392751], [122.2809502, 48.2391119], [122.2808598, 48.2389407], [122.2807509, 48.2386723], [122.2806839, 48.238481], [122.2806297, 48.2382505], [122.2806067, 48.2380309], [122.2806052, 48.2378119], [122.2806107, 48.2376405], [122.2806255, 48.2374711], [122.2806516, 48.237313], [122.2806918, 48.2371579], [122.2807282, 48.2370192], [122.280778, 48.2368849], [122.2808222, 48.236767], [122.2809102, 48.236589], [122.2811078, 48.2362459], [122.2931644, 48.2199117], [122.2935712, 48.2193233], [122.2938959, 48.2188462], [122.2950673, 48.2172352], [122.2953316, 48.2168717], [122.2963402, 48.2154845], [122.2965583, 48.2151418], [122.2968587, 48.2145713], [122.297047, 48.2141271], [122.2971503, 48.2138013], [122.2972226, 48.2135254], [122.297307, 48.2130363], [122.2973508, 48.2126236], [122.2973484, 48.2122651], [122.2973287, 48.211954], [122.2972932, 48.2116408], [122.2972187, 48.2112617], [122.297142, 48.2109874], [122.2970387, 48.2106741], [122.2969105, 48.2103878], [122.296779, 48.2101011], [122.2966091, 48.2097943], [122.2964017, 48.2094608], [122.2960946, 48.2090206], [122.2950502, 48.2076163], [122.2948094, 48.2072407], [122.2945374, 48.2067407], [122.2942432, 48.2060769], [122.2941273, 48.2058146], [122.294027, 48.2055136], [122.2939335, 48.2052031], [122.2929677, 48.2015716], [122.2929438, 48.2014693], [122.2929017, 48.2013019], [122.2928712, 48.201195], [122.2927583, 48.2008714], [122.292635, 48.200553], [122.2925399, 48.2003596], [122.2919428, 48.1991861], [122.2918394, 48.1989624], [122.2917735, 48.1987518], [122.2917104, 48.198514], [122.2916805, 48.198281], [122.2916674, 48.1980767], [122.291676, 48.1956161], [122.2916608, 48.1953157], [122.2916402, 48.1950553], [122.2915963, 48.1947992], [122.2915584, 48.1946098], [122.2914993, 48.194404], [122.2914086, 48.1941704], [122.2913015, 48.1938997], [122.2912236, 48.1937243], [122.2911333, 48.1935572], [122.2910101, 48.1933449], [122.2908744, 48.1931343], [122.2907264, 48.1929285], [122.2905737, 48.1927463], [122.2904321, 48.1925877], [122.2893632, 48.1914814], [122.2890363, 48.1911293], [122.2887091, 48.190735], [122.2884278, 48.1903714], [122.2882223, 48.1900461], [122.2880326, 48.1896878], [122.2879091, 48.1893969], [122.2877945, 48.1891151], [122.287708, 48.1887947], [122.2876341, 48.1884419], [122.2875835, 48.1881927], [122.2875348, 48.1878936], [122.2873571, 48.1865757], [122.2873083, 48.1860598], [122.287315, 48.1856904], [122.2873686, 48.1853087], [122.2874887, 48.1849346], [122.2876704, 48.1845004], [122.2882109, 48.1834429], [122.2883496, 48.1832032], [122.2886168, 48.1828362], [122.2888193, 48.1825814], [122.2890359, 48.1823596], [122.2892676, 48.1821516], [122.2896397, 48.1818745], [122.2898784, 48.181715], [122.2900554, 48.1816139], [122.2903314, 48.1814674], [122.2905016, 48.181378], [122.2907859, 48.1812531], [122.2910518, 48.181144], [122.2914422, 48.1810063], [122.2917931, 48.1808994], [122.2921145, 48.1808166], [122.2925614, 48.1807296], [122.2930991, 48.1806516], [122.2933516, 48.1806242], [122.2935994, 48.1806031], [122.2941171, 48.1805793], [122.2943745, 48.1805866], [122.2946425, 48.1805986], [122.2968316, 48.1807409], [122.2973263, 48.1807589], [122.2977005, 48.1807627], [122.2980747, 48.1807492], [122.2984917, 48.1807304], [122.2989023, 48.1806888], [122.299149, 48.1806546], [122.2993769, 48.1806115], [122.2996606, 48.1805553], [122.2999446, 48.1804908], [122.3003462, 48.1803897], [122.3007448, 48.1802702], [122.3028094, 48.179477], [122.3031358, 48.179362], [122.3035349, 48.1792466], [122.3037968, 48.1791815], [122.3040257, 48.1791349], [122.3042761, 48.1790975], [122.3045698, 48.1790578], [122.3048854, 48.1790284], [122.3052097, 48.1790155], [122.3056467, 48.1790123], [122.3060535, 48.17903], [122.3133971, 48.1795795], [122.3135831, 48.1795935], [122.3324604, 48.1810061], [122.3331294, 48.1810459], [122.3334101, 48.18106], [122.3336907, 48.1810658], [122.3342371, 48.1810707], [122.3348199, 48.1810426], [122.3352481, 48.1810079], [122.3358, 48.1809443], [122.3364694, 48.1808249], [122.3408925, 48.1797691], [122.3414251, 48.1796481], [122.341777, 48.1795803], [122.3421739, 48.1795192], [122.3426645, 48.1794618], [122.3433421, 48.179419], [122.34393, 48.1794011], [122.3462297, 48.1794175], [122.3465595, 48.1794067], [122.3468877, 48.1793893], [122.3472557, 48.1793687], [122.3476065, 48.1793324], [122.3479223, 48.1792913], [122.3482512, 48.1792413], [122.3487811, 48.1791418], [122.3492556, 48.1790422], [122.3506371, 48.1787422], [122.3512117, 48.1786174], [122.3597178, 48.1767702], [122.3649741, 48.1756287], [122.3667628, 48.1752402], [122.3673468, 48.1751134], [122.368624, 48.174836], [122.3700883, 48.1745134], [122.3737483, 48.1737696], [122.3752358, 48.1734622], [122.3786088, 48.1727254], [122.3791879, 48.1725969], [122.3798142, 48.1724616], [122.3802887, 48.172338], [122.3809249, 48.1721641], [122.3815831, 48.1719518], [122.3822251, 48.1717106], [122.3827508, 48.1714845], [122.3831371, 48.1713069], [122.3834467, 48.1711583], [122.3838403, 48.1709548], [122.3843246, 48.1706807], [122.3847979, 48.1703918], [122.3852322, 48.1701057], [122.385504, 48.1699136], [122.385944, 48.16958], [122.3900756, 48.1661624], [122.3903573, 48.1659267], [122.3906299, 48.1656848], [122.3908931, 48.1654116], [122.391098, 48.165179], [122.3912788, 48.1649398], [122.3914569, 48.1646673], [122.3915934, 48.1644323], [122.3916786, 48.1642768], [122.3917639, 48.1641007], [122.3918714, 48.1638135], [122.3919334, 48.1636379], [122.3919847, 48.1634552], [122.3920254, 48.1632961], [122.3920605, 48.1631407], [122.3920877, 48.1629785], [122.3921023, 48.1628135], [122.3921413, 48.153525], [122.3921446, 48.1533269], [122.3921635, 48.1530468], [122.3921909, 48.152789], [122.3922324, 48.1525306], [122.3922897, 48.1522202], [122.3923662, 48.1519141], [122.392461, 48.1516084], [122.3925685, 48.1513133], [122.4017989, 48.1282111], [122.4019984, 48.1276847], [122.4029124, 48.1251992], [122.4030688, 48.1247986], [122.403212, 48.1244507], [122.4033328, 48.1241463], [122.403448, 48.1238073], [122.4035261, 48.1235204], [122.4035762, 48.1232597], [122.4036289, 48.1229273], [122.4036543, 48.1225995], [122.4036526, 48.1222206], [122.4036531, 48.1220379], [122.4036453, 48.1218553], [122.4036197, 48.1216274], [122.4035629, 48.1212743], [122.4035378, 48.1211439], [122.4034942, 48.1209924], [122.4034335, 48.120804], [122.4028765, 48.1190947], [122.4027027, 48.1185077], [122.4026706, 48.118334], [122.4026496, 48.1181454], [122.4026461, 48.1179733], [122.4026595, 48.1177253], [122.4026953, 48.1174924], [122.4027601, 48.1172357], [122.4028282, 48.1170215], [122.4029369, 48.1167417], [122.4030506, 48.1165126], [122.4031663, 48.1163113], [122.4032962, 48.1161221], [122.4034576, 48.1159114], [122.4035762, 48.1157715], [122.40386, 48.1154929], [122.4046572, 48.1147603], [122.4049457, 48.1145318], [122.4052293, 48.1143263], [122.405372, 48.1142268], [122.405527, 48.1141338], [122.4056911, 48.1140416], [122.4058637, 48.1139593], [122.4060719, 48.1138645], [122.4062865, 48.1137811], [122.4064926, 48.1136995], [122.4067093, 48.1136265], [122.4070117, 48.1135356], [122.4072624, 48.1134675], [122.4074378, 48.1134276], [122.4076132, 48.1133949], [122.4078688, 48.1133475], [122.4080743, 48.1133191], [122.4083113, 48.1132956], [122.4085668, 48.1132773], [122.4087901, 48.1132663], [122.4090356, 48.1132634], [122.4093047, 48.1132641], [122.4095659, 48.1132741], [122.4098743, 48.1132964], [122.4102055, 48.1133296], [122.4135452, 48.1137023], [122.414248, 48.1137807], [122.4146284, 48.1138187], [122.415054, 48.1138564], [122.4153561, 48.1138759], [122.4157534, 48.1138943], [122.4162366, 48.1139184], [122.4215975, 48.1141857], [122.424713, 48.114341], [122.425417, 48.114371], [122.425768, 48.114379], [122.4261197, 48.1143779], [122.4272093, 48.1143556], [122.4293006, 48.1143168], [122.4301137, 48.1143016], [122.4390732, 48.1141352], [122.4400695, 48.1141049], [122.4409578, 48.1140708], [122.4422239, 48.1140456], [122.442495, 48.1140403], [122.4547972, 48.1137959], [122.4551993, 48.1137925], [122.460031, 48.1137591], [122.5139492, 48.1127608], [122.5148963, 48.1127284], [122.5157198, 48.1126799], [122.516404, 48.1126328], [122.5172344, 48.1125557], [122.5181192, 48.1124587], [122.5191258, 48.1123216], [122.5201197, 48.1121617], [122.5212554, 48.1119593], [122.5304684, 48.1102261], [122.5313707, 48.1100725], [122.5318218, 48.1100083], [122.5322852, 48.1099551], [122.5326863, 48.1099207], [122.5331616, 48.109888], [122.533723, 48.1098551], [122.5552491, 48.1088052], [122.5716948, 48.1080206], [122.5739067, 48.1078962], [122.5756708, 48.1077849], [122.5772134, 48.107699], [122.5778427, 48.1076738], [122.5789065, 48.1076247], [122.5799375, 48.10758], [122.5819763, 48.1075202], [122.5880871, 48.1072253], [122.5885356, 48.1072024], [122.588984, 48.1071708], [122.5894576, 48.1071297], [122.5899311, 48.1070814], [122.5923403, 48.1068467], [122.5934561, 48.1067678], [122.5944236, 48.1067338], [122.5957477, 48.1067451], [122.596603, 48.1067794], [122.5972167, 48.1067889], [122.5977841, 48.1067907], [122.601233, 48.1067373], [122.6016342, 48.106726], [122.6020422, 48.1067035], [122.6025679, 48.1066685], [122.6030909, 48.1066231], [122.6038705, 48.1065316], [122.6042276, 48.106479], [122.6045906, 48.1064176], [122.6051898, 48.1063018], [122.6063208, 48.106038], [122.6069961, 48.1058424], [122.6073387, 48.105734], [122.6076696, 48.1056178], [122.6100898, 48.1046545], [122.6104553, 48.1045095], [122.610983, 48.1043312], [122.6112958, 48.1042297], [122.6118455, 48.104063], [122.6122793, 48.1039448], [122.6127482, 48.1038292], [122.6134094, 48.1036899], [122.6136754, 48.1036361], [122.6139923, 48.1035834], [122.6144225, 48.103524], [122.6188662, 48.1030403], [122.6193651, 48.1029919], [122.6198738, 48.1029435], [122.6231314, 48.1026968], [122.6235064, 48.1026654], [122.6239527, 48.1026172], [122.6243828, 48.1025592], [122.6246602, 48.1025158], [122.6249376, 48.1024677], [122.6272545, 48.1020203], [122.628766, 48.1017401], [122.6292639, 48.1016423], [122.629705, 48.1015344], [122.630403, 48.1013579], [122.6308911, 48.1012404], [122.631383, 48.1011251], [122.6318279, 48.1010344], [122.6322655, 48.1009612], [122.6327404, 48.1009104], [122.6331798, 48.1008815], [122.6336273, 48.1008692], [122.6372569, 48.1008673], [122.6378578, 48.1008718], [122.6418273, 48.1008615], [122.6423786, 48.1008504], [122.6429385, 48.100825], [122.6435069, 48.1007842], [122.6439649, 48.1007424], [122.644445, 48.1006859], [122.6449475, 48.1006145], [122.6472807, 48.1002119], [122.6478652, 48.1000987], [122.6483099, 48.0999883], [122.6487263, 48.0998638], [122.6490904, 48.0997369], [122.6494787, 48.0995898], [122.6497125, 48.0994885], [122.6499173, 48.0993891], [122.6502412, 48.0992234], [122.6506488, 48.0989785], [122.6517609, 48.0981682], [122.6523461, 48.0977266], [122.6527216, 48.0974617], [122.652971, 48.0972987], [122.6531968, 48.0971592], [122.6534926, 48.0969927], [122.6540563, 48.0967359], [122.65435, 48.0966245], [122.6546086, 48.0965309], [122.6549011, 48.0964393], [122.655159, 48.0963677], [122.6554181, 48.096303], [122.6557026, 48.0962384], [122.6560446, 48.0961836], [122.6563297, 48.0961451], [122.6566788, 48.0961059], [122.6571671, 48.0960737], [122.6575699, 48.0960671], [122.6580551, 48.0960808], [122.6586272, 48.0961198], [122.6591388, 48.0961703], [122.6610325, 48.0963644], [122.6614659, 48.0963977], [122.6619141, 48.0964321], [122.6623166, 48.0964408], [122.6628168, 48.0964353], [122.6632901, 48.0964073], [122.6636944, 48.0963749], [122.6640725, 48.0963413], [122.6650956, 48.0962309], [122.6661832, 48.0961033], [122.6669208, 48.0960142], [122.6672445, 48.0959607], [122.6675713, 48.0958989], [122.6680818, 48.0957845], [122.6685887, 48.0956404], [122.6689777, 48.0955075], [122.6694483, 48.0953143], [122.6697102, 48.0951958], [122.6699507, 48.0950715], [122.6701848, 48.0949448], [122.670539, 48.094725], [122.6708463, 48.0945152], [122.6711735, 48.0942496], [122.6714123, 48.0940308], [122.6716125, 48.093832], [122.6717867, 48.0936167], [122.6719524, 48.0934057], [122.6721087, 48.0931678], [122.6723051, 48.0928307], [122.6747612, 48.088241], [122.6749978, 48.0877903], [122.6751976, 48.0874152], [122.6752958, 48.08722], [122.6754053, 48.086975], [122.6754991, 48.0867288], [122.6755929, 48.0864356], [122.6757691, 48.0858306], [122.6760318, 48.0849237], [122.6762874, 48.0840501], [122.6765388, 48.0834472], [122.6768409, 48.082894], [122.6771225, 48.0825101], [122.67744, 48.0821989], [122.6776578, 48.081995], [122.6782081, 48.0815392], [122.678782, 48.0811647], [122.6794097, 48.080825], [122.6800505, 48.0805466], [122.6807583, 48.0802972], [122.6814375, 48.0801108], [122.6866609, 48.0787752], [122.6866879, 48.0788212], [122.6906391, 48.0778052], [122.6906203, 48.0777627], [122.6911977, 48.0776155], [122.6919331, 48.0774282], [122.6924879, 48.0772768], [122.6930839, 48.0770671], [122.6936029, 48.0768478], [122.6938897, 48.076703], [122.6941391, 48.0765631], [122.6944019, 48.0764084], [122.6946647, 48.0762407], [122.6949055, 48.076053], [122.6952324, 48.0757752], [122.6954281, 48.0755902], [122.6956069, 48.0753865], [122.6957353, 48.0752326], [122.6959395, 48.0749632], [122.6961324, 48.0746608], [122.6962496, 48.0744262], [122.6963509, 48.0741858], [122.6964538, 48.0738776], [122.6965353, 48.0735379], [122.6966051, 48.0731919], [122.6967661, 48.0721731], [122.6968537, 48.0716363], [122.6969788, 48.0708754], [122.6970477, 48.0704744], [122.6970883, 48.0701187], [122.697111, 48.0697314], [122.6971133, 48.0692947], [122.6970694, 48.0680421], [122.6970695, 48.0678938], [122.6970775, 48.0677141], [122.6971428, 48.0677155], [122.6971808, 48.0675078], [122.6972339, 48.0673246], [122.697343, 48.0670403], [122.6975, 48.0667479], [122.6976972, 48.0664574], [122.6979143, 48.0661572], [122.6987563, 48.0650909], [122.6991057, 48.0646627], [122.6994042, 48.0643481], [122.6997074, 48.0640604], [122.6999924, 48.0638096], [122.7001888, 48.0636509], [122.7003949, 48.0634968], [122.7008293, 48.0632021], [122.7033177, 48.0615941], [122.7038792, 48.0612528], [122.7043708, 48.0610039], [122.7049464, 48.0607344], [122.7056085, 48.0604801], [122.7062189, 48.0602815], [122.7076728, 48.0598203], [122.7084269, 48.0595688], [122.708853, 48.0593774], [122.7091688, 48.059228], [122.709505, 48.0590466], [122.7097605, 48.0588885], [122.7100205, 48.058707], [122.7102361, 48.058542], [122.7106116, 48.05823], [122.7109008, 48.0579731], [122.7136185, 48.0555076], [122.7139137, 48.0552289], [122.7142007, 48.0549301], [122.7145075, 48.0545775], [122.7147563, 48.0542756], [122.7150983, 48.0537972], [122.7152387, 48.0536003], [122.7165152, 48.0516765], [122.7167175, 48.0513815], [122.7168724, 48.0511841], [122.7171582, 48.0509025], [122.7176083, 48.0504948], [122.7179556, 48.0502446], [122.7183681, 48.0499858], [122.7187432, 48.0497883], [122.7191694, 48.0495875], [122.7211253, 48.0488445], [122.7217197, 48.0485766], [122.7223514, 48.0482645], [122.7230533, 48.0478654], [122.7235451, 48.0475559], [122.7268614, 48.0453781], [122.7276005, 48.0448253], [122.728023, 48.044476], [122.7283612, 48.0441575], [122.7286794, 48.0438545], [122.7289448, 48.0435604], [122.729196, 48.0432664], [122.7295473, 48.0427937], [122.7297401, 48.0425026], [122.7300531, 48.0420057], [122.7355657, 48.0326678], [122.735698, 48.0324339], [122.7358158, 48.032191], [122.7360233, 48.0317059], [122.7361563, 48.0312931], [122.7362264, 48.0309345], [122.7362831, 48.0305381], [122.7363153, 48.0300893], [122.7362986, 48.029793], [122.7362377, 48.0292712], [122.7361993, 48.0290526], [122.7361142, 48.0286571], [122.7360399, 48.0284224], [122.7347628, 48.0249842], [122.7344375, 48.0238821], [122.734384, 48.0235573], [122.7343465, 48.0232378], [122.7343364, 48.022845], [122.73434, 48.0224512], [122.7343838, 48.0220556], [122.7344226, 48.0217111], [122.7344805, 48.0214399], [122.7345897, 48.0210384], [122.7346653, 48.0207863], [122.734758, 48.0205442], [122.7348483, 48.0203315], [122.7349737, 48.0200368], [122.7351151, 48.0197457], [122.7354256, 48.0192022], [122.735787, 48.0186747], [122.735962, 48.0184289], [122.7362344, 48.0180447], [122.7365404, 48.0176171], [122.7368402, 48.0171907], [122.7371396, 48.0167713], [122.7381691, 48.0153227], [122.7444294, 48.006513], [122.7447435, 48.0060707], [122.7458589, 48.0044998], [122.7462624, 48.003933], [122.7464357, 48.003689], [122.7578568, 47.9876316], [122.7621786, 47.9815541], [122.7627791, 47.9807736], [122.7635852, 47.9796996], [122.7640653, 47.9789959], [122.764244, 47.9787438], [122.7657517, 47.9765481], [122.7662101, 47.9758315], [122.7668736, 47.9748409], [122.7882915, 47.9446383], [122.7889527, 47.9436928], [122.7891097, 47.9434713], [122.7892837, 47.9432231], [122.7898783, 47.9424068], [122.7905706, 47.9415344], [122.7918933, 47.93993], [122.7922806, 47.9394602], [122.7926528, 47.9390088], [122.7931979, 47.9383475], [122.7935392, 47.9379336], [122.794115, 47.9372361], [122.7945364, 47.9367139], [122.7947625, 47.936399], [122.7949657, 47.936081], [122.7951992, 47.9356817], [122.7954143, 47.935247], [122.7955476, 47.9349387], [122.7956726, 47.9345987], [122.7957392, 47.9343804], [122.7956713, 47.9343711], [122.7972016, 47.9293057], [122.7973458, 47.9288282], [122.797609, 47.9279571], [122.7979033, 47.9269844], [122.7981017, 47.9263286], [122.7986512, 47.9246176], [122.7988802, 47.924036], [122.7991172, 47.9235116], [122.8005955, 47.9207312], [122.8007426, 47.9204064], [122.8008698, 47.9200735], [122.80098, 47.9197336], [122.8010771, 47.9193774], [122.8011293, 47.9191087], [122.8011795, 47.918793], [122.8012076, 47.9185255], [122.8012197, 47.9182768], [122.8012262, 47.9178968], [122.8011965, 47.9172353], [122.8011114, 47.9167676], [122.8010112, 47.9163039], [122.8004517, 47.9140705], [122.8003706, 47.9136955], [122.8003094, 47.9132653], [122.8002796, 47.9128629], [122.8002649, 47.912529], [122.8002714, 47.9122415], [122.8002933, 47.9119378], [122.800489, 47.9101899], [122.8005279, 47.9095328], [122.800537, 47.9091844], [122.800527, 47.9089963], [122.8005045, 47.9088198], [122.8004581, 47.9085626], [122.8003595, 47.9081335], [122.8003061, 47.9079494], [122.8002703, 47.9078366], [122.8003313, 47.907826], [122.8002302, 47.9075774], [122.7992916, 47.9056519], [122.7991262, 47.9053023], [122.7988799, 47.9047409], [122.7987653, 47.9043809], [122.7986945, 47.9041386], [122.7978066, 47.9004405], [122.7977434, 47.9000867], [122.7976936, 47.89971], [122.79766, 47.8994401], [122.7976464, 47.898965], [122.7976717, 47.8982907], [122.7977265, 47.8979679], [122.7978054, 47.8976184], [122.797888, 47.897295], [122.7979682, 47.8970322], [122.7980602, 47.8967718], [122.798179, 47.8964761], [122.7983116, 47.8961896], [122.7983436, 47.8961286], [122.7982798, 47.8961158], [122.7983444, 47.8959894], [122.7984347, 47.8958125], [122.7986078, 47.895513], [122.7988152, 47.895229], [122.8007044, 47.8925093], [122.8010723, 47.8919559], [122.8014637, 47.8913768], [122.8018235, 47.8908022], [122.8022184, 47.8900901], [122.8025386, 47.8893989], [122.8028115, 47.8887252], [122.8030074, 47.888194], [122.8034006, 47.886984], [122.8049043, 47.8820614], [122.8049649, 47.881863], [122.8054812, 47.8801727], [122.8056055, 47.8797855], [122.8057045, 47.879471], [122.8058677, 47.8790348], [122.8059532, 47.8788147], [122.8060542, 47.8785998], [122.8061558, 47.8783779], [122.806352, 47.8780118], [122.8086751, 47.8740964], [122.8088343, 47.8738009], [122.8089565, 47.8735513], [122.8090355, 47.8733715], [122.8091094, 47.873209], [122.8092325, 47.8728801], [122.8093195, 47.87262], [122.8094105, 47.8722833], [122.8094914, 47.8718363], [122.8095214, 47.8715123], [122.8095295, 47.8711883], [122.8095238, 47.8709027], [122.809489, 47.8701981], [122.8092205, 47.8678361], [122.8091884, 47.8675539], [122.8090073, 47.8659603], [122.8089917, 47.8656643], [122.8089872, 47.8654318], [122.80899, 47.8651656], [122.8090031, 47.8648994], [122.8090128, 47.8647512], [122.8090293, 47.8646029], [122.8090993, 47.8642429], [122.8091682, 47.8639615], [122.8092387, 47.8637106], [122.8093123, 47.8634887], [122.8094025, 47.8632394], [122.8095371, 47.8628935], [122.8104462, 47.8607878], [122.8107099, 47.8600846], [122.8108232, 47.8596858], [122.8109036, 47.8592188], [122.8119098, 47.8462629], [122.8119283, 47.8460253], [122.8122279, 47.8421667], [122.8123361, 47.8408185], [122.8123734, 47.840411], [122.8124228, 47.8401002], [122.8125223, 47.839618], [122.8126536, 47.8391603], [122.8127909, 47.8387688], [122.8129276, 47.8384464], [122.8130782, 47.838122], [122.8132101, 47.8378635], [122.8134585, 47.8374543], [122.8137592, 47.8370234], [122.817235, 47.8322729], [122.8176044, 47.8318225], [122.8179984, 47.831372], [122.8186753, 47.8307478], [122.8193137, 47.8302491], [122.8208236, 47.8291752], [122.821226, 47.8288873], [122.8214286, 47.8287423], [122.8217252, 47.82853], [122.8222262, 47.8281511], [122.8227764, 47.8276147], [122.8229853, 47.827387], [122.8231942, 47.8271455], [122.823414, 47.8268504], [122.8236338, 47.8265279], [122.8238588, 47.826185], [122.8240478, 47.8258286], [122.8242128, 47.8254435], [122.8243283, 47.8251087], [122.824413, 47.8247112], [122.8244665, 47.8243625], [122.8245069, 47.8239827], [122.8245232, 47.8235532], [122.8244978, 47.8230548], [122.8244496, 47.822511], [122.8241345, 47.8201809], [122.824051, 47.8197956], [122.8239514, 47.8194756], [122.8237506, 47.8188704], [122.8236155, 47.8185922], [122.823383, 47.8181948], [122.8231425, 47.8178621], [122.8228424, 47.8174827], [122.8225296, 47.8171322], [122.8221423, 47.8167532], [122.8216824, 47.8163614], [122.8212405, 47.8160321], [122.819473, 47.8148422], [122.8189576, 47.8144895], [122.8183729, 47.814071], [122.8179222, 47.8137088], [122.8175426, 47.8133782], [122.8173505, 47.8131909], [122.8171789, 47.8130213], [122.8169265, 47.8127404], [122.8167009, 47.8124769], [122.8165402, 47.8122618], [122.8163577, 47.8119756], [122.8162113, 47.811716], [122.8149002, 47.808945], [122.8147602, 47.8086179], [122.8146066, 47.8081903], [122.8145402, 47.8079887], [122.8144881, 47.8077752], [122.8144196, 47.8074468], [122.8143829, 47.8071569], [122.8143578, 47.8068813], [122.8143606, 47.8065378], [122.814374, 47.80622], [122.8144218, 47.8058276], [122.8145017, 47.8054669], [122.8146137, 47.805094], [122.8147411, 47.8047573], [122.8149196, 47.8043686], [122.8150808, 47.8040616], [122.8160443, 47.8023406], [122.8164062, 47.8016541], [122.8165537, 47.8012938], [122.8166896, 47.8008892], [122.8167996, 47.8004054], [122.8168879, 47.7998915], [122.8201252, 47.7769155], [122.8201568, 47.7766915], [122.8201817, 47.7765148], [122.8202496, 47.776123], [122.8203268, 47.7757333], [122.8203759, 47.7755225], [122.8204438, 47.7753126], [122.8205088, 47.7751313], [122.820582, 47.7749499], [122.8303703, 47.7527223], [122.8305487, 47.7523171], [122.8307642, 47.7518276], [122.8309749, 47.7513495], [122.8331049, 47.746511], [122.8363658, 47.7391029], [122.8365571, 47.7386682], [122.8367955, 47.7381267], [122.8477246, 47.7132484], [122.8479023, 47.7128438], [122.8542735, 47.6983351], [122.8545673, 47.6976459], [122.8547195, 47.6972783], [122.8548444, 47.696911], [122.8549167, 47.6966953], [122.854989, 47.6964513], [122.8551106, 47.6958412], [122.8551471, 47.6954279], [122.8551687, 47.6950932], [122.855174, 47.694755], [122.8551663, 47.6944429], [122.8551371, 47.6941217], [122.8550775, 47.6937536], [122.8549226, 47.6930529], [122.8548167, 47.6927229], [122.8527589, 47.6867799], [122.8525952, 47.6863293], [122.8523742, 47.6857695], [122.8520602, 47.6849066], [122.8519772, 47.6846784], [122.8519172, 47.6845136], [122.8517206, 47.6839111], [122.8516292, 47.6836412], [122.8505126, 47.6804331], [122.8503442, 47.6799079], [122.850271, 47.6796518], [122.8502099, 47.6793821], [122.8501725, 47.67901], [122.8501672, 47.6786841], [122.850191, 47.678312], [122.8502208, 47.6780303], [122.8502461, 47.6778543], [122.8502864, 47.6776622], [122.850321, 47.6775123], [122.850431, 47.6771614], [122.8512367, 47.6746589], [122.8514063, 47.6741529], [122.8514923, 47.6739345], [122.851586, 47.673723], [122.8519669, 47.6731126], [122.8524302, 47.6724618], [122.8540631, 47.6702963], [122.8542726, 47.6699776], [122.8544053, 47.6697685], [122.8597898, 47.6602664], [122.8598137, 47.6602242], [122.8647871, 47.6514461], [122.8648174, 47.6513925], [122.8652901, 47.6505582], [122.865529, 47.6500418], [122.8657234, 47.6495222], [122.8658121, 47.6492275], [122.8658893, 47.64895], [122.8659227, 47.6487835], [122.8659477, 47.6486158], [122.8701022, 47.6184051], [122.8701425, 47.6177914], [122.8701646, 47.617353], [122.8702062, 47.616878], [122.8702559, 47.6163065], [122.8703508, 47.6155289], [122.8704442, 47.6147965], [122.8708451, 47.6121108], [122.8709784, 47.6112083], [122.8710964, 47.61023], [122.8711479, 47.6096088], [122.8711495, 47.6091285], [122.8710758, 47.6084835], [122.8681086, 47.5931703], [122.8680015, 47.5927097], [122.8678888, 47.5922603], [122.8677802, 47.5919294], [122.8675733, 47.5914018], [122.8673908, 47.5910213], [122.8656291, 47.5873792], [122.8645183, 47.5850825], [122.8643663, 47.5847681], [122.8610989, 47.5780119], [122.8594451, 47.5745919], [122.8590598, 47.5737951], [122.8588609, 47.5733839], [122.858524, 47.5726871], [122.8579172, 47.5713971], [122.8574277, 47.570434], [122.8571331, 47.5699218], [122.8569305, 47.5696092], [122.856687, 47.5692438], [122.8563408, 47.5687848], [122.8559961, 47.5683656], [122.8557056, 47.5680392], [122.8554488, 47.5677775], [122.8552329, 47.5675708], [122.8551638, 47.5675046], [122.855221, 47.5674784], [122.854756, 47.5670384], [122.8543609, 47.5666982], [122.8538686, 47.566287], [122.8532973, 47.5658978], [122.8521235, 47.5651604], [122.8510979, 47.5646111], [122.848453, 47.5633186], [122.8479861, 47.5630972], [122.8475306, 47.5628534], [122.8472331, 47.5626791], [122.8454365, 47.5615673], [122.8449628, 47.5612643], [122.8446244, 47.5610339], [122.8432786, 47.5600672], [122.8425144, 47.5594907], [122.8418784, 47.5589913], [122.8378987, 47.5556208], [122.8341556, 47.5524145], [122.8335133, 47.551794], [122.8329366, 47.5510301], [122.8324532, 47.550158], [122.8314907, 47.5482886], [122.8311546, 47.5477234], [122.83083, 47.5472599], [122.8300398, 47.546248], [122.8296803, 47.545762], [122.8294363, 47.5453879], [122.8291969, 47.544975], [122.829028, 47.5446206], [122.8289027, 47.5443311], [122.8288147, 47.5440695], [122.8287186, 47.5436485], [122.8286827, 47.5433954], [122.8286418, 47.543075], [122.8286332, 47.5426961], [122.8286499, 47.5424026], [122.8286746, 47.542097], [122.828716, 47.5417881], [122.8287676, 47.5415087], [122.8288503, 47.5412028], [122.8289711, 47.5408307], [122.8291, 47.540464], [122.8340655, 47.5281654], [122.8344762, 47.5273621], [122.8347987, 47.5268413], [122.8350264, 47.5265345], [122.8352815, 47.5262153], [122.8355948, 47.5258435], [122.8359931, 47.5254363], [122.8363628, 47.5251011], [122.8367554, 47.5247689], [122.8371352, 47.5244737], [122.837695, 47.5240853], [122.8382885, 47.5237247], [122.8387213, 47.5234928], [122.8391725, 47.5232627], [122.8398376, 47.522958], [122.8402821, 47.5227812], [122.840751, 47.5226121], [122.8412177, 47.5224598], [122.8417561, 47.5222967], [122.8423037, 47.5221476], [122.8496406, 47.5202789], [122.8497199, 47.5202587], [122.8637759, 47.5166785], [122.865239, 47.5163058], [122.8668473, 47.5158961], [122.8670564, 47.5158428], [122.8686865, 47.5154277], [122.8693388, 47.5152616], [122.8779481, 47.5130693], [122.8815839, 47.5121434], [122.8822825, 47.5119656], [122.8830245, 47.5117766], [122.8834397, 47.5116709], [122.8840085, 47.5115145], [122.8844536, 47.5113912], [122.8846881, 47.5113114], [122.8848965, 47.5112291], [122.8853109, 47.5110622], [122.8858681, 47.5107658], [122.886105, 47.5106205], [122.889927, 47.5080875], [122.8907449, 47.5076013], [122.8913181, 47.5072381], [122.8932667, 47.5059912], [122.8938253, 47.5056348], [122.8949852, 47.5048686], [122.8957055, 47.5043745], [122.8969803, 47.5034643], [122.9221411, 47.4867897], [122.9225731, 47.4865129], [122.9245417, 47.4852797], [122.9253836, 47.4847313], [122.9260319, 47.4842976], [122.9261983, 47.4841863], [122.9267522, 47.4838157], [122.9274841, 47.4833225], [122.9281352, 47.482867], [122.9293995, 47.481983], [122.9298472, 47.4816922], [122.9510131, 47.4676872], [122.9518117, 47.4671735], [122.9529502, 47.4664567], [122.9536818, 47.4659914], [122.9544288, 47.465497], [122.9546912, 47.4653182], [122.9554816, 47.4647914], [122.9566667, 47.4639686], [122.9579428, 47.4630887], [122.9589105, 47.4624586], [122.9762998, 47.4509223], [122.9767654, 47.4506157], [122.977205, 47.4503241], [122.9776172, 47.4500506], [122.9823466, 47.4469132], [122.989502, 47.442166], [122.9902558, 47.4416659], [122.9909603, 47.4411985], [122.9975788, 47.4368196], [122.9980197, 47.4365114], [122.9984575, 47.4362012], [122.9988616, 47.4358947], [122.9992657, 47.435559], [122.9995731, 47.4352747], [122.9998744, 47.4349904], [123.0001834, 47.4346552], [123.0005385, 47.4342282], [123.0008435, 47.4338046], [123.0009969, 47.4335724], [123.0011463, 47.4333295], [123.00171, 47.4322585], [123.0019446, 47.431828], [123.008584, 47.4195313], [123.0088277, 47.4190915], [123.0090961, 47.4186826], [123.0093738, 47.4182877], [123.0097575, 47.4178211], [123.010093, 47.4174448], [123.0104376, 47.417126], [123.010771, 47.4168647], [123.011123, 47.4166255], [123.0116301, 47.4163067], [123.0121605, 47.4160006], [123.0182388, 47.4124997], [123.0187952, 47.4121655], [123.0193354, 47.4118283], [123.0198031, 47.4115082], [123.020203, 47.4112013], [123.0206274, 47.4108332], [123.0209275, 47.4105538], [123.0212674, 47.4102151], [123.0330223, 47.3979312], [123.0331533, 47.3977943], [123.0431231, 47.3873735], [123.0432612, 47.3872239], [123.043469, 47.3870337], [123.0437272, 47.3867886], [123.0441385, 47.3864619], [123.044619, 47.3861208], [123.0451004, 47.3857986], [123.0866309, 47.3595521], [123.0871278, 47.3592392], [123.0880727, 47.3586267], [123.0885559, 47.3583333], [123.089025, 47.3580806], [123.089545, 47.3578133], [123.0903236, 47.3574767], [123.1039213, 47.3523239], [123.1041399, 47.3522411], [123.1099235, 47.3500493], [123.1108517, 47.349717], [123.1112568, 47.3495867], [123.1116178, 47.3494814], [123.1119601, 47.3493907], [123.1122813, 47.3493151], [123.1126133, 47.3492431], [123.1129097, 47.3491844], [123.1132355, 47.3491276], [123.1135547, 47.3490867], [123.1140241, 47.3490222], [123.1145562, 47.3489715], [123.1191763, 47.3486565], [123.1198309, 47.3485843], [123.1201135, 47.3485454], [123.1203961, 47.3485011], [123.1207271, 47.3484395], [123.1210541, 47.3483752], [123.1214315, 47.3482818], [123.1217804, 47.3481857], [123.1222603, 47.3480427], [123.1227691, 47.3478756], [123.1232738, 47.347681], [123.1238718, 47.3474161], [123.1243161, 47.347193], [123.1408769, 47.337976], [123.1411846, 47.3378047], [123.1418462, 47.3374403], [123.142183, 47.3372812], [123.1424726, 47.3371572], [123.1427653, 47.3370457], [123.1430843, 47.3369286], [123.1434766, 47.3368023], [123.1438196, 47.3367073], [123.1443123, 47.3365942], [123.1540053, 47.3347305], [123.1547546, 47.3345729], [123.1555086, 47.3344007], [123.1558946, 47.3343022], [123.1563145, 47.3341787], [123.1566361, 47.3340651], [123.1569639, 47.3339327], [123.1574444, 47.3337291], [123.1654263, 47.3300997], [123.1660919, 47.3297991], [123.1670097, 47.329382], [123.1675187, 47.3291507], [123.1728753, 47.3267162], [123.180495, 47.3232529], [123.1823014, 47.3224307], [123.1838861, 47.3217101], [123.1906357, 47.3186392], [123.1905789, 47.3185771], [123.1908152, 47.3184697], [123.1913384, 47.3182369], [123.1916978, 47.3180818], [123.1929934, 47.3175091], [123.1935876, 47.317247], [123.1950962, 47.3165693], [123.1970355, 47.3157103], [123.1970828, 47.3156915], [123.1975851, 47.3154619], [123.1976283, 47.3154421], [123.1980714, 47.3152427], [123.1983425, 47.3151179], [123.1990165, 47.3148211], [123.2032675, 47.3128844], [123.2035834, 47.3127441], [123.2041986, 47.3124813], [123.2047384, 47.3122875], [123.2053414, 47.3120957], [123.2059497, 47.3119435], [123.2065532, 47.311817], [123.2071895, 47.3117152], [123.2078329, 47.3116429], [123.208916, 47.3115562], [123.2210317, 47.310668], [123.2217244, 47.3106005], [123.2223703, 47.3105111], [123.2230179, 47.3103937], [123.2236921, 47.3102505], [123.2243656, 47.3100768], [123.2249214, 47.3099184], [123.2254713, 47.3097226], [123.2261072, 47.3094958], [123.2266862, 47.3092509], [123.2272344, 47.3089887], [123.2278503, 47.3086653], [123.228257, 47.3084368], [123.2286939, 47.3081722], [123.2455477, 47.2968951], [123.2482241, 47.2951229], [123.2488664, 47.2946897], [123.2570976, 47.2891823], [123.2575626, 47.2888712], [123.2579487, 47.2886128], [123.2670359, 47.2825365], [123.2676421, 47.2821316], [123.2719873, 47.2792378], [123.2723174, 47.279018], [123.2729927, 47.2785683], [123.2733162, 47.2783529], [123.2775626, 47.2755117], [123.2776017, 47.2755486], [123.2777348, 47.2754583], [123.2783432, 47.2750539], [123.278849, 47.2747398], [123.279227, 47.2745402], [123.2796478, 47.2743261], [123.2799734, 47.2741663], [123.2803656, 47.2739816], [123.2807227, 47.273825], [123.2810943, 47.2736855], [123.2815529, 47.2735172], [123.2819067, 47.273398], [123.2823778, 47.2732576], [123.282675, 47.2731737], [123.2830552, 47.2730791], [123.2835256, 47.272982], [123.2840426, 47.2728878], [123.2906991, 47.2718217], [123.2912501, 47.2717276], [123.2919149, 47.2715883], [123.2923541, 47.2714843], [123.2927828, 47.2713732], [123.2929676, 47.27132], [123.2931468, 47.271263], [123.2934494, 47.271161], [123.2937837, 47.2710453], [123.2941656, 47.2708962], [123.2945557, 47.270733], [123.2948926, 47.2705665], [123.2952295, 47.2703887], [123.2972439, 47.2692732], [123.2978813, 47.2689411], [123.2984303, 47.2686695], [123.2988567, 47.2684827], [123.2993149, 47.2683006], [123.2998218, 47.2681312], [123.3003568, 47.2679682], [123.3007216, 47.2678723], [123.3010584, 47.2677922], [123.3062058, 47.2668023], [123.3066784, 47.2667214], [123.3075698, 47.2665832], [123.3079877, 47.2665367], [123.3083773, 47.2665023], [123.3087871, 47.2664742], [123.3092093, 47.2664605], [123.3096186, 47.2664579], [123.3100279, 47.2664697], [123.310416, 47.2664849], [123.3108147, 47.2665025], [123.3112369, 47.2665413], [123.3116502, 47.2665945], [123.3120456, 47.2666564], [123.3124039, 47.2667256], [123.3128237, 47.2668144], [123.3132329, 47.2669176], [123.3137377, 47.2670671], [123.3142336, 47.2672286], [123.3146613, 47.2673706], [123.3150609, 47.2675189], [123.315457, 47.2676811], [123.3158531, 47.267856], [123.317708, 47.2687287], [123.3185398, 47.2690767], [123.3192693, 47.2693665], [123.3202425, 47.2696476], [123.3208771, 47.2698031], [123.321636, 47.2699499], [123.3223127, 47.2700499], [123.3226845, 47.2700915], [123.3230999, 47.2701238], [123.3234533, 47.2701423], [123.3238112, 47.2701452], [123.3243486, 47.2701477], [123.3246626, 47.2701401], [123.3249983, 47.2701263], [123.3255032, 47.2700865], [123.3259171, 47.2700444], [123.326331, 47.269996], [123.3268168, 47.2699273], [123.3272812, 47.2698389], [123.327673, 47.2697413], [123.3280618, 47.2696261], [123.3289073, 47.2693627], [123.3297327, 47.2690736], [123.3338123, 47.2675583], [123.3343642, 47.2674002], [123.3350157, 47.2672408], [123.3355079, 47.267135], [123.3360245, 47.267054], [123.3365813, 47.2669792], [123.3372113, 47.266925], [123.3376206, 47.2669051], [123.3380299, 47.2668924], [123.3384304, 47.2668878], [123.338834, 47.2668957], [123.3393291, 47.2669173], [123.3418952, 47.2670722], [123.3426082, 47.2671009], [123.3430298, 47.2671033], [123.3434497, 47.2670947], [123.3438697, 47.2670778], [123.3441671, 47.267056], [123.3444627, 47.2670295], [123.3447997, 47.2669927], [123.3451306, 47.2669463], [123.3454819, 47.2668899], [123.3517894, 47.2657943], [123.3517736, 47.2657543], [123.3518613, 47.2657391], [123.3636232, 47.263699], [123.3641771, 47.26361], [123.3647488, 47.2635282], [123.3655591, 47.2634432], [123.3663765, 47.2633653], [123.3849343, 47.262002], [123.3856703, 47.2619539], [123.3870743, 47.2618599], [123.3875595, 47.261832], [123.3881578, 47.261794], [123.3886376, 47.2617654], [123.4906944, 47.2542613], [123.4919325, 47.2541731], [123.4931559, 47.2540734], [123.4936923, 47.2540268], [123.4942251, 47.2539707], [123.4946919, 47.2539111], [123.4951605, 47.2538359], [123.5152198, 47.2506329], [123.5158531, 47.2505366], [123.5305312, 47.2481973], [123.5311006, 47.2481106], [123.5314757, 47.2480469], [123.5317941, 47.2479772], [123.5321821, 47.247896], [123.5326151, 47.247785], [123.5329364, 47.2477014], [123.5332626, 47.2476123], [123.5365495, 47.2465926], [123.5370057, 47.2464511], [123.5374485, 47.2463137], [123.5421977, 47.2448403], [123.5524477, 47.2416601], [123.5530457, 47.2414746], [123.5535916, 47.2413052], [123.5600581, 47.2392988], [123.5606746, 47.2391025], [123.5612376, 47.2388938], [123.5618088, 47.2386662], [123.5928341, 47.2262507], [123.5939566, 47.2258323], [123.5946537, 47.2255766], [123.6003869, 47.2235419], [123.6008373, 47.2233817], [123.6014552, 47.2231624], [123.6020988, 47.2229341], [123.6027499, 47.222703], [123.6034204, 47.2224653], [123.6117193, 47.2195208], [123.6174787, 47.2174772], [123.6184209, 47.2171426], [123.6198164, 47.2166468], [123.6201863, 47.2165156], [123.6206998, 47.2163331], [123.6211299, 47.21618], [123.6264092, 47.2143067], [123.6272621, 47.2139715], [123.6289465, 47.2132518], [123.6302769, 47.2126943], [123.6314484, 47.2122733], [123.6324546, 47.2119105], [123.6330294, 47.2117033], [123.6334551, 47.2115497], [123.6343967, 47.2112102], [123.6353528, 47.2108299], [123.6365935, 47.2103365], [123.6371849, 47.2101039], [123.6378821, 47.209847], [123.6399184, 47.2091125], [123.6454464, 47.2071185], [123.6461962, 47.2068397], [123.6467071, 47.2066549], [123.6472872, 47.206445], [123.6520141, 47.2047335], [123.6527592, 47.2044469], [123.6535754, 47.2040947], [123.6548248, 47.2034926], [123.6554766, 47.2031877], [123.6561306, 47.2028941], [123.6569437, 47.2025789], [123.6587614, 47.201918], [123.6587904, 47.2019436], [123.6690794, 47.1982103], [123.6690524, 47.1981809], [123.6714354, 47.1973134], [123.6721962, 47.1970429], [123.6726852, 47.1968823], [123.6732731, 47.1967145], [123.6750367, 47.1962556], [123.6758091, 47.1960572], [123.6765085, 47.1958742], [123.6773412, 47.1956373], [123.6781572, 47.1953654], [123.7027991, 47.1864173], [123.707277, 47.1847911], [123.7073107, 47.1848278], [123.7275231, 47.1774871], [123.7283929, 47.1771756], [123.7292698, 47.1768688], [123.7298635, 47.1766762], [123.7304572, 47.1764948], [123.7310901, 47.1763246], [123.7317472, 47.1761744], [123.7366566, 47.1751068], [123.7372589, 47.1749647], [123.7383629, 47.1746802], [123.7410355, 47.1739269], [123.7415054, 47.1738046], [123.7420313, 47.1736744], [123.7426583, 47.1735295], [123.7439286, 47.1732511], [123.7468881, 47.1726078], [123.7468683, 47.17257], [123.7484284, 47.1722422], [123.7492761, 47.1720707], [123.749714, 47.1719941], [123.7529341, 47.1714987], [123.7534634, 47.171399], [123.7539279, 47.1713039], [123.7929021, 47.1627796], [123.793648, 47.1626122], [123.7947561, 47.1623686], [123.7953162, 47.1622468], [123.7958499, 47.1621306], [123.7978946, 47.1616821], [123.7985287, 47.1615406], [123.7991998, 47.1613975], [123.7998504, 47.1612545], [123.8008273, 47.1610388], [123.801681, 47.1608508], [123.8020811, 47.1607628], [123.8032703, 47.1605017], [123.8039827, 47.1603452], [123.8098206, 47.1590595], [123.8150768, 47.1579019], [123.8157019, 47.1577645], [123.8172202, 47.1574299], [123.8181519, 47.157225], [123.8186984, 47.1571046], [123.8194862, 47.1569315], [123.8200791, 47.1568012], [123.820904, 47.1566191], [123.821635, 47.1564581], [123.8225298, 47.1562617], [123.8247511, 47.1557729], [123.8253861, 47.1556327], [123.8281772, 47.1549919], [123.8288762, 47.1548258], [123.8295114, 47.154647], [123.8301535, 47.1544635], [123.8306697, 47.1543047], [123.831242, 47.1541157], [123.8322894, 47.1537623], [123.8338581, 47.1531186], [123.8351662, 47.1525534], [123.8378809, 47.151337], [123.8573274, 47.1423323], [123.8580261, 47.1419941], [123.8586084, 47.141696], [123.8600336, 47.1409644], [123.8605339, 47.1407199], [123.8609117, 47.1405343], [123.8725211, 47.1351574], [123.8952714, 47.1246207], [123.8958707, 47.1243343], [123.8964195, 47.1240532], [123.8966834, 47.123911], [123.8972446, 47.1235967], [123.8975089, 47.1234398], [123.8977744, 47.1232757], [123.8980354, 47.1231114], [123.8983007, 47.1229371], [123.8985851, 47.1227449], [123.8988285, 47.1225727], [123.8990966, 47.1223739], [123.8995916, 47.1219906], [123.8999735, 47.1216748], [123.900375, 47.1213216], [123.9006649, 47.1210575], [123.9009082, 47.1208205], [123.9011357, 47.1205897], [123.9013966, 47.1203152], [123.9017746, 47.1198931], [123.9031273, 47.1183365], [123.9034345, 47.1179845], [123.9038362, 47.117524], [123.9040803, 47.1172443], [123.9068014, 47.1141149], [123.9068418, 47.1140679], [123.9070192, 47.1138715], [123.9071916, 47.1136857], [123.9073807, 47.1134933], [123.9075508, 47.11333], [123.9079667, 47.1129571], [123.9083493, 47.1126427], [123.9085811, 47.1124661], [123.9088472, 47.1122731], [123.9091069, 47.112093], [123.909442, 47.1118751], [123.9097918, 47.1116651], [123.910185, 47.111444], [123.9109407, 47.1110483], [123.9146563, 47.1091233], [123.9158678, 47.1085478], [123.9163652, 47.1082874], [123.9171095, 47.1078987], [123.9188344, 47.1069988], [123.9196624, 47.1066197], [123.9204552, 47.1062476], [123.9211493, 47.1059485], [123.9218466, 47.1056671], [123.922462, 47.1054272], [123.9229385, 47.1052447], [123.9234149, 47.1050719], [123.9242926, 47.1047671], [123.9251789, 47.1044873], [123.9259004, 47.1042808], [123.926619, 47.1040795], [123.9273425, 47.1039017], [123.9280734, 47.103724], [123.928795, 47.1035639], [123.9297896, 47.1033642], [123.9307786, 47.1032103], [123.9318624, 47.1030347], [123.9329691, 47.1028822], [123.934119, 47.1027611], [123.9377105, 47.1023744], [123.9379922, 47.1023441], [123.9382736, 47.1023138], [123.9391586, 47.1022087], [123.9401625, 47.1020523], [123.9411664, 47.1018783], [123.9421832, 47.1016899], [123.9432086, 47.1014781], [123.9437718, 47.1013569], [123.9443349, 47.1012255], [123.944903, 47.1010849], [123.9454316, 47.100941], [123.9466458, 47.1005949], [123.947384, 47.1003595], [123.9481222, 47.1001141], [123.9491452, 47.099727], [123.9499066, 47.0994222], [123.9509177, 47.0989765], [123.9574081, 47.0959753], [123.9575484, 47.0959084], [123.9882953, 47.0814245], [123.9896358, 47.0808074], [123.9939825, 47.0788248], [123.9944487, 47.0786009], [124.0107815, 47.0712451], [124.0119078, 47.0707194], [124.0173773, 47.0681758], [124.0183781, 47.0677072], [124.0195196, 47.0671645], [124.020226, 47.0668285], [124.0350845, 47.0596189], [124.0356522, 47.0593434], [124.0460527, 47.0542963], [124.0464705, 47.0540855], [124.0495363, 47.0525231], [124.0501429, 47.0522235], [124.0510514, 47.0517829], [124.0524811, 47.0510896], [124.053319, 47.0506833], [124.0538935, 47.0504138], [124.0575432, 47.048714], [124.0581321, 47.0484346], [124.0756888, 47.0399102], [124.0761164, 47.039694], [124.0797219, 47.0378906], [124.0802526, 47.0376261], [124.0811612, 47.0371822], [124.0819273, 47.0368115], [124.0828494, 47.036366], [124.0833658, 47.0361257], [124.0869555, 47.0344314], [124.0875109, 47.0341624], [124.1331595, 47.011994], [124.133713, 47.0117159], [124.1359142, 47.0106026], [124.1363656, 47.0103687], [124.1374928, 47.0098349], [124.1381199, 47.0095329], [124.139512, 47.0088413], [124.1399433, 47.0086442], [124.1419205, 47.0077228], [124.1423598, 47.0075168], [124.1444636, 47.0064956], [124.1451163, 47.0061788], [124.1548638, 47.001447], [124.1589896, 46.9994441], [124.1596003, 46.9991479], [124.1610746, 46.9984327], [124.1611703, 46.9983847], [124.2231625, 46.9682105], [124.224774, 46.9674415], [124.2259122, 46.9669297], [124.2270672, 46.9664216], [124.2281564, 46.9660027], [124.2292792, 46.9655876], [124.231285, 46.9649179], [124.2402766, 46.9620004], [124.2408042, 46.9618273], [124.2460129, 46.9601673], [124.2470428, 46.9598385], [124.247968, 46.9595511], [124.24889, 46.9592643], [124.2495187, 46.9590596], [124.2503667, 46.9587785], [124.2510363, 46.9585446], [124.2517109, 46.9582974], [124.2529939, 46.9578154], [124.2538966, 46.9574572], [124.2547652, 46.957084], [124.2566559, 46.9562171], [124.2574927, 46.9558189], [124.2642719, 46.9525939], [124.265005, 46.9522425], [124.2678059, 46.9508555], [124.2685396, 46.9505032], [124.269358, 46.9501149], [124.2695756, 46.9500116], [124.2708864, 46.9493896], [124.2717472, 46.9489849], [124.2734521, 46.9482192], [124.2740235, 46.9479603], [124.3076459, 46.93196], [124.3083514, 46.9316242], [124.4312512, 46.8730975], [124.4315704, 46.8729454], [124.4403156, 46.8687787], [124.4482348, 46.8650052], [124.4491607, 46.864564], [124.4499358, 46.8641947], [124.4506765, 46.863841], [124.4600594, 46.8593607], [124.4610565, 46.8588903], [124.4638032, 46.8576029], [124.4649243, 46.8570696], [124.5477929, 46.8175657], [124.5487122, 46.8171273], [124.5546443, 46.8142983], [124.5614265, 46.8110637], [124.5629648, 46.81033], [124.5634436, 46.8101016], [124.5717557, 46.8061371], [124.5718357, 46.8061375], [124.5916628, 46.7966783], [124.5925717, 46.7962433], [124.5942441, 46.7954455], [124.5947766, 46.79519], [124.6074105, 46.7891485], [124.6080673, 46.7888351], [124.6099651, 46.7879231], [124.6104627, 46.7876851], [124.6217939, 46.782268], [124.6223266, 46.7820147], [124.6589352, 46.7645081], [124.6609628, 46.7635305], [124.6615186, 46.763267], [124.6657663, 46.7612311], [124.6661832, 46.7610297], [124.6751791, 46.7567103], [124.6761007, 46.7562709], [124.6769345, 46.7558654], [124.677887, 46.7553832], [124.6786608, 46.7549599], [124.6794487, 46.7545221], [124.6801169, 46.7541278], [124.6807791, 46.7537307], [124.6824051, 46.7526898], [124.7015442, 46.7404387], [124.7021593, 46.7400427], [124.7028922, 46.7395844], [124.703768, 46.7390599], [124.7046676, 46.7385612], [124.7055252, 46.7380933], [124.7064236, 46.7376271], [124.7075693, 46.7370695], [124.7091579, 46.7363142], [124.7150539, 46.7335459], [124.7651821, 46.7098882], [124.7667823, 46.7091328], [124.7676718, 46.708713], [124.7736105, 46.7059095], [124.7783444, 46.7036747], [124.7789473, 46.70339], [124.7795736, 46.7030943], [124.7803366, 46.7027341], [124.7918015, 46.6973212], [124.7917706, 46.6972878], [124.7919128, 46.6972206], [124.8150047, 46.6863131], [124.8154217, 46.6861158], [124.8180373, 46.6848794], [124.8187158, 46.6845591], [124.8192613, 46.6843011], [124.8197869, 46.6840526], [124.8202925, 46.6838135], [124.8209116, 46.6835207], [124.8285184, 46.6799256], [124.8344551, 46.6771196], [124.8350717, 46.6768278], [124.8355407, 46.6766062], [124.8363827, 46.6762082], [124.8386161, 46.6751519], [124.8394221, 46.6747707], [124.8440359, 46.672589], [124.8445192, 46.6723606], [124.8478595, 46.6707814], [124.8539371, 46.6679201], [124.8548558, 46.6674778], [124.8555834, 46.6671177], [124.8567183, 46.6665397], [124.8572399, 46.6662696], [124.860445, 46.6645824], [124.8609785, 46.6643064], [124.8622096, 46.6636847], [124.8630012, 46.6632918], [124.8638888, 46.6628604], [124.867943, 46.66093], [124.868837, 46.6604968], [124.8690985, 46.6603662], [124.8697039, 46.6600552], [124.8706368, 46.659565], [124.8719983, 46.6588405], [124.8725563, 46.6585434], [124.87309, 46.6582592], [124.8735142, 46.658033], [124.8769443, 46.6562082], [124.877678, 46.6558302], [124.8780553, 46.6556454], [124.8793744, 46.6550218], [124.8851432, 46.6522942], [124.8861319, 46.6518578], [124.8887479, 46.6507601], [124.8893687, 46.6504998], [124.8898179, 46.6503114], [124.8918541, 46.6494567], [124.8923329, 46.6492534], [124.8933362, 46.6488173], [124.893748, 46.6486349], [124.894213, 46.6484215], [124.898242, 46.6465307], [124.8992101, 46.6460983], [124.8999496, 46.6457254], [124.9005318, 46.6454478], [124.9015043, 46.6449896], [124.9021173, 46.6447121], [124.9030724, 46.644321], [124.9065136, 46.6429455], [124.9071318, 46.6426874], [124.9077593, 46.6424171], [124.9084465, 46.6421084], [124.9096974, 46.6415233], [124.9621483, 46.6166081], [124.9912732, 46.6027663], [124.9954332, 46.6007867], [124.9959931, 46.6005203], [124.996467, 46.6002947], [124.9968276, 46.6001231], [124.9983969, 46.5993763], [124.9990537, 46.5990637], [125.0048089, 46.5963247], [125.0096194, 46.5940351], [125.0104691, 46.5936307], [125.0110983, 46.5933311], [125.0114959, 46.5931419], [125.0122347, 46.5927902], [125.0126362, 46.5925993], [125.0133828, 46.5922438], [125.033124, 46.5828619], [125.0340725, 46.5824047], [125.0349223, 46.5819824], [125.0358843, 46.5814645], [125.0368402, 46.5809199], [125.038368, 46.5799691], [125.0891224, 46.5475668], [125.0896382, 46.5472372], [125.089951, 46.5470451], [125.090503, 46.5466849], [125.0910985, 46.5463045], [125.0914788, 46.5460614], [125.0920733, 46.5456814], [125.1047205, 46.5375948], [125.1051607, 46.5373137], [125.1058273, 46.5368877], [125.1062157, 46.5366395], [125.1068747, 46.5362184], [125.107777, 46.5356417], [125.1088235, 46.534973], [125.1092008, 46.5347318], [125.1153279, 46.5308164], [125.1197211, 46.5280089], [125.1201236, 46.5277517], [125.1207682, 46.5273399], [125.1749762, 46.4927058], [125.1760942, 46.4919387], [125.1770266, 46.491346], [125.1857967, 46.4855722], [125.1858363, 46.485598], [125.1860609, 46.4854502], [125.1867043, 46.4850267], [125.1866681, 46.4849985], [125.187042, 46.4847523], [125.2060979, 46.4722066], [125.2065025, 46.47194], [125.2116938, 46.4685215], [125.2142807, 46.4668179], [125.2147374, 46.4665172], [125.2168998, 46.4650938], [125.2172978, 46.4648312], [125.2178543, 46.4644648], [125.2183172, 46.46416], [125.2187197, 46.4638947], [125.2249887, 46.459766], [125.2309513, 46.4558391], [125.231311, 46.4556021], [125.2318783, 46.4552285], [125.2322682, 46.4549717], [125.2328145, 46.454612], [125.2342306, 46.453679], [125.2346887, 46.4533773], [125.2453782, 46.4463358], [125.2461666, 46.4457875], [125.250856, 46.442409], [125.2514756, 46.441974], [125.2522564, 46.4414455], [125.261302, 46.4354741], [125.2613492, 46.4355048], [125.2849588, 46.4199196], [125.2862532, 46.419084], [125.2867671, 46.418753], [125.2872977, 46.4184251], [125.2912583, 46.416056], [125.2923972, 46.4153816], [125.2928937, 46.4150678], [125.2938274, 46.414443], [125.3066786, 46.4059666], [125.3070861, 46.4056962], [125.3091482, 46.4043285], [125.3095767, 46.4040446], [125.3148191, 46.4005829], [125.3216451, 46.3960866], [125.3218951, 46.3959191], [125.3268208, 46.3926625], [125.3271704, 46.3924387], [125.4103457, 46.3372855], [125.411556, 46.3364817], [125.4162345, 46.3333743], [125.4211426, 46.3301143], [125.4233136, 46.3286722], [125.5055587, 46.2740133], [125.5059627, 46.2737447], [125.5384056, 46.2521685], [125.5393594, 46.251532], [125.5398604, 46.2512134], [125.5403798, 46.2509055], [125.5408394, 46.2506354], [125.5413176, 46.2503739], [125.5417998, 46.2501178], [125.5422974, 46.2498682], [125.5434426, 46.2493438], [125.5446454, 46.2488538], [125.5664684, 46.240164], [125.5673914, 46.2398014], [125.568528, 46.2393906], [125.5696646, 46.2390309], [125.5714266, 46.2385709], [125.6113229, 46.2286624], [125.6126276, 46.2283246], [125.6139252, 46.2279672], [125.614578, 46.2277794], [125.6152308, 46.2275786], [125.6164444, 46.2271998], [125.6173942, 46.2268807], [125.618344, 46.2265467], [125.6201695, 46.2258597], [125.6212807, 46.2254267], [125.6264965, 46.2233485], [125.6270884, 46.2231127], [125.6277219, 46.2228603], [125.6348561, 46.2200176], [125.6420192, 46.2171632], [125.642935, 46.2167982], [125.645493, 46.2157788], [125.6475872, 46.214914], [125.648386, 46.214593], [125.6522526, 46.2131006], [125.6530211, 46.2127989], [125.653868, 46.2124614], [125.7958702, 46.1558709], [125.7963704, 46.1556714], [125.8669915, 46.1275058], [125.8675363, 46.1272885], [125.869163, 46.1266399], [125.8700871, 46.1262728], [125.8712602, 46.1257952], [125.8719276, 46.1255296], [125.8730045, 46.1251022], [125.8794366, 46.122549], [125.8821918, 46.1214553], [125.9510643, 46.0940788], [125.9515683, 46.093879], [125.9612702, 46.0900346], [125.9702761, 46.0864656], [125.9707066, 46.0862949], [125.9747933, 46.0846818], [125.9751254, 46.0845534], [125.9756254, 46.0843625], [125.9800711, 46.0827105], [125.9809564, 46.0823629], [125.9819526, 46.0819508], [125.9826614, 46.0816415], [125.9833426, 46.0813069], [125.983984, 46.080972], [125.9846027, 46.0806345], [125.9850797, 46.0803625], [125.9854777, 46.080128], [125.9859785, 46.0798242], [125.9882367, 46.0782953], [125.9888156, 46.0779081], [125.9892168, 46.0776397], [125.9915439, 46.0760835], [125.9985302, 46.071411], [125.9989611, 46.0711228], [126.0015335, 46.0694025], [126.0584107, 46.0314086], [126.0583703, 46.0313744], [126.0587817, 46.0310994], [126.0859561, 46.0129386], [126.0865311, 46.0125542], [126.0931244, 46.0081473], [126.0967602, 46.0057165], [126.0973586, 46.0053165], [126.1051719, 46.0000853], [126.1052078, 46.0001085], [126.1054786, 45.9999271], [126.106915, 45.9989651], [126.1073711, 45.9986408], [126.1081928, 45.9980986], [126.109117, 45.9975168], [126.1100017, 45.9970371], [126.1110136, 45.9965509], [126.111997, 45.996093], [126.1129963, 45.9956741], [126.1144894, 45.995078], [126.132933, 45.9875878], [126.1428123, 45.9836503], [126.1436501, 45.9833019], [126.1445602, 45.982946], [126.1452598, 45.9826909], [126.145931, 45.9824653], [126.1464247, 45.9823042], [126.1471294, 45.9820943], [126.1478832, 45.9818844], [126.1495387, 45.981427], [126.2014955, 45.9672034], [126.2022887, 45.9669863], [126.2098671, 45.9649113], [126.2148549, 45.9635456], [126.2155822, 45.9633465], [126.2234621, 45.9611824], [126.2244285, 45.960917], [126.2245263, 45.9608901], [126.2563282, 45.9521555], [126.2564046, 45.9521345], [126.2563831, 45.9520955], [126.2854421, 45.9441152], [126.2868669, 45.9437145], [126.2878193, 45.9434343], [126.2888851, 45.9430946], [126.2897926, 45.9427957], [126.2906908, 45.9424646], [126.2916526, 45.9420787], [126.2925898, 45.9416602], [126.294896, 45.9405976], [126.2963306, 45.9399429], [126.2970779, 45.9396258], [126.2979676, 45.9392704], [126.2986606, 45.9390032], [126.2993964, 45.938736], [126.3002022, 45.938461], [126.3010974, 45.9381747], [126.3023588, 45.9377996], [126.3034115, 45.9375236], [126.3051502, 45.9370556], [126.3069383, 45.9366048], [126.3262772, 45.9318155], [126.3270425, 45.9316202], [126.3276468, 45.931466], [126.3389893, 45.928572], [126.3452227, 45.9269815], [126.3456756, 45.9268671], [126.3916316, 45.9149903], [126.3941944, 45.9143169], [126.3950463, 45.9140854], [126.3993089, 45.9127797], [126.4019411, 45.9118044], [126.4046767, 45.910674], [126.4070478, 45.9095777], [126.4088183, 45.9086924], [126.4145561, 45.9056543], [126.4301071, 45.897426], [126.4301771, 45.897389], [126.4454401, 45.8893119], [126.4462142, 45.8889022], [126.4468634, 45.8885606], [126.4567216, 45.8833737], [126.4608035, 45.8812259], [126.4612964, 45.8809541], [126.4618168, 45.8806845], [126.4622254, 45.8804728], [126.4636014, 45.8797513], [126.4637931, 45.8796507], [126.4638261, 45.8796799], [126.4835445, 45.8693159], [126.4854079, 45.8683234], [126.4867598, 45.8675595], [126.4875203, 45.8671166], [126.4888144, 45.8663007], [126.4901072, 45.8654621], [126.4916736, 45.8644348], [126.4935805, 45.8633457], [126.4945388, 45.8628651], [126.4950707, 45.8625838], [126.4953239, 45.8624648], [126.4954329, 45.8624136], [126.495775, 45.8622529], [126.4968568, 45.8617836], [126.497836, 45.861366], [126.4991809, 45.8608394], [126.5013676, 45.8601], [126.5027255, 45.8596407], [126.5033233, 45.8594367], [126.5040217, 45.859201], [126.5053312, 45.8587106], [126.5059749, 45.8584652], [126.5067584, 45.8581503], [126.5074032, 45.8578674], [126.5086548, 45.8573227], [126.5093978, 45.8570006], [126.5103002, 45.8565646], [126.5109364, 45.8562661], [126.5115059, 45.8559778], [126.51207, 45.8557076], [126.5139311, 45.8547991], [126.5147208, 45.8544236], [126.5159454, 45.853864], [126.5185674, 45.8527099], [126.5234906, 45.8505429], [126.5244328, 45.850128], [126.5294799, 45.8479061], [126.5298043, 45.8477633], [126.5309571, 45.8472584], [126.5320962, 45.8467715], [126.5336548, 45.8461232], [126.5354335, 45.8453832], [126.5366519, 45.8448177], [126.5373976, 45.8445082], [126.5385943, 45.8440115], [126.54186, 45.8426712], [126.5424619, 45.8424218], [126.5450858, 45.8413318], [126.5461902, 45.8408379], [126.5461623, 45.8408078], [126.5545426, 45.837113], [126.5568233, 45.8361093], [126.5650375, 45.8324865], [126.565531, 45.8322694], [126.5694411, 45.8305498], [126.5759984, 45.827666], [126.576718, 45.8273467], [126.5812344, 45.8253593], [126.5814335, 45.8252719], [126.5901295, 45.82144], [126.5912417, 45.8209463], [126.5927099, 45.8202974], [126.5936047, 45.8198943], [126.5941363, 45.8196462], [126.5946483, 45.8193981], [126.5953475, 45.8190467], [126.595696, 45.8188634], [126.5960297, 45.8186834], [126.5965375, 45.8183915], [126.5969366, 45.8181556], [126.5973784, 45.817879], [126.5979507, 45.8175018], [126.5984974, 45.8171187], [126.5990692, 45.8166965], [126.5998332, 45.8160831], [126.6003812, 45.8156075], [126.6008998, 45.8151199], [126.6011653, 45.8148591], [126.6013896, 45.8146258], [126.6018591, 45.8141117], [126.6023153, 45.8135751], [126.6027325, 45.8130345], [126.603097, 45.8125711], [126.6034246, 45.8120943], [126.6037373, 45.8115967], [126.6041064, 45.8109886], [126.6066543, 45.8064297], [126.6068357, 45.8061052], [126.6077071, 45.8045456], [126.609778, 45.8008211], [126.6098241, 45.8008311], [126.6101029, 45.800327], [126.6105836, 45.7994736], [126.6115265, 45.7979186], [126.611475, 45.7979011], [126.612022, 45.797079], [126.6123322, 45.7966197], [126.6146431, 45.793131], [126.6150163, 45.7925631], [126.6154179, 45.7919554], [126.6157345, 45.791461], [126.6161714, 45.7907478], [126.6163434, 45.7904565], [126.616607, 45.7899942], [126.6169229, 45.7894318], [126.6212192, 45.7816286], [126.6215129, 45.7810887], [126.6217156, 45.780709], [126.6219823, 45.7802016], [126.6223768, 45.7794349], [126.6227366, 45.7786429], [126.6229078, 45.7782355], [126.6249365, 45.7733767], [126.6250949, 45.7730158], [126.6253198, 45.7725471], [126.6256592, 45.7718503], [126.6272599, 45.7689098], [126.6279171, 45.7677219], [126.626052, 45.7613952], [126.6255183, 45.7609944], [126.6253944, 45.7608996], [126.625278, 45.7607961], [126.6251567, 45.7606759], [126.6248344, 45.7603147], [126.6220717, 45.7573186], [126.6218476, 45.7570025], [126.6216748, 45.7567191], [126.6216368, 45.7566493], [126.6214926, 45.7563835], [126.6213525, 45.7560804], [126.6211938, 45.7556569], [126.6209229, 45.7549563], [126.6205683, 45.7541006], [126.6205061, 45.7539701], [126.6203867, 45.7537565], [126.6202004, 45.7534761], [126.6200982, 45.7533306], [126.6199906, 45.753185], [126.6198263, 45.7529798], [126.6193867, 45.75248], [126.6189892, 45.7520281], [126.6186129, 45.7516002], [126.6182182, 45.7511514], [126.6180115, 45.7509164], [126.6177384, 45.7506081], [126.6175448, 45.7503997], [126.6173975, 45.7502497], [126.6172731, 45.7501326], [126.6171522, 45.7500295], [126.6169982, 45.7499123], [126.6168387, 45.7497981], [126.6166639, 45.7496765], [126.6164863, 45.749557], [126.6163066, 45.7494474], [126.6161344, 45.7493523], [126.6159929, 45.7492788], [126.615715, 45.7491363], [126.6154842, 45.7490296], [126.6147272, 45.7486844], [126.6144572, 45.7485552], [126.6141314, 45.7483903], [126.6139686, 45.7483014], [126.613784, 45.7481884], [126.6136015, 45.7480696], [126.6133072, 45.7478579], [126.6131363, 45.7477213], [126.6129482, 45.7475577], [126.6128211, 45.7474359], [126.6124881, 45.7470739], [126.611213, 45.7456272], [126.6108894, 45.7452457], [126.6104773, 45.7447178], [126.6103437, 45.7445248], [126.6102162, 45.7443364], [126.6099938, 45.7439775], [126.6098428, 45.7436926], [126.6095753, 45.7431572], [126.6094011, 45.7427664], [126.6086508, 45.7409774], [126.608429, 45.7405102], [126.6082386, 45.7401762], [126.608035, 45.7398426], [126.6078116, 45.7394988], [126.6076864, 45.7393195], [126.6071842, 45.7386443], [126.606873, 45.7382292], [126.6060103, 45.7370895], [126.6050028, 45.7357347], [126.6035239, 45.7338724], [126.6028122, 45.733038], [126.6016537, 45.731724], [126.6006678, 45.7305734], [126.6003966, 45.7302465], [126.6000947, 45.7298593], [126.5997034, 45.7293625], [126.5993614, 45.728913], [126.5989191, 45.7283377], [126.5980426, 45.7272204], [126.5976359, 45.7267193], [126.5971999, 45.7261913], [126.5969981, 45.7259762], [126.5965295, 45.7254983], [126.596194, 45.7251932], [126.5958643, 45.7249147], [126.5955947, 45.7246899], [126.5949893, 45.724234], [126.5950253, 45.7241922], [126.5945402, 45.7238789], [126.5942387, 45.7236932], [126.593758, 45.7234093], [126.5932835, 45.7231587], [126.5928861, 45.7229629], [126.5924816, 45.7227603], [126.5920396, 45.7225549], [126.5868562, 45.7200974], [126.5862655, 45.7198105], [126.5857505, 45.7195513], [126.5853798, 45.7193478], [126.585015, 45.7191417], [126.5845475, 45.7188538], [126.5839992, 45.7184964], [126.5836377, 45.7182396], [126.5832808, 45.7179762], [126.5827492, 45.7175624], [126.5822024, 45.7171003], [126.5816365, 45.7165706], [126.58135, 45.7162665], [126.5812649, 45.7161761], [126.5807307, 45.715609], [126.5802695, 45.7151289], [126.5798137, 45.7146467], [126.5795433, 45.7143429], [126.5790981, 45.7138616], [126.5788327, 45.7135697], [126.5776727, 45.7123015], [126.5772958, 45.7118805], [126.5762077, 45.7106859], [126.5760578, 45.7105283], [126.5753095, 45.7097245], [126.5749621, 45.7093464], [126.5744895, 45.7088361], [126.573907, 45.7081759], [126.5738461, 45.7081068], [126.5734694, 45.7077008], [126.5728182, 45.7070003], [126.5712648, 45.7053013], [126.5696745, 45.7035619], [126.5691143, 45.7029571], [126.5688071, 45.7026106], [126.5683192, 45.7020611], [126.5678196, 45.7015377], [126.5670149, 45.700642], [126.5667096, 45.7003207], [126.5662487, 45.6998305], [126.564621, 45.6980519], [126.5639891, 45.6973614], [126.5608433, 45.6939408], [126.5587768, 45.6916996], [126.5583959, 45.6913139], [126.5579186, 45.6908751], [126.5568405, 45.6899635], [126.5554975, 45.6888191], [126.5506768, 45.684659], [126.5491211, 45.6833079], [126.5486196, 45.6828264], [126.5483245, 45.6825078], [126.5480161, 45.6821199], [126.547727, 45.6816625], [126.5475065, 45.6812523], [126.547319, 45.6807578], [126.5470909, 45.6801423], [126.5463987, 45.6784095], [126.5460339, 45.6777105], [126.5456986, 45.6772251], [126.5453607, 45.6767903], [126.5447921, 45.6761025], [126.5441, 45.6752648], [126.5438446, 45.6749527], [126.5437805, 45.6749789], [126.5433949, 45.6745056], [126.5429299, 45.6739349], [126.5424283, 45.6733455], [126.5392103, 45.6694054], [126.5347424, 45.6639607], [126.533502, 45.6624716], [126.532837, 45.6616732], [126.5324633, 45.6612551], [126.5320837, 45.6608472], [126.5311557, 45.6599661], [126.5303909, 45.6593246], [126.5302548, 45.6592106], [126.528334, 45.6576265], [126.5269875, 45.6565316], [126.5262511, 45.6559265], [126.5259775, 45.6557025], [126.5254024, 45.655236], [126.5251644, 45.6550448], [126.5249264, 45.6548388], [126.5246248, 45.6545711], [126.5244182, 45.6543687], [126.5242011, 45.6541575], [126.5240237, 45.6539562], [126.523835, 45.6537191], [126.5236627, 45.6534777], [126.5235081, 45.653229], [126.5233643, 45.6529713], [126.5232277, 45.6526666], [126.5231405, 45.6524687], [126.5230604, 45.652241], [126.5228265, 45.6514728], [126.5226082, 45.6507351], [126.5223469, 45.6500273], [126.5221151, 45.6494622], [126.5217384, 45.6486804], [126.521302, 45.6478713], [126.5209502, 45.647287], [126.5205785, 45.6467371], [126.5203486, 45.6464002], [126.5199817, 45.6459071], [126.5196276, 45.6454658], [126.5186298, 45.6443669], [126.5159367, 45.641739], [126.5125297, 45.6384434], [126.5093774, 45.6353975], [126.5073218, 45.6334311], [126.5067058, 45.6328598], [126.5060186, 45.6322751], [126.5053569, 45.631764], [126.5049131, 45.6314304], [126.4987275, 45.6272266], [126.4979445, 45.6266797], [126.497821, 45.6265879], [126.4974926, 45.6263391], [126.4970403, 45.625982], [126.4966439, 45.6256455], [126.4962266, 45.6252749], [126.4957573, 45.6248395], [126.4953569, 45.6244486], [126.4948443, 45.6239003], [126.4945651, 45.6235859], [126.4936101, 45.6223895], [126.4925309, 45.6207955], [126.4837094, 45.6061216], [126.4823615, 45.6038779], [126.4821776, 45.6035719], [126.4819709, 45.6032733], [126.4815383, 45.6026949], [126.4813192, 45.6024164], [126.4810818, 45.6021465], [126.4808353, 45.6018692], [126.4805765, 45.6016019], [126.4803293, 45.6013388], [126.4799574, 45.6009882], [126.4790564, 45.6002183], [126.4755497, 45.5975071], [126.4751288, 45.5971676], [126.4747702, 45.5968635], [126.4744123, 45.5965532], [126.4741297, 45.5962913], [126.4737938, 45.5959609], [126.4735062, 45.5956733], [126.4695876, 45.5914753], [126.4693443, 45.5912129], [126.469264, 45.5911261], [126.462297, 45.5836076], [126.4615952, 45.5828596], [126.4613647, 45.5826235], [126.4611295, 45.5823784], [126.460473, 45.5817302], [126.4602478, 45.5815099], [126.4600063, 45.5812929], [126.4598023, 45.5811039], [126.4595879, 45.5809134], [126.4591294, 45.5805108], [126.4580323, 45.579614], [126.4568986, 45.5787541], [126.4562797, 45.5783277], [126.4557048, 45.5779429], [126.4552329, 45.5776397], [126.4546014, 45.577256], [126.4538823, 45.5768205], [126.4532705, 45.5764747], [126.4526309, 45.5761344], [126.4513432, 45.5755094], [126.4504542, 45.5750929], [126.4496735, 45.5747456], [126.4488919, 45.5744049], [126.4482278, 45.5741245], [126.4474293, 45.5738094], [126.4461434, 45.573361], [126.4450405, 45.5730043], [126.4427943, 45.5723281], [126.4428207, 45.5722877], [126.4420329, 45.5720788], [126.4239095, 45.567627], [126.4234809, 45.5675166], [126.4226447, 45.5672843], [126.4216096, 45.5669754], [126.4206115, 45.5666577], [126.4198846, 45.5664011], [126.4189553, 45.5660658], [126.4178695, 45.5656383], [126.4169325, 45.5652628], [126.4160132, 45.5648657], [126.4142319, 45.5640467], [126.4122551, 45.5630071], [126.4108951, 45.5622108], [126.4095629, 45.5613897], [126.405717, 45.5587648], [126.3983244, 45.553667], [126.397338, 45.5529784], [126.3967306, 45.5525062], [126.3960444, 45.5519165], [126.3953816, 45.5513306], [126.3946537, 45.5505997], [126.3927057, 45.5484363], [126.39125, 45.5468242], [126.3900618, 45.5455093], [126.3896677, 45.5450727], [126.3876264, 45.5428161], [126.381115, 45.5356172], [126.3807313, 45.5351951], [126.3792007, 45.5334799], [126.3787317, 45.5329544], [126.3785993, 45.5328071], [126.36519, 45.51789], [126.3597579, 45.5118818], [126.3590324, 45.5109916], [126.3584462, 45.51024], [126.3463592, 45.4939517], [126.3457241, 45.4930639], [126.3454627, 45.4926813], [126.3449698, 45.4919649], [126.3410817, 45.485287], [126.3409292, 45.4850304], [126.3408627, 45.4850496], [126.3404895, 45.4844207], [126.3401395, 45.4838707], [126.3397688, 45.4833334], [126.3282087, 45.4666689], [126.3244223, 45.4611765], [126.3225047, 45.4583401], [126.3221928, 45.4578754], [126.3218954, 45.4574041], [126.3132132, 45.4428591], [126.3126348, 45.4418883], [126.3120108, 45.440845], [126.3113553, 45.4397775], [126.3036012, 45.4279248], [126.3031417, 45.4271984], [126.3027781, 45.4265637], [126.3023198, 45.4257108], [126.2963819, 45.4138473], [126.2913446, 45.4037946], [126.291158, 45.4034267], [126.2908645, 45.4028732], [126.2907123, 45.4025939], [126.290514, 45.4022308], [126.2902274, 45.4017059], [126.2900371, 45.4013577], [126.2898277, 45.4009745], [126.2888581, 45.3991984], [126.2885878, 45.3986843], [126.287194, 45.3958988], [126.2866305, 45.3947725], [126.2863465, 45.3941962], [126.2855229, 45.3924468], [126.2852256, 45.3918344], [126.2847412, 45.3908676], [126.2845877, 45.3905616], [126.2838529, 45.3890991], [126.2832578, 45.3879141], [126.2828744, 45.3871795], [126.2827282, 45.386916], [126.2825793, 45.3866617], [126.2823967, 45.3863663], [126.2822227, 45.3861012], [126.2820259, 45.3858184], [126.2818218, 45.3855374], [126.2816061, 45.3852541], [126.2813158, 45.3848962], [126.281079, 45.3846148], [126.2806815, 45.3841609], [126.2783089, 45.381416], [126.2770486, 45.3797907], [126.2764256, 45.3789791], [126.2761192, 45.3785701], [126.2758197, 45.3781584], [126.2754124, 45.3775557], [126.2750075, 45.3769451], [126.2565214, 45.3466435], [126.2563872, 45.3464219], [126.2407004, 45.3207063], [126.2396076, 45.3189289], [126.2391173, 45.3180433], [126.2389023, 45.3176354], [126.2386065, 45.3170302], [126.2383325, 45.3164168], [126.2381309, 45.315915], [126.2358123, 45.3101604], [126.235736, 45.309971], [126.2306259, 45.2972856], [126.2301797, 45.2961733], [126.2291772, 45.2936662], [126.2289458, 45.2931714], [126.2287313, 45.2926732], [126.228506, 45.2922194], [126.2282565, 45.2917618], [126.2277884, 45.290969], [126.2236442, 45.2842696], [126.2194375, 45.2775353], [126.2186596, 45.2761945], [126.2105739, 45.2632619], [126.2105048, 45.2631566], [126.1876563, 45.2267828], [126.1875254, 45.2265725], [126.1870516, 45.225808], [126.1862832, 45.2245695], [126.1856329, 45.2234964], [126.1851732, 45.2227508], [126.1830502, 45.2193596], [126.1807855, 45.2157419], [126.1797463, 45.2140818], [126.1706432, 45.1995371], [126.1705407, 45.1993734], [126.1564947, 45.1769236], [126.1513655, 45.1687234], [126.1511599, 45.1683969], [126.1509754, 45.1680959], [126.1508279, 45.1678378], [126.1506844, 45.1675787], [126.1505636, 45.1673292], [126.1504081, 45.1670218], [126.1502646, 45.166706], [126.1500073, 45.1660698], [126.1445328, 45.1501789], [126.1443813, 45.1498084], [126.1441404, 45.1493181], [126.1439835, 45.149024], [126.143838, 45.148753], [126.1436027, 45.1483625], [126.1432117, 45.1478053], [126.1427982, 45.1472416], [126.1419245, 45.1461591], [126.1403443, 45.1442159], [126.1401607, 45.1439924], [126.1399658, 45.1437278], [126.1397128, 45.1433889], [126.1395639, 45.1431818], [126.1394258, 45.1429803], [126.1393051, 45.1427826], [126.139185, 45.1425709], [126.1392475, 45.142554], [126.1389127, 45.1419395], [126.138742, 45.141598], [126.1386037, 45.1412823], [126.1384723, 45.1409749], [126.1383636, 45.1406778], [126.1382613, 45.1403896], [126.1381178, 45.1399455], [126.1343481, 45.1284495], [126.1342139, 45.1280437], [126.1340656, 45.127591], [126.1338886, 45.1270542], [126.1320441, 45.1214481], [126.1319411, 45.1211207], [126.1317694, 45.1205052], [126.1316621, 45.1200377], [126.1316065, 45.11976], [126.1315126, 45.1191832], [126.1314838, 45.1188652], [126.131461, 45.1185548], [126.1314462, 45.1181517], [126.1314422, 45.1178441], [126.1314422, 45.1175867], [126.1314565, 45.1173057], [126.131472, 45.1170799], [126.1315231, 45.1165596], [126.1315763, 45.1161331], [126.1318502, 45.1142613], [126.1319211, 45.1137737], [126.1321414, 45.1122706], [126.132201, 45.111872], [126.1322466, 45.1115685], [126.1321664, 45.1115647], [126.1323187, 45.1105387], [126.1329417, 45.1060819], [126.1330605, 45.1047221], [126.1330213, 45.1034181], [126.1328961, 45.1024155], [126.1326867, 45.101574], [126.132566, 45.1011594], [126.1324245, 45.1007492], [126.1322656, 45.1003339], [126.1320859, 45.0999079], [126.1318481, 45.0994277], [126.1316192, 45.0989972], [126.1313698, 45.0985788], [126.1310734, 45.098114], [126.1308038, 45.0977495], [126.1304592, 45.0972839], [126.1197483, 45.0849256], [126.118782, 45.0839165], [126.1181438, 45.0833278], [126.1174478, 45.0827357], [126.116851, 45.0822975], [126.1162031, 45.0818326], [126.115359, 45.0812982], [126.1145114, 45.0808235], [126.1136001, 45.080362], [126.1126479, 45.0799253], [126.1116619, 45.0795367], [126.1106604, 45.0792104], [126.1097297, 45.0789406], [126.1085833, 45.0786492], [126.1036663, 45.0775989], [126.1020121, 45.0771872], [126.1007641, 45.0768536], [126.0993128, 45.0763215], [126.0921522, 45.0733637], [126.0908218, 45.072743], [126.0892579, 45.0718627], [126.088249, 45.0711887], [126.0789191, 45.0640309], [126.0773929, 45.0628807], [126.0761811, 45.0620911], [126.0748413, 45.0613792], [126.0711631, 45.0594798], [126.0700992, 45.0588424], [126.0690023, 45.0581588], [126.0678507, 45.0573017], [126.0664864, 45.0560069], [126.065545, 45.0549763], [126.0499169, 45.0319408], [126.04192, 45.0201369], [126.0385579, 45.0151225], [126.0335097, 45.0073605], [126.0291673, 45.0010626], [126.0290028, 45.000824], [126.0233005, 44.9923565], [126.022408, 44.9910312], [126.0220766, 44.9905391], [126.0198565, 44.9872324], [126.0193783, 44.9865319], [126.0184145, 44.9850965], [126.0165099, 44.9822704], [126.0154119, 44.9806309], [126.0148131, 44.979713], [126.0133302, 44.9774397], [126.0116992, 44.9747715], [126.0101026, 44.9723774], [126.0063933, 44.9669083], [126.004648, 44.9643985], [126.0027738, 44.9619429], [126.0020588, 44.9609266], [125.9695571, 44.9130799], [125.9694689, 44.9129501], [125.9620626, 44.9020414], [125.9617545, 44.9015877], [125.9616592, 44.9014473], [125.961355, 44.9009991], [125.959423, 44.8981532], [125.9589632, 44.8974354], [125.958522, 44.896678], [125.9580932, 44.895843], [125.9560186, 44.891503], [125.9554573, 44.8903999], [125.9549343, 44.889457], [125.9542732, 44.8883152], [125.9535745, 44.8872201], [125.952769, 44.8860622], [125.9515795, 44.8844524], [125.9513783, 44.8841849], [125.9514359, 44.8841649], [125.9486187, 44.8803657], [125.9479334, 44.8794896], [125.9471132, 44.8785267], [125.9463379, 44.8776663], [125.9379477, 44.8687986], [125.9372103, 44.8679675], [125.9365181, 44.8671165], [125.9359382, 44.8663574], [125.9303036, 44.8585267], [125.9297907, 44.8578838], [125.9293649, 44.8573817], [125.928801, 44.8567855], [125.9282934, 44.8563011], [125.9276975, 44.855748], [125.921451, 44.849954], [125.920617, 44.8490565], [125.9200621, 44.848363], [125.919623, 44.8477432], [125.9192491, 44.8471381], [125.9188836, 44.8464702], [125.9186046, 44.8458835], [125.9183469, 44.8452505], [125.9181423, 44.8446481], [125.9179853, 44.844006], [125.9178156, 44.8431367], [125.9177097, 44.8421774], [125.9177109, 44.8413467], [125.9177544, 44.8406058], [125.917844, 44.839917], [125.917974, 44.8392322], [125.91817, 44.8385461], [125.9184105, 44.8378784], [125.9186851, 44.8371887], [125.9190577, 44.8364309], [125.9194303, 44.835793], [125.9198642, 44.8351389], [125.9203533, 44.8344796], [125.9208645, 44.8338872], [125.9214426, 44.8332796], [125.9220869, 44.8326667], [125.9226487, 44.8321803], [125.9232629, 44.8316995], [125.9240312, 44.8311407], [125.9258542, 44.8298932], [125.9260536, 44.8297567], [125.9268217, 44.8292311], [125.9270338, 44.829086], [125.9275774, 44.8287139], [125.9297621, 44.8272189], [125.9304227, 44.826762], [125.9311381, 44.8262435], [125.9384748, 44.8205777], [125.9386614, 44.8204336], [125.9393833, 44.819876], [125.9395792, 44.8197248], [125.9427125, 44.8173049], [125.943701, 44.8165716], [125.9451866, 44.8150846], [125.947735, 44.8118292], [125.9487255, 44.8092276], [125.9492875, 44.8066144], [125.9492841, 44.8040186], [125.9488985, 44.8018987], [125.9480279, 44.7995048], [125.9470573, 44.7978295], [125.9459294, 44.7962435], [125.9436643, 44.7937936], [125.940271, 44.7912658], [125.9362391, 44.7893966], [125.9341409, 44.7887126], [125.9321857, 44.7881617], [125.9286134, 44.7874739], [125.9254974, 44.7871982], [125.9175379, 44.7871583], [125.9085111, 44.7869927], [125.8969915, 44.7869347], [125.8944629, 44.7868845], [125.8924558, 44.786765], [125.8895114, 44.7863001], [125.8880472, 44.785927], [125.8878164, 44.7858631], [125.886594, 44.785493], [125.8845612, 44.784672], [125.8822329, 44.7834507], [125.863038, 44.7695665], [125.8605094, 44.7675958], [125.8591951, 44.7662668], [125.8561284, 44.7625153], [125.8545979, 44.7610355], [125.85346, 44.7601587], [125.8522254, 44.7593763], [125.8505792, 44.7584619], [125.8491985, 44.7578586], [125.8411993, 44.7546782], [125.8387979, 44.7537408], [125.8384195, 44.7536017], [125.8323251, 44.7511557], [125.8306137, 44.7502004], [125.8289664, 44.7491381], [125.827455, 44.7478525], [125.8263499, 44.7467313], [125.8191181, 44.7391132], [125.8081659, 44.7276119], [125.8061622, 44.7255067], [125.8047599, 44.7240693], [125.8027877, 44.7219185], [125.8022587, 44.721244], [125.8017806, 44.7205356], [125.8012661, 44.7196909], [125.8007138, 44.7185005], [125.8004186, 44.7177136], [125.8000773, 44.7164203], [125.7999547, 44.7154439], [125.800064, 44.713974], [125.8001719, 44.7131137], [125.8003185, 44.7123222], [125.8007233, 44.7108988], [125.8018801, 44.7080279], [125.8037144, 44.7036827], [125.8041337, 44.7028096], [125.8045772, 44.7019789], [125.8056748, 44.7002617], [125.8099724, 44.6945544], [125.8140572, 44.689127], [125.8154559, 44.6872621], [125.8163403, 44.6858846], [125.8168559, 44.6846155], [125.8169596, 44.6844373], [125.8203168, 44.6787315], [125.8213071, 44.6769488], [125.822249, 44.6751564], [125.8227274, 44.674146], [125.8230746, 44.6731767], [125.8233541, 44.6721088], [125.8234588, 44.6710586], [125.823505, 44.6699374], [125.8233314, 44.669065], [125.8231384, 44.6682763], [125.8230916, 44.6680466], [125.8228751, 44.6669247], [125.8224932, 44.6659694], [125.8221933, 44.6652826], [125.8217485, 44.6644915], [125.8209164, 44.6632505], [125.8207072, 44.6629691], [125.8183488, 44.6598529], [125.8158827, 44.6564675], [125.8132098, 44.652875], [125.8122578, 44.6516825], [125.8111307, 44.6505391], [125.8100565, 44.6496079], [125.806935, 44.6468613], [125.7791068, 44.622857], [125.7714997, 44.6161934], [125.7639137, 44.6098681], [125.7612617, 44.6076867], [125.7586735, 44.6054429], [125.7575252, 44.6041716], [125.7566209, 44.6028985], [125.7530579, 44.5960234], [125.7495551, 44.5890936], [125.7482761, 44.5865003], [125.7473165, 44.5846054], [125.7465401, 44.5835511], [125.7464864, 44.5835665], [125.7379808, 44.5706513], [125.7291214, 44.5609009], [125.7280144, 44.5591617], [125.7278793, 44.5589494], [125.7164549, 44.541123], [125.7138848, 44.5369741], [125.7127378, 44.5351222], [125.7102664, 44.5312685], [125.7090325, 44.5293497], [125.7069451, 44.5263495], [125.7066216, 44.5258845], [125.7033088, 44.5203337], [125.6947783, 44.5067869], [125.6876656, 44.4956597], [125.683649, 44.489935], [125.662041, 44.4554333], [125.6582823, 44.4484198], [125.6567563, 44.4462817], [125.653975, 44.4433052], [125.6516833, 44.4407683], [125.6491786, 44.437678], [125.6439419, 44.4310682], [125.6431417, 44.4295471], [125.6424987, 44.4280036], [125.6421999, 44.4267571], [125.6420475, 44.4256062], [125.6420559, 44.4243006], [125.6423416, 44.4213692], [125.6424955, 44.4190555], [125.6422968, 44.4172044], [125.6417631, 44.4153199], [125.6363299, 44.4043775], [125.6340662, 44.3997079], [125.6332694, 44.3982312], [125.6311171, 44.3948505], [125.6256455, 44.3865981], [125.6198135, 44.377071], [125.6177202, 44.3738324], [125.6114086, 44.3643304], [125.6077601, 44.3587793], [125.6048754, 44.3544636], [125.6015472, 44.349413], [125.5958025, 44.3415371], [125.5853795, 44.3270118], [125.58016, 44.319774], [125.5775255, 44.3161424], [125.5751092, 44.312526], [125.5708603, 44.3057333], [125.5664094, 44.2986473], [125.561561, 44.291111], [125.5586743, 44.2872034], [125.5455868, 44.2656145], [125.5454338, 44.2653775], [125.5438009, 44.2629912], [125.5395511, 44.2543934], [125.5235062, 44.2231813], [125.5196942, 44.2132601], [125.5185604, 44.2115537], [125.5170389, 44.2098749], [125.5149254, 44.207585], [125.5145372, 44.2071644], [125.5135804, 44.2061277], [125.5121674, 44.2043782], [125.5091636, 44.19901], [125.5049018, 44.1933059], [125.494575, 44.1791704], [125.4747414, 44.1494698], [125.4739197, 44.1485346], [125.47297, 44.1476141], [125.4726672, 44.1473765], [125.4718275, 44.1467179], [125.4649883, 44.141616], [125.465043, 44.1415791], [125.4626161, 44.1397302], [125.4616909, 44.1388568], [125.4609899, 44.138106], [125.4606803, 44.1377051], [125.4597124, 44.1363209], [125.4588014, 44.1345741], [125.458289, 44.1329191], [125.4578762, 44.1298542], [125.4574065, 44.1264725], [125.4570364, 44.1248786], [125.4564386, 44.1235094], [125.4554992, 44.1219972], [125.451713, 44.1172968], [125.4335506, 44.0947654], [125.427302, 44.0870417], [125.4240425, 44.0829827], [125.4229678, 44.0816024], [125.4219287, 44.079951], [125.4208825, 44.077865], [125.4169469, 44.0702721], [125.415125, 44.0675415], [125.4133386, 44.065271], [125.4112391, 44.0629851], [125.4086415, 44.0603922], [125.4064637, 44.0583106], [125.4051055, 44.0571701], [125.404048, 44.0564032], [125.4031557, 44.0557946], [125.4021965, 44.0551745], [125.4010446, 44.0545147], [125.3936439, 44.0508021], [125.3923326, 44.0501326], [125.3911107, 44.0494235], [125.3901661, 44.048762], [125.3893109, 44.0480757], [125.3886464, 44.0474847], [125.3879268, 44.046775], [125.3875819, 44.0464008], [125.3842947, 44.0427276], [125.3836274, 44.0418918], [125.3829773, 44.0409911], [125.3824054, 44.0400412], [125.3810072, 44.0375174], [125.3802173, 44.0361774], [125.3760135, 44.0296484], [125.3752675, 44.0285752], [125.3746368, 44.0277152], [125.3714543, 44.0237451], [125.3677794, 44.019134], [125.3606809, 44.0102646], [125.3581311, 44.0070644], [125.3577614, 44.0065999], [125.3572127, 44.0059157], [125.3570996, 44.0057786], [125.3567921, 44.0053902], [125.3491197, 43.9957838], [125.3490147, 43.9956546], [125.3478841, 43.994241], [125.3461541, 43.992067], [125.3454536, 43.9912383], [125.3427979, 43.988386], [125.3421079, 43.9875977], [125.3414823, 43.9868392], [125.339908, 43.9849767], [125.3386745, 43.9834815], [125.3382843, 43.9828901], [125.3380047, 43.9823525], [125.3377957, 43.9818202], [125.3376505, 43.981295], [125.3375633, 43.9808052], [125.3375068, 43.9802422], [125.3374994, 43.9796828], [125.3375786, 43.9791626], [125.337696, 43.9786253], [125.338409, 43.9757697], [125.3386846, 43.9746969], [125.3399787, 43.9699178], [125.3400952, 43.9693132], [125.3402065, 43.9684993], [125.3403416, 43.9673946], [125.340605, 43.9651224], [125.3418357, 43.9547399], [125.3419677, 43.953578], [125.3420904, 43.9525768], [125.3421721, 43.9518008], [125.3425118, 43.9495022], [125.3427784, 43.94768], [125.343556, 43.9416592], [125.3436557, 43.9407865], [125.3437051, 43.9401027], [125.3436774, 43.9393768], [125.3435828, 43.9382864], [125.3433324, 43.9357898], [125.34317, 43.933919], [125.3431758, 43.9335049], [125.3431991, 43.9330836], [125.3432917, 43.9325302], [125.3434351, 43.9320102], [125.3436098, 43.9315478], [125.3448375, 43.9284107], [125.3457682, 43.9257143], [125.3458992, 43.925345], [125.3472315, 43.9220443], [125.347355, 43.9217362], [125.3485307, 43.9189391], [125.3487076, 43.9185287], [125.3499583, 43.9154533], [125.3501184, 43.9149102], [125.3501928, 43.9143836], [125.3502243, 43.9138995], [125.3501739, 43.9134565], [125.3500931, 43.91306], [125.3499811, 43.912681], [125.3498105, 43.9122562], [125.349567, 43.9118013], [125.3492655, 43.9113785], [125.3489111, 43.9109792], [125.3485222, 43.9106165], [125.3481019, 43.9102688], [125.3475238, 43.9098754], [125.3469436, 43.9095773], [125.3463982, 43.9093467], [125.3457479, 43.9091141], [125.3451695, 43.9089476], [125.3447445, 43.9088591], [125.3441978, 43.908766], [125.3437846, 43.9087202], [125.3431794, 43.9086793], [125.3424938, 43.9086559], [125.3401483, 43.9086274], [125.3399245, 43.9086248], [125.3388528, 43.9086196], [125.3373733, 43.908604], [125.3345406, 43.908578], [125.3301886, 43.9085234], [125.3247036, 43.908461], [125.3235345, 43.9084454], [125.3233757, 43.9084454], [125.3217699, 43.908435], [125.3147188, 43.9083492], [125.3139429, 43.908331], [125.3134522, 43.9083154], [125.3128282, 43.9082614], [125.3121666, 43.9081616], [125.3118419, 43.9081006], [125.3114439, 43.9080258], [125.3108397, 43.9079122], [125.3103166, 43.907807], [125.3097166, 43.9076268], [125.3090666, 43.9073636], [125.3082827, 43.9070096], [125.3077494, 43.9067395], [125.3025221, 43.9036476], [125.3017397, 43.903115], [125.3011067, 43.9025986], [125.300421, 43.90197], [125.2997786, 43.9012822], [125.2991021, 43.9004051], [125.297942, 43.898788], [125.2936129, 43.8926293], [125.2925893, 43.8912273], [125.2900125, 43.8875544], [125.2869225, 43.8831672], [125.2843581, 43.8794685], [125.2828088, 43.8772262], [125.2753714, 43.8668339], [125.2750055, 43.8664614], [125.2728703, 43.8646333], [125.2627574, 43.8567777], [125.2619588, 43.8561482], [125.2612933, 43.8555723], [125.2601731, 43.8545367], [125.2588896, 43.8533552], [125.2565822, 43.8512858], [125.2562462, 43.8510069], [125.255935, 43.8507807], [125.2554907, 43.8505076], [125.2549427, 43.8502117], [125.2528368, 43.8491781], [125.2472918, 43.8464413], [125.2449565, 43.8452976], [125.2421339, 43.8438963], [125.2394306, 43.8425622], [125.2373473, 43.8414969], [125.2364299, 43.8409875], [125.235343, 43.8402646], [125.2313664, 43.8374854], [125.2298136, 43.8362157], [125.2238814, 43.8299662], [125.221391, 43.8276204], [125.2208643, 43.8271763], [125.2186672, 43.8253256], [125.2183506, 43.8250445], [125.2130076, 43.820475], [125.2126118, 43.8201736], [125.2125175, 43.8201018], [125.2070785, 43.8157461], [125.1921611, 43.8046026], [125.18311, 43.7981002], [125.1742159, 43.7913922], [125.16796, 43.7868931], [125.1665832, 43.7858297], [125.1652077, 43.7846775], [125.1646088, 43.7841567], [125.1631488, 43.7828873], [125.1623053, 43.7821166], [125.161896, 43.7817632], [125.1618663, 43.7817375], [125.1604513, 43.7804477], [125.1600956, 43.7801235], [125.1560776, 43.7765084], [125.1532391, 43.7739648], [125.1520057, 43.7728695], [125.1504965, 43.77152], [125.1494766, 43.770608], [125.1490113, 43.7701919], [125.1472935, 43.7686558], [125.1455787, 43.7673227], [125.1439628, 43.7663392], [125.1417886, 43.7652172], [125.1387823, 43.7639998], [125.1365665, 43.7629545], [125.1336919, 43.7612947], [125.1320762, 43.7602854], [125.1307405, 43.7593524], [125.1226774, 43.7529095], [125.1193624, 43.7502296], [125.1125187, 43.7447599], [125.1090578, 43.7422625], [125.1084511, 43.7417857], [125.1078057, 43.7412785], [125.105314, 43.73932], [125.1026642, 43.7372636], [125.0996385, 43.735204], [125.096945, 43.7333726], [125.0951447, 43.7319745], [125.0878017, 43.7256605], [125.0835856, 43.722101], [125.0779258, 43.7178005], [125.0716776, 43.7133775], [125.0585095, 43.7052943], [125.049337, 43.6995424], [125.0363009, 43.6896725], [125.0235581, 43.6802586], [125.0212041, 43.6784012], [125.0184773, 43.6760905], [125.0162017, 43.6741782], [125.0142468, 43.6723411], [125.0141783, 43.6722769], [124.9993989, 43.6583886], [124.9849792, 43.6454712], [124.9789423, 43.6399285], [124.9785811, 43.639581], [124.9727649, 43.6342871], [124.9650602, 43.6247327], [124.9588707, 43.6168841], [124.9574832, 43.6152928], [124.9547629, 43.6130804], [124.9520121, 43.6114192], [124.9307245, 43.5974962], [124.9292117, 43.5965257], [124.9264834, 43.5947192], [124.9236068, 43.5925103], [124.9221774, 43.5912761], [124.921685, 43.5908108], [124.9209157, 43.5900912], [124.9195057, 43.5885979], [124.916515, 43.5849915], [124.9096258, 43.5767745], [124.9073744, 43.5744199], [124.9048868, 43.5722215], [124.9025734, 43.570459], [124.8955132, 43.5656422], [124.8941676, 43.5646256], [124.8782848, 43.5519279], [124.8756177, 43.549885], [124.8702562, 43.5463613], [124.8583751, 43.5386816], [124.8560641, 43.5369735], [124.8527363, 43.533947], [124.8519708, 43.5332058], [124.8504623, 43.5318807], [124.8492097, 43.5309472], [124.8462033, 43.5289578], [124.8421759, 43.5263231], [124.8367724, 43.522811], [124.8341881, 43.5210766], [124.8314923, 43.5193473], [124.830502, 43.5187843], [124.8298151, 43.5184261], [124.8202468, 43.5140383], [124.8189998, 43.5134871], [124.8154191, 43.5118538], [124.8147401, 43.5115469], [124.814252, 43.5113263], [124.8141257, 43.5112679], [124.8135618, 43.5110116], [124.812673, 43.5106071], [124.8123176, 43.5104459], [124.8108432, 43.5097534], [124.8083861, 43.5085144], [124.8077823, 43.5082355], [124.805036, 43.5069841], [124.8037522, 43.5064018], [124.8019289, 43.5056186], [124.8014795, 43.5054176], [124.8008376, 43.5051359], [124.8000794, 43.504768], [124.7997525, 43.5046203], [124.7985243, 43.5039685], [124.7978487, 43.5036181], [124.7973111, 43.5033353], [124.7970813, 43.5032124], [124.7966107, 43.5029735], [124.79622, 43.502783], [124.7954856, 43.5023841], [124.7948798, 43.5020678], [124.7883055, 43.4986356], [124.7878022, 43.4983798], [124.7855649, 43.4972647], [124.7850486, 43.4969064], [124.784879, 43.4969246], [124.7830671, 43.4958691], [124.7826291, 43.4956367], [124.7789319, 43.4937231], [124.7778177, 43.4930738], [124.7763258, 43.4922065], [124.772367, 43.4896224], [124.7711596, 43.4888691], [124.7670066, 43.4861866], [124.7662933, 43.4857125], [124.7562125, 43.4780695], [124.7505111, 43.4739564], [124.7503768, 43.4738595], [124.7500025, 43.4735895], [124.7451422, 43.4691523], [124.7373251, 43.4616427], [124.7269188, 43.4538], [124.7197662, 43.447849], [124.7167619, 43.4455971], [124.7144822, 43.4440595], [124.7114727, 43.4423187], [124.7070658, 43.4404556], [124.7041571, 43.439113], [124.7013284, 43.4377839], [124.6985983, 43.4361554], [124.6930667, 43.4325048], [124.6880724, 43.429263], [124.6837753, 43.4257491], [124.6738353, 43.4176235], [124.6600062, 43.4064755], [124.654247, 43.4021921], [124.6468483, 43.3961106], [124.6344724, 43.3862289], [124.6220674, 43.3763937], [124.6149549, 43.3707352], [124.6085921, 43.364723], [124.6056283, 43.3616398], [124.6046065, 43.3603316], [124.6036223, 43.3585282], [124.6021006, 43.3552548], [124.6007789, 43.3524915], [124.5990579, 43.3498065], [124.5963387, 43.3472326], [124.593468, 43.3454771], [124.5908454, 43.3443398], [124.5884446, 43.3435749], [124.5815284, 43.3421899], [124.5812838, 43.3421419], [124.580236, 43.3419399], [124.5801233, 43.3419178], [124.578156, 43.3415324], [124.5774861, 43.3413893], [124.5767918, 43.341232], [124.5762096, 43.3410817], [124.5756549, 43.3409182], [124.5753417, 43.3408257], [124.5750307, 43.3407267], [124.5743723, 43.3405065], [124.5737919, 43.340283], [124.5734472, 43.340144], [124.5729509, 43.3399412], [124.5720665, 43.3395806], [124.5671185, 43.3374995], [124.5664006, 43.3371885], [124.5655835, 43.3368482], [124.5650897, 43.3366431], [124.5633088, 43.3359033], [124.5621222, 43.3353918], [124.5614133, 43.3350731], [124.5609412, 43.3348488], [124.5605449, 43.3346417], [124.560027, 43.3343586], [124.559427, 43.3339967], [124.5592827, 43.3339028], [124.5563105, 43.331659], [124.5551723, 43.3303609], [124.5542767, 43.3290031], [124.5530263, 43.3261539], [124.5528352, 43.3254509], [124.5517447, 43.3210141], [124.5513704, 43.3197892], [124.5511137, 43.3191074], [124.5499518, 43.3168672], [124.5485244, 43.3151132], [124.5058489, 43.2725786], [124.4859126, 43.2527814], [124.4791976, 43.2460435], [124.4728915, 43.2399687], [124.465866, 43.2339889], [124.4618976, 43.2285989], [124.4585123, 43.2256732], [124.4505988, 43.2217236], [124.4459292, 43.2194669], [124.4416913, 43.2177798], [124.4388481, 43.2170203], [124.4345713, 43.2163673], [124.4232049, 43.2148409], [124.4219876, 43.2146602], [124.4208195, 43.2144482], [124.4197583, 43.2142096], [124.4186588, 43.2139095], [124.4176517, 43.2135802], [124.4167882, 43.2132626], [124.4160887, 43.2129737], [124.4151922, 43.2125614], [124.414304, 43.2121046], [124.4135416, 43.2116644], [124.4126931, 43.211121], [124.4118822, 43.21055], [124.4095344, 43.2087993], [124.4087641, 43.2082455], [124.4079793, 43.2077095], [124.4072262, 43.2072303], [124.4065071, 43.2068043], [124.4056573, 43.2063392], [124.4047895, 43.2058853], [124.3935349, 43.2003711], [124.3926348, 43.199905], [124.3917336, 43.1994143], [124.391056, 43.1990192], [124.3902065, 43.1984489], [124.3893824, 43.1978114], [124.3888239, 43.1973524], [124.3882239, 43.1967911], [124.3876375, 43.1961909], [124.3871046, 43.1955835], [124.3865715, 43.1949131], [124.3859801, 43.194062], [124.3854778, 43.1933095], [124.3841696, 43.1912272], [124.3838496, 43.1907178], [124.3829405, 43.1892708], [124.3825799, 43.1886812], [124.3795367, 43.1837833], [124.3789255, 43.1828006], [124.3776854, 43.1809069], [124.37749, 43.1806142], [124.3712689, 43.1707245], [124.3711404, 43.1705202], [124.3707698, 43.169931], [124.3706748, 43.1697799], [124.3705108, 43.1695192], [124.3701563, 43.1689556], [124.3700479, 43.1687832], [124.3696948, 43.1682218], [124.3695963, 43.1680653], [124.3666241, 43.1633395], [124.3656871, 43.161933], [124.3653725, 43.1614322], [124.3651769, 43.1611209], [124.3627361, 43.1572359], [124.3588437, 43.1510401], [124.3584867, 43.1504719], [124.3578103, 43.149395], [124.3523917, 43.1407686], [124.3514736, 43.1393068], [124.3511556, 43.1387356], [124.3509196, 43.1382086], [124.3507403, 43.1377142], [124.3505416, 43.1370172], [124.3479307, 43.1266719], [124.3477757, 43.1259973], [124.3476386, 43.1252786], [124.3475674, 43.1245074], [124.3475433, 43.1238576], [124.3475657, 43.1230428], [124.3477379, 43.120479], [124.3477562, 43.119635], [124.3477059, 43.118769], [124.3473595, 43.115736], [124.3471867, 43.1147614], [124.346946, 43.1138263], [124.3466618, 43.1129869], [124.3462749, 43.1120131], [124.3458412, 43.1111381], [124.3453956, 43.1103494], [124.3431902, 43.1068723], [124.3426718, 43.105971], [124.3421647, 43.1048883], [124.3417388, 43.1036983], [124.3414741, 43.1026995], [124.3413362, 43.1019748], [124.3412327, 43.1011498], [124.3411589, 43.1002654], [124.3410317, 43.0973668], [124.3408428, 43.0954058], [124.3405389, 43.0941115], [124.3401414, 43.0930384], [124.3396866, 43.0920594], [124.3389737, 43.0908608], [124.3379439, 43.0895155], [124.3329067, 43.084608], [124.3280972, 43.0790699], [124.3269091, 43.0779449], [124.32562, 43.0770081], [124.3242649, 43.0761329], [124.3220429, 43.0748837], [124.3191701, 43.0732061], [124.3181298, 43.0724488], [124.3166215, 43.0711354], [124.3108832, 43.065415], [124.2807284, 43.0352536], [124.2791612, 43.0336633], [124.2757682, 43.0308786], [124.274334, 43.0298434], [124.2695609, 43.0270571], [124.267266, 43.0258672], [124.2611168, 43.0233912], [124.2590556, 43.0222944], [124.257037, 43.0209748], [124.2555887, 43.0197404], [124.2540504, 43.0180522], [124.2529646, 43.01622], [124.2488824, 43.008109], [124.2477212, 43.0056626], [124.246661, 43.0037273], [124.2450966, 43.0009067], [124.244283, 42.9998581], [124.2430439, 42.9985601], [124.2417618, 42.9974831], [124.2401895, 42.9965195], [124.2361597, 42.9940044], [124.2348227, 42.9931314], [124.2331608, 42.9916992], [124.2317031, 42.9901475], [124.2307987, 42.9888938], [124.2299538, 42.9872728], [124.2285534, 42.9842117], [124.2277099, 42.9828346], [124.2268154, 42.981666], [124.2259104, 42.980684], [124.2245835, 42.9795261], [124.2217746, 42.9773827], [124.2204791, 42.9762993], [124.2193794, 42.9751359], [124.2174889, 42.9725846], [124.2113135, 42.9634589], [124.2104809, 42.9618342], [124.2100094, 42.9603645], [124.2090757, 42.9572027], [124.2050652, 42.9421823], [124.2042176, 42.9400218], [124.2033251, 42.9385066], [124.2020562, 42.9369475], [124.1978127, 42.9329582], [124.1969704, 42.9320654], [124.1962389, 42.9311326], [124.1956043, 42.9301884], [124.1950463, 42.9292626], [124.1945855, 42.9282429], [124.194265, 42.9272597], [124.1934686, 42.9241792], [124.1927839, 42.9211856], [124.1924872, 42.9193118], [124.1923767, 42.9181865], [124.1924446, 42.9155899], [124.192597, 42.9144312], [124.1938152, 42.908288], [124.1942075, 42.9072228], [124.1968126, 42.9021254], [124.1974465, 42.9007269], [124.1977933, 42.8993776], [124.1980061, 42.8978362], [124.1979525, 42.896399], [124.1977719, 42.8948461], [124.1973714, 42.893527], [124.1966271, 42.8918779], [124.1955782, 42.8901921], [124.1910044, 42.8838686], [124.1899603, 42.8825873], [124.1889162, 42.8814784], [124.185932, 42.8788365], [124.1849078, 42.8777818], [124.183619, 42.8763265], [124.1824883, 42.8748917], [124.1817397, 42.873542], [124.1807703, 42.8716375], [124.1802953, 42.8704138], [124.179788, 42.868676], [124.1791095, 42.8658722], [124.1786268, 42.8640074], [124.1776337, 42.8614757], [124.1765945, 42.8597436], [124.1753996, 42.8578451], [124.1730971, 42.8552861], [124.1631869, 42.8453576], [124.1612528, 42.8432162], [124.1598333, 42.8412836], [124.1511781, 42.823452], [124.1500132, 42.8210112], [124.1483694, 42.816885], [124.1459558, 42.8106936], [124.1441581, 42.8060595], [124.1431728, 42.8034584], [124.1420475, 42.8006474], [124.1410363, 42.7980491], [124.1394, 42.7939012], [124.1386394, 42.791973], [124.1385513, 42.7919968], [124.137785, 42.7900496], [124.1358077, 42.7866781], [124.1332713, 42.7840959], [124.1323569, 42.7833307], [124.1324241, 42.7832846], [124.1314255, 42.7825478], [124.130419, 42.7818682], [124.1294656, 42.7812948], [124.1286038, 42.7808266], [124.1274248, 42.7802477], [124.1258632, 42.7795835], [124.1244069, 42.779072], [124.1233973, 42.7787617], [124.1223483, 42.7784757], [124.1218839, 42.7783685], [124.1206695, 42.7780845], [124.1186106, 42.7776826], [124.1167589, 42.7773052], [124.1147032, 42.7768734], [124.1063833, 42.7751413], [124.1054656, 42.7749295], [124.1045678, 42.7746815], [124.1037012, 42.7744064], [124.1027976, 42.7740817], [124.0999901, 42.7727167], [124.092162, 42.7685218], [124.0853306, 42.7643556], [124.0796184, 42.7607709], [124.0783185, 42.7598769], [124.0772104, 42.7589794], [124.0582026, 42.7417012], [124.0559663, 42.7398595], [124.04514, 42.7325252], [124.0432999, 42.7312058], [124.0307896, 42.7209816], [124.0300116, 42.7203457], [124.0281093, 42.7186127], [124.0265379, 42.716558], [124.0254057, 42.7144438], [124.0240024, 42.7096719], [124.0238366, 42.7070241], [124.0238528, 42.7037443], [124.0238781, 42.7030282], [124.0244723, 42.69171], [124.0241372, 42.6889237], [124.0233373, 42.6862444], [124.0191673, 42.6780657], [124.0191201, 42.6779732], [124.0087585, 42.657651], [124.0087094, 42.6575546], [123.9973438, 42.6352632], [123.9953147, 42.631257], [123.994692, 42.6294773], [123.9944981, 42.6280038], [123.994459, 42.6267473], [123.9945422, 42.6255668], [123.9946481, 42.6246772], [123.9951012, 42.6232863], [123.9956965, 42.6219164], [123.9960984, 42.6212352], [123.9963758, 42.6207533], [123.9972386, 42.6192912], [123.9989137, 42.616629], [124.0000711, 42.61499], [124.0013755, 42.6134451], [124.0030512, 42.6118034], [124.0179254, 42.5993226], [124.0202692, 42.5966741], [124.0221685, 42.5940392], [124.0234309, 42.5914706], [124.0242603, 42.5897], [124.0267635, 42.5843562], [124.0269605, 42.5837034], [124.0270709, 42.5832922], [124.0273431, 42.5820004], [124.0275271, 42.5805712], [124.0275594, 42.5789029], [124.0258552, 42.5548562], [124.0258447, 42.5547082], [124.0254956, 42.5494759], [124.025319, 42.545378], [124.0252804, 42.5444824], [124.0251519, 42.5414986], [124.0252097, 42.538932], [124.0256639, 42.5362301], [124.0278323, 42.525382], [124.0279844, 42.52426], [124.0280717, 42.5236164], [124.028353, 42.521541], [124.0298263, 42.5075831], [124.033649, 42.4746577], [124.0337093, 42.4721463], [124.0330945, 42.4699786], [124.0323538, 42.4684621], [124.0306081, 42.4664703], [124.0253675, 42.4613747], [124.0128539, 42.4480944], [124.0112025, 42.4466646], [124.0096772, 42.4455099], [124.0074652, 42.4438353], [124.0015001, 42.4393191], [124.0009903, 42.4389332], [123.9793815, 42.4225706], [123.9767271, 42.4203162], [123.9751595, 42.418499], [123.9723511, 42.41478], [123.9713141, 42.4136628], [123.9695102, 42.4121038], [123.9616139, 42.4061157], [123.9535209, 42.3997767], [123.9490377, 42.3959624], [123.9480834, 42.395231], [123.9476423, 42.3948531], [123.9461507, 42.3936698], [123.9451147, 42.3928411], [123.9442458, 42.3920558], [123.932423, 42.3790685], [123.9323041, 42.3789379], [123.9295615, 42.3759248], [123.9273859, 42.3739481], [123.9250892, 42.3719483], [123.9248578, 42.371754], [123.9241451, 42.3711363], [123.9189501, 42.3665768], [123.9177765, 42.365489], [123.9149982, 42.3630649], [123.9083274, 42.3571768], [123.906126, 42.355222], [123.8940324, 42.344269], [123.8939628, 42.3442964], [123.8936978, 42.3440575], [123.8728731, 42.3256106], [123.8693047, 42.3224195], [123.8664639, 42.3193395], [123.8663953, 42.3192651], [123.8660726, 42.3189152], [123.8646886, 42.3178205], [123.8632233, 42.3168753], [123.8608322, 42.3155578], [123.8586828, 42.3144713], [123.8578493, 42.314069], [123.8569297, 42.3137189], [123.8503037, 42.3116463], [123.8500238, 42.3115526], [123.8495369, 42.3113896], [123.8494521, 42.3113636], [123.8475976, 42.3107953], [123.8476323, 42.3107518], [123.847237, 42.3106326], [123.8446988, 42.3097557], [123.8438022, 42.3094509], [123.8429515, 42.3091225], [123.841739, 42.3085454], [123.8405895, 42.307896], [123.8389328, 42.3067016], [123.8374784, 42.3056321], [123.8366568, 42.3049503], [123.8359201, 42.3042207], [123.8357395, 42.3039968], [123.8352457, 42.3034636], [123.8347475, 42.3027245], [123.8342748, 42.3020211], [123.8341525, 42.3017725], [123.8339665, 42.301372], [123.8338103, 42.3009743], [123.8324399, 42.297197], [123.8322407, 42.2966531], [123.8319387, 42.2958288], [123.8317061, 42.2951938], [123.8312752, 42.2938348], [123.8285079, 42.2862233], [123.8283283, 42.2857694], [123.8281308, 42.2853227], [123.8277593, 42.2845595], [123.826683, 42.2823483], [123.8266302, 42.2822398], [123.826323, 42.2816085], [123.8260873, 42.2811513], [123.8258539, 42.2807446], [123.8255935, 42.2803573], [123.825327, 42.2799954], [123.8249861, 42.2795838], [123.824649, 42.2792263], [123.8242293, 42.2788225], [123.8238196, 42.2784754], [123.8233816, 42.2781365], [123.8229312, 42.2778281], [123.8224814, 42.2775469], [123.8219532, 42.2772422], [123.8164893, 42.2743041], [123.8099635, 42.2708229], [123.8034511, 42.2673495], [123.7969926, 42.2639372], [123.7818325, 42.2558123], [123.7667332, 42.2476668], [123.7646073, 42.2465366], [123.7626543, 42.2453368], [123.760731, 42.243765], [123.7568421, 42.2400498], [123.747697, 42.2312814], [123.7271001, 42.2112707], [123.7262205, 42.2104187], [123.7182661, 42.2026241], [123.7179439, 42.2023104], [123.7156594, 42.2000859], [123.7150954, 42.1996095], [123.7146877, 42.199136], [123.7127719, 42.1972863], [123.7122006, 42.196671], [123.7108956, 42.1954451], [123.7072541, 42.1918706], [123.7063058, 42.1909873], [123.705311, 42.190155], [123.7030821, 42.1885009], [123.7019148, 42.1877213], [123.6996093, 42.186286], [123.6856424, 42.1772541], [123.6826904, 42.175401], [123.6809765, 42.1743001], [123.6806797, 42.1741094], [123.6708923, 42.1677832], [123.6706925, 42.167654], [123.6670819, 42.16532], [123.666838, 42.1651628], [123.6667904, 42.1652036], [123.652985, 42.156387], [123.627298, 42.13975], [123.625488, 42.138653], [123.6136916, 42.1320455], [123.6137355, 42.1320024], [123.5970751, 42.1226693], [123.5961341, 42.1221421], [123.5958749, 42.1219969], [123.5736921, 42.1098071], [123.5716229, 42.1086031], [123.5369164, 42.0868927], [123.5357548, 42.0860807], [123.5340866, 42.0846151], [123.5332803, 42.0839162], [123.528551, 42.0796575], [123.5265825, 42.0779142], [123.5250147, 42.076665], [123.5238603, 42.0758525], [123.522647, 42.0751076], [123.5213819, 42.0744038], [123.5193903, 42.073429], [123.517662, 42.0726876], [123.5165557, 42.0721118], [123.5142436, 42.0707309], [123.5121749, 42.0689666], [123.5113363, 42.0681086], [123.5104437, 42.0670223], [123.5096209, 42.0657673], [123.5092216, 42.0649263], [123.5087115, 42.0636695], [123.5083068, 42.062073], [123.5080719, 42.0609434], [123.5077737, 42.0584138], [123.5077244, 42.0580642], [123.5076803, 42.0577022], [123.5054434, 42.0393389], [123.5053882, 42.0388736], [123.5049285, 42.0349682], [123.504761, 42.0333162], [123.5046498, 42.032144], [123.5046448, 42.0311005], [123.5047479, 42.0297239], [123.5049984, 42.0277522], [123.5055628, 42.0237745], [123.5066073, 42.0156399], [123.5066479, 42.0153086], [123.5065757, 42.0153035], [123.5069074, 42.0127991], [123.5081056, 42.0039147], [123.5084454, 42.0012135], [123.509085, 41.996754], [123.5092781, 41.9950367], [123.5092657, 41.9937221], [123.5091262, 41.9923136], [123.5080756, 41.9864121], [123.5081474, 41.9864046], [123.5081022, 41.9861776], [123.5074064, 41.9828795], [123.5072961, 41.9822035], [123.507037, 41.9806914], [123.5065221, 41.9777949], [123.5062609, 41.9761487], [123.5060592, 41.9744667], [123.506044, 41.9742582], [123.5048354, 41.9622478], [123.5047925, 41.9618478], [123.5039112, 41.9530702], [123.5038393, 41.9523536], [123.5038173, 41.9521346], [123.5037591, 41.9521364], [123.503506, 41.9496443], [123.5034653, 41.9492838], [123.5034166, 41.9489552], [123.5033717, 41.9487051], [123.5033127, 41.9483965], [123.503272, 41.9482229], [123.5031931, 41.9479215], [123.5031028, 41.9476081], [123.5030443, 41.9474073], [123.5029589, 41.9471135], [123.5028584, 41.9467903], [123.5027683, 41.9464885], [123.5019287, 41.9438717], [123.5009317, 41.9407641], [123.5008562, 41.9405336], [123.5005604, 41.9396283], [123.5004856, 41.939399], [123.5002926, 41.9388083], [123.4995645, 41.9365793], [123.4994697, 41.9363038], [123.4994216, 41.9361654], [123.4993688, 41.9360286], [123.4991456, 41.935485], [123.4990102, 41.9351835], [123.4984015, 41.9340552], [123.4981497, 41.9336181], [123.4966171, 41.9308601], [123.4964045, 41.9304201], [123.4954012, 41.9286459], [123.4925231, 41.923388], [123.4910239, 41.9207254], [123.4886697, 41.916447], [123.4887315, 41.9164288], [123.4885862, 41.9161457], [123.4832092, 41.9063303], [123.4771717, 41.8955044], [123.4766344, 41.8945961], [123.4755735, 41.8929753], [123.474586, 41.8915037], [123.4741347, 41.8908069], [123.4737159, 41.8900804], [123.4733412, 41.8893349], [123.4728009, 41.8879108], [123.4722008, 41.8856508], [123.4719165, 41.8845559], [123.4713944, 41.8826115], [123.4704694, 41.8743864], [123.4703665, 41.8735463], [123.4702293, 41.8722162], [123.4698657, 41.8686423], [123.4698287, 41.8683586], [123.4693105, 41.8636601], [123.469012, 41.8609089], [123.4687923, 41.8592778], [123.4685949, 41.8584407], [123.4681655, 41.8570028], [123.4674216, 41.8544373], [123.4673566, 41.8544476], [123.4672412, 41.85404], [123.4657898, 41.8491883], [123.4656405, 41.8486965], [123.4645547, 41.8450539], [123.4636706, 41.8420921], [123.4623844, 41.8378611], [123.4622238, 41.8373305], [123.4620468, 41.8368009], [123.4619475, 41.8365191], [123.4618429, 41.8362553], [123.4614606, 41.8353043], [123.4603447, 41.8332952], [123.4590949, 41.8315237], [123.4578523, 41.8301789], [123.4573612, 41.8297084], [123.4574081, 41.8296801], [123.4568669, 41.8292011], [123.4550663, 41.8275828], [123.4539079, 41.8266034], [123.4534439, 41.8262287], [123.4528337, 41.825783], [123.4523693, 41.8254718], [123.4519272, 41.8252211], [123.4515002, 41.8249951], [123.4510693, 41.8247799], [123.4482259, 41.8234115], [123.4478963, 41.8232633], [123.4475114, 41.8231108], [123.4472675, 41.8230269], [123.4470191, 41.8229485], [123.4467748, 41.8228791], [123.4465943, 41.8228321], [123.4463836, 41.8227828], [123.4462143, 41.8227474], [123.4458325, 41.8226763], [123.4439549, 41.8223451], [123.4436893, 41.8222932], [123.4434843, 41.8222481], [123.4432407, 41.8221847], [123.443026, 41.8221231], [123.4427886, 41.822047], [123.4423778, 41.8219003], [123.4421498, 41.8218089], [123.4419503, 41.8217228], [123.4412324, 41.8213923], [123.4405405, 41.8210738], [123.4401089, 41.8208768], [123.4399241, 41.8207969], [123.4392986, 41.8205416], [123.4387593, 41.8203413], [123.438211, 41.8201564], [123.4377792, 41.8200231], [123.4375371, 41.8199515], [123.4367657, 41.8197396], [123.4360804, 41.81955], [123.4354766, 41.8193755], [123.4340808, 41.818946], [123.4332454, 41.8186975], [123.4323294, 41.818425], [123.4316801, 41.8182183], [123.4313699, 41.8181124], [123.4293853, 41.8174132], [123.426465, 41.8163842], [123.4260228, 41.8162253], [123.4245372, 41.8156627], [123.4236501, 41.8153265], [123.4229649, 41.8150673], [123.4227593, 41.81499], [123.4223985, 41.8148617], [123.4218871, 41.8147029], [123.4213763, 41.8145685], [123.4207151, 41.8144084], [123.4202584, 41.8142979], [123.4196661, 41.8141545], [123.4157317, 41.8132021], [123.4151642, 41.8130647], [123.4132533, 41.8126021], [123.4133092, 41.8124676], [123.4124944, 41.8122704], [123.4121349, 41.812171], [123.4118478, 41.8120866], [123.4115718, 41.8119871], [123.4112971, 41.8118807], [123.411069, 41.8117796], [123.4108178, 41.8116548], [123.4105701, 41.8115221], [123.4103634, 41.8113902], [123.4099965, 41.8111457], [123.4097759, 41.8109902], [123.4088133, 41.8101718], [123.4084674, 41.8098969], [123.4081901, 41.8097048], [123.4078502, 41.8095143], [123.407507, 41.8093534], [123.4071423, 41.8092052], [123.4066674, 41.8090648], [123.406244, 41.8089658], [123.4057825, 41.8089002], [123.4053479, 41.8088707], [123.4049296, 41.8088751], [123.4043567, 41.8089045], [123.3995858, 41.8093437], [123.3992731, 41.8093783], [123.3992775, 41.8094391], [123.3987506, 41.8095096], [123.3982903, 41.8095882], [123.3979063, 41.8096652], [123.3971024, 41.8098397], [123.3962253, 41.8100396], [123.3771882, 41.8147861], [123.3611719, 41.8187508], [123.3557654, 41.8201062], [123.3549063, 41.8203468], [123.3540779, 41.8206041], [123.353189, 41.8209134], [123.3523532, 41.8212287], [123.3514932, 41.8215907], [123.3507388, 41.821928], [123.3499591, 41.822319], [123.3490821, 41.8227928], [123.3481997, 41.8233131], [123.3367592, 41.8304257], [123.3323018, 41.8332245], [123.3313798, 41.8338045], [123.3284396, 41.8357447], [123.326131, 41.8374183], [123.3248054, 41.8384461], [123.321868, 41.8407917], [123.3211888, 41.8414127], [123.319623, 41.8426737], [123.3188632, 41.8432856], [123.3183187, 41.8437189], [123.3182734, 41.8436823], [123.3174181, 41.8443608], [123.3167502, 41.844905], [123.3159686, 41.8455983], [123.3137087, 41.8477077], [123.3131078, 41.8482443], [123.3125404, 41.848678], [123.3120466, 41.8491876], [123.3115139, 41.8496462], [123.3112065, 41.8498965], [123.3107534, 41.8502384], [123.3103539, 41.8505251], [123.3099739, 41.8507788], [123.3095493, 41.8510428], [123.3090585, 41.8513377], [123.3085504, 41.851619], [123.3080336, 41.8518871], [123.3074912, 41.8521388], [123.3069679, 41.8523644], [123.3063065, 41.8526269], [123.3057345, 41.8528379], [123.3051293, 41.8530366], [123.3045073, 41.8532272], [123.3039087, 41.8533858], [123.3032711, 41.8535458], [123.302512, 41.8536951], [123.3017312, 41.8538327], [123.3011376, 41.8539232], [123.3005495, 41.8539863], [123.2997811, 41.8540426], [123.2990402, 41.8540935], [123.2981277, 41.8541093], [123.2972216, 41.8540974], [123.2966159, 41.8540695], [123.2959872, 41.8540232], [123.2953367, 41.853959], [123.2947237, 41.8538795], [123.2938474, 41.8537502], [123.2907564, 41.8532236], [123.2893105, 41.8529603], [123.2883246, 41.852778], [123.2866951, 41.8525113], [123.2857565, 41.8523409], [123.2834109, 41.8518982], [123.2826649, 41.8517501], [123.2802152, 41.8511539], [123.2786862, 41.850751], [123.2771735, 41.8502708], [123.2751287, 41.8495808], [123.2743305, 41.8493008], [123.2742766, 41.8493316], [123.2737296, 41.8491397], [123.2735775, 41.8490863], [123.272954, 41.8488478], [123.2722579, 41.8485541], [123.2717425, 41.8483278], [123.268954, 41.8470253], [123.2668639, 41.8458785], [123.2637636, 41.8439588], [123.2619865, 41.8426829], [123.2578157, 41.8394028], [123.2496277, 41.8328758], [123.2452112, 41.8300631], [123.241212, 41.8277567], [123.2389931, 41.8266182], [123.2382879, 41.8262834], [123.2354458, 41.8249689], [123.234119, 41.8244058], [123.233392, 41.8240973], [123.2318438, 41.8234402], [123.2060694, 41.8130507], [123.205538, 41.8128364], [123.2027774, 41.8117236], [123.2027912, 41.8116781], [123.2026604, 41.8116253], [123.1978304, 41.8096784], [123.1919005, 41.8073002], [123.187163, 41.8053638], [123.1843177, 41.8040935], [123.1815378, 41.8027317], [123.178535, 41.8011791], [123.1759842, 41.7997218], [123.173209, 41.7980742], [123.1711262, 41.7967121], [123.1685759, 41.7949692], [123.1591527, 41.7883424], [123.1581025, 41.7876106], [123.151732, 41.7830935], [123.1484529, 41.7808371], [123.1435986, 41.7778495], [123.1411679, 41.7764864], [123.1210158, 41.7655919], [123.0994087, 41.7539059], [123.0971564, 41.7526047], [123.0966333, 41.752278], [123.096585, 41.7523064], [123.0933214, 41.7502681], [123.0893324, 41.7474449], [123.0739687, 41.7358395], [123.0640403, 41.7285319], [123.0619675, 41.7270858], [123.0591608, 41.725261], [123.0591136, 41.7252328], [123.0589745, 41.7251498], [123.0589696, 41.7250893], [123.041721, 41.7147986], [123.0362068, 41.7115453], [122.9810874, 41.6741926], [122.9506701, 41.6535003], [122.9462231, 41.6506032], [122.9439645, 41.6491317], [122.9071414, 41.627837], [122.8960698, 41.6214336], [122.8954497, 41.6210611], [122.8949528, 41.6207712], [122.8887703, 41.6171993], [122.8758836, 41.6097407], [122.8721711, 41.6078494], [122.8695918, 41.6066444], [122.8661351, 41.6052491], [122.8632634, 41.6042397], [122.8602181, 41.6033103], [122.8548858, 41.6018369], [122.851408, 41.6008829], [122.8467182, 41.5995532], [122.843311, 41.5983632], [122.8401183, 41.5971236], [122.8380359, 41.5961693], [122.8379879, 41.5962046], [122.8355364, 41.5950201], [122.8332711, 41.5937996], [122.8302665, 41.5920641], [122.8281078, 41.5906414], [122.8245214, 41.5882244], [122.821815, 41.5863869], [122.8162096, 41.5825686], [122.8105096, 41.5788309], [122.8096363, 41.5782803], [122.8078787, 41.577188], [122.8037608, 41.5748174], [122.7980409, 41.5719055], [122.7944953, 41.57025], [122.7892302, 41.5679516], [122.7840034, 41.5656471], [122.7840331, 41.5656136], [122.7817018, 41.5646014], [122.7816589, 41.5646364], [122.7680649, 41.5588127], [122.7517933, 41.5518564], [122.7456491, 41.5491763], [122.741952, 41.5476156], [122.7419749, 41.5475832], [122.7295975, 41.5423316], [122.7167911, 41.5370156], [122.7149335, 41.5363119], [122.7147446, 41.5362403], [122.7107327, 41.5347205], [122.6983763, 41.5304321], [122.6926151, 41.5283366], [122.6918038, 41.528041], [122.6877055, 41.5263642], [122.6835494, 41.524304], [122.6771569, 41.520586], [122.6736462, 41.5185279], [122.6730416, 41.5182145], [122.672248, 41.5178032], [122.6721503, 41.5178075], [122.6707536, 41.5170835], [122.6674732, 41.515433], [122.6672406, 41.5153302], [122.6672287, 41.5152725], [122.6670801, 41.5152068], [122.6645383, 41.5140832], [122.6627442, 41.5134057], [122.6626625, 41.5134254], [122.6624973, 41.513363], [122.6609861, 41.5127924], [122.6576062, 41.5116313], [122.6557369, 41.5111022], [122.6520929, 41.5101669], [122.6476442, 41.5093173], [122.6428061, 41.5085673], [122.6387507, 41.5081984], [122.6381739, 41.5081459], [122.6325021, 41.5080125], [122.6239228, 41.5082836], [122.612989, 41.5087918], [122.6082056, 41.5088935], [122.6029061, 41.508736], [122.5987497, 41.5083953], [122.5941261, 41.5077915], [122.5883588, 41.5067262], [122.5834021, 41.5054519], [122.5776391, 41.5035842], [122.5722296, 41.5014143], [122.5691038, 41.499978], [122.5523573, 41.4911404], [122.5521346, 41.4910229], [122.548991, 41.4893639], [122.5451317, 41.487494], [122.5441052, 41.4870412], [122.5439642, 41.486979], [122.5424823, 41.4863255], [122.5381516, 41.4846811], [122.4777075, 41.4630378], [122.465849, 41.4587571], [122.4402296, 41.4495079], [122.439512, 41.4492448], [122.4395383, 41.4492045], [122.4345786, 41.4473698], [122.4251601, 41.4439751], [122.4162644, 41.4407791], [122.4089129, 41.4381835], [122.4088608, 41.4382138], [122.4080866, 41.4379409], [122.4071301, 41.4376037], [122.3619583, 41.4236078], [122.3518477, 41.4204877], [122.3486658, 41.4193626], [122.3476329, 41.4189973], [122.341945, 41.4169493], [122.3391673, 41.4157969], [122.3383276, 41.4154486], [122.3383137, 41.4153915], [122.3327783, 41.413095], [122.3190468, 41.4074821], [122.3138289, 41.4057154], [122.312384, 41.405286], [122.2981392, 41.401052], [122.2845672, 41.3963743], [122.2829717, 41.3958083], [122.2717264, 41.392154], [122.2717037, 41.3921956], [122.2680595, 41.3911442], [122.2567181, 41.3880206], [122.2567391, 41.3879785], [122.2557996, 41.3877109], [122.2360146, 41.382001], [122.2359767, 41.3820442], [122.2353408, 41.3818631], [122.2190708, 41.3772981], [122.2181915, 41.3770477], [122.2182128, 41.3770057], [122.2079571, 41.3740843], [122.2072193, 41.3738741], [122.2071873, 41.3739131], [122.2049199, 41.3732672], [122.204229, 41.3730704], [122.1973183, 41.3711018], [122.1967, 41.3709257], [122.1935337, 41.3700237], [122.1929079, 41.3698455], [122.184291, 41.3673907], [122.1838979, 41.3672787], [122.1835048, 41.3671667], [122.1817388, 41.3666636], [122.1803064, 41.3662267], [122.1795344, 41.3660303], [122.175554, 41.3651463], [122.1721193, 41.364534], [122.1721333, 41.3644903], [122.1711011, 41.3643229], [122.1706317, 41.3642468], [122.1699531, 41.3641368], [122.1646054, 41.36327], [122.1537704, 41.3615395], [122.1530649, 41.3613816], [122.1530501, 41.3614252], [122.1510389, 41.361104], [122.1500536, 41.3609641], [122.1459526, 41.3603772], [122.1449291, 41.3602672], [122.1404995, 41.3599563], [122.1115651, 41.3585578], [122.0960234, 41.357659], [122.0954217, 41.3576287], [122.0812246, 41.3569148], [122.0812286, 41.3568699], [122.08035, 41.3568257], [122.0745408, 41.356656], [122.0687368, 41.356365], [122.0639837, 41.3561299], [122.0486926, 41.3553776], [122.048686, 41.3554406], [122.0244162, 41.3542664], [122.0191941, 41.3538863], [122.0187135, 41.353863], [122.0100106, 41.353442], [121.9939513, 41.3526185], [121.9939549, 41.3525736], [121.993153, 41.3525432], [121.9668125, 41.3512035], [121.9543808, 41.3505668], [121.9543767, 41.3506117], [121.9525271, 41.350517], [121.9299081, 41.3493586], [121.9288011, 41.3493165], [121.923905, 41.3490844], [121.9186669, 41.349037], [121.9147406, 41.3491657], [121.9139608, 41.3492085], [121.9094767, 41.3494807], [121.9045777, 41.3498705], [121.9018493, 41.3500989], [121.8991811, 41.3503261], [121.8931951, 41.3508333], [121.8767205, 41.3522189], [121.8767144, 41.3521779], [121.8758382, 41.3522441], [121.8724103, 41.3524496], [121.86921, 41.3525953], [121.86722, 41.3526277], [121.8647928, 41.3525934], [121.8609231, 41.3523918], [121.8591975, 41.3522459], [121.8570348, 41.351997], [121.854772, 41.3516858], [121.85165, 41.3511649], [121.8493777, 41.350705], [121.8462063, 41.3499477], [121.8442368, 41.3494158], [121.8425805, 41.3489076], [121.8406213, 41.3482728], [121.8386621, 41.3475642], [121.8361491, 41.3465959], [121.8251806, 41.3422631], [121.8162785, 41.3387142], [121.8142264, 41.3378976], [121.8098608, 41.3361541], [121.8072834, 41.3351374], [121.7975291, 41.3312762], [121.7951813, 41.3303351], [121.7867442, 41.3269608], [121.7777163, 41.3232801], [121.7755315, 41.322397], [121.7715613, 41.3208578], [121.7663803, 41.3188306], [121.763328, 41.3176966], [121.7588668, 41.3162687], [121.7550648, 41.3150351], [121.7262349, 41.3057595], [121.7183808, 41.3032126], [121.7122958, 41.3011273], [121.7070911, 41.29893], [121.7023334, 41.2967586], [121.6907825, 41.2914862], [121.6813477, 41.2871426], [121.679058, 41.2860982], [121.6746249, 41.284078], [121.6686475, 41.2813159], [121.6558128, 41.2754119], [121.6537061, 41.2744381], [121.6517755, 41.273555], [121.6486682, 41.2721366], [121.6479106, 41.2717835], [121.6478676, 41.2718071], [121.6354301, 41.2661508], [121.6318159, 41.2647167], [121.6283628, 41.2635753], [121.6276506, 41.2633613], [121.6275229, 41.2633229], [121.6275111, 41.2632696], [121.6261571, 41.2628527], [121.623145, 41.2620214], [121.6212604, 41.2614913], [121.6169684, 41.2602967], [121.614182, 41.2594724], [121.6108799, 41.2582919], [121.6071924, 41.2568234], [121.6024363, 41.2545118], [121.5949688, 41.2505428], [121.5875846, 41.2466395], [121.5790823, 41.2421555], [121.5711302, 41.2379437], [121.5620477, 41.2331008], [121.5523709, 41.2279817], [121.5468318, 41.2250578], [121.5375299, 41.2201858], [121.5329277, 41.2181802], [121.5283219, 41.2165621], [121.5275711, 41.2163197], [121.5262288, 41.2159183], [121.5250915, 41.2155975], [121.5233132, 41.2151173], [121.5219372, 41.2147804], [121.5174265, 41.2137822], [121.5131772, 41.2128958], [121.512005, 41.2126295], [121.510554, 41.2123016], [121.5095642, 41.2120524], [121.5085262, 41.211778], [121.5076295, 41.2115201], [121.5052029, 41.2107792], [121.5033174, 41.2101073], [121.5016893, 41.2094838], [121.5000263, 41.2087937], [121.4987844, 41.2082125], [121.4974749, 41.2076071], [121.4924724, 41.2052066], [121.4905608, 41.2043199], [121.4889264, 41.2036122], [121.4869722, 41.2028437], [121.4848858, 41.2021459], [121.4828363, 41.2015409], [121.4795482, 41.2007969], [121.4762755, 41.2002467], [121.4712448, 41.1996493], [121.4666193, 41.1991017], [121.4642271, 41.1987128], [121.4620172, 41.1983123], [121.4592652, 41.1976252], [121.4568992, 41.196931], [121.4548322, 41.1961761], [121.4526826, 41.1953485], [121.4509287, 41.1945228], [121.4492118, 41.1936786], [121.4455175, 41.19169], [121.4394029, 41.188418], [121.4381176, 41.18779], [121.4380921, 41.1878203], [121.4367103, 41.1871687], [121.4361624, 41.186898], [121.4291909, 41.1837894], [121.415847, 41.1781083], [121.407945, 41.1746863], [121.3954177, 41.1692492], [121.3913923, 41.1674304], [121.3876855, 41.165492], [121.3846288, 41.1634227], [121.381525, 41.1609204], [121.380024, 41.1595577], [121.3778471, 41.1575165], [121.376644, 41.156377], [121.3758101, 41.1555872], [121.3744662, 41.1543144], [121.366127, 41.1464154], [121.3653906, 41.1457178], [121.3621212, 41.1426208], [121.3581173, 41.1391103], [121.3537166, 41.1357726], [121.3434921, 41.1282119], [121.3407489, 41.1262486], [121.3372149, 41.1240697], [121.33536, 41.1230341], [121.3335987, 41.1220843], [121.331817, 41.1212038], [121.3260173, 41.1186809], [121.3076169, 41.1102746], [121.2982972, 41.1060735], [121.2821272, 41.0986296], [121.2760624, 41.0965216], [121.2733187, 41.0957246], [121.2727202, 41.0955904], [121.2702408, 41.0950396], [121.2620287, 41.0937088], [121.2620385, 41.0936736], [121.2589916, 41.0932033], [121.2547495, 41.0923642], [121.2522132, 41.0916029], [121.2514662, 41.0913601], [121.248042, 41.0901842], [121.2431329, 41.0879727], [121.2368225, 41.0851985], [121.2342305, 41.0839852], [121.2329614, 41.0833675], [121.2313319, 41.0824592], [121.2302187, 41.0818039], [121.2289492, 41.0809732], [121.2273005, 41.0798355], [121.225281, 41.0781738], [121.223245, 41.0762832], [121.2219334, 41.0748676], [121.2197695, 41.0723527], [121.2174134, 41.0696149], [121.211627, 41.0628557], [121.2098034, 41.0607276], [121.2058785, 41.0561252], [121.2047195, 41.0548673], [121.2035037, 41.053599], [121.2013303, 41.0516221], [121.1993045, 41.0499241], [121.1975914, 41.0485269], [121.1935783, 41.0453636], [121.1922094, 41.0443502], [121.192177, 41.0443767], [121.1903271, 41.0431675], [121.1889264, 41.0422971], [121.1873672, 41.0414201], [121.1853675, 41.0404434], [121.1834647, 41.0396328], [121.1816148, 41.0389417], [121.1796415, 41.0382308], [121.1778596, 41.0377572], [121.1744015, 41.036975], [121.1720895, 41.0365407], [121.1720999, 41.0365056], [121.169784, 41.03616], [121.1670962, 41.0359451], [121.1594492, 41.0355934], [121.1536548, 41.0348638], [121.1480235, 41.0334571], [121.1431164, 41.0317204], [121.1385082, 41.0293951], [121.1356957, 41.0276638], [121.1341162, 41.0265309], [121.1327191, 41.0254909], [121.1325517, 41.0253345], [121.1273428, 41.0203881], [121.1237139, 41.0169188], [121.1212028, 41.0145127], [121.1173543, 41.010705], [121.1113606, 41.0047746], [121.1109687, 41.0044123], [121.1092166, 41.0027926], [121.1080445, 41.0016667], [121.1053693, 40.9989655], [121.1035103, 40.9970764], [121.1034715, 40.9970972], [121.1016541, 40.9950752], [121.0975663, 40.990751], [121.0952037, 40.9882322], [121.0927981, 40.9856953], [121.0912483, 40.9842472], [121.0863653, 40.9805811], [121.0844646, 40.9794345], [121.0823904, 40.9783467], [121.0800818, 40.9773071], [121.0746891, 40.9751688], [121.0692166, 40.9732375], [121.0658647, 40.9718241], [121.0581665, 40.9679141], [121.0581935, 40.9678845], [121.0572377, 40.9673751], [121.0572105, 40.9674046], [121.0337157, 40.9551864], [121.0337421, 40.9551565], [121.0328479, 40.9547201], [121.020035, 40.94815], [121.01701, 40.9465403], [121.0155689, 40.9457228], [121.0138928, 40.9446954], [121.0120381, 40.9433643], [121.0104417, 40.9421263], [121.0092153, 40.9410894], [121.008953, 40.940831], [121.0078671, 40.9397611], [121.0064569, 40.9383229], [121.0029034, 40.9341871], [120.987883, 40.916848], [120.9871541, 40.9160045], [120.9712593, 40.8977135], [120.9694599, 40.8958572], [120.9679549, 40.8945442], [120.9666255, 40.8934679], [120.9649604, 40.8922854], [120.9604617, 40.889481], [120.9498191, 40.8844198], [120.942614, 40.8797506], [120.9276266, 40.8675852], [120.9239561, 40.8652484], [120.9194399, 40.8620968], [120.9170733, 40.8602794], [120.9095776, 40.854031], [120.9021996, 40.8479046], [120.8978291, 40.844924], [120.8953658, 40.8436418], [120.8919582, 40.8419675], [120.8885374, 40.8406114], [120.8828859, 40.8387919], [120.8767439, 40.8370552], [120.8746323, 40.8363871], [120.8707846, 40.8351154], [120.8680927, 40.8340675], [120.865918, 40.8331142], [120.8619248, 40.8311042], [120.8618705, 40.8311344], [120.8583312, 40.8293072], [120.8566914, 40.8284854], [120.8555299, 40.8278487], [120.8407102, 40.819649], [120.8407384, 40.81962], [120.8398646, 40.8191113], [120.8265834, 40.8113332], [120.8246294, 40.8101196], [120.8230444, 40.809044], [120.8187444, 40.8057723], [120.8166176, 40.8040175], [120.8154024, 40.8030043], [120.8139252, 40.8016285], [120.8129445, 40.8006561], [120.8122825, 40.7999499], [120.8119147, 40.7995575], [120.810673, 40.798233], [120.806547, 40.7936112], [120.8064935, 40.7936154], [120.8035383, 40.7903049], [120.7974913, 40.7843987], [120.7975287, 40.7843766], [120.7962653, 40.7831611], [120.7933979, 40.7804027], [120.7922568, 40.7791376], [120.7911383, 40.7778672], [120.7884998, 40.7746332], [120.7880095, 40.7740651], [120.7845556, 40.7699228], [120.7842819, 40.7696183], [120.7822695, 40.7669354], [120.7791992, 40.7623925], [120.7791569, 40.762409], [120.7780203, 40.7607428], [120.7772059, 40.759549], [120.7755706, 40.7571516], [120.7739756, 40.7550264], [120.7727974, 40.7537335], [120.7694142, 40.7505799], [120.7656795, 40.7477807], [120.7464539, 40.7336758], [120.7440728, 40.7319378], [120.7441061, 40.7319121], [120.7415396, 40.7299625], [120.7397525, 40.7284488], [120.7365465, 40.7252313], [120.7351671, 40.723606], [120.7331061, 40.720804], [120.7284886, 40.7141736], [120.7277035, 40.7130467], [120.7264899, 40.7115476], [120.7235089, 40.7084024], [120.7212125, 40.7063755], [120.7211779, 40.7064002], [120.7208582, 40.7061497], [120.7115409, 40.6995317], [120.7104179, 40.6987318], [120.7073087, 40.6965172], [120.7033144, 40.6937897], [120.7028718, 40.6935241], [120.7024063, 40.6932448], [120.6998339, 40.6917015], [120.6968106, 40.690119], [120.6960792, 40.6897342], [120.6960775, 40.6896895], [120.685274, 40.6839827], [120.6824284, 40.6823888], [120.6800342, 40.6808866], [120.6780822, 40.679536], [120.6715013, 40.6743493], [120.6582758, 40.6640363], [120.6568859, 40.6627794], [120.6555503, 40.66148], [120.6528615, 40.6584378], [120.6503257, 40.6548664], [120.6494998, 40.6535573], [120.6494568, 40.6535727], [120.6479806, 40.651157], [120.6477439, 40.6508035], [120.6469417, 40.6494634], [120.6440069, 40.6447666], [120.6433104, 40.6437726], [120.6422873, 40.6424718], [120.6415989, 40.6415014], [120.6406178, 40.6404186], [120.6389336, 40.6386575], [120.6360569, 40.6359177], [120.6320754, 40.6320891], [120.6271445, 40.6274273], [120.6258065, 40.6261271], [120.6256949, 40.6260186], [120.6252803, 40.6256157], [120.623814, 40.6238687], [120.6220325, 40.6216908], [120.6201537, 40.619038], [120.6185482, 40.6167722], [120.6169716, 40.6143906], [120.6158365, 40.6124637], [120.6149418, 40.6105534], [120.614284, 40.6089051], [120.6137488, 40.6071531], [120.6132254, 40.6051136], [120.6127664, 40.6029638], [120.6119428, 40.5994169], [120.6113255, 40.5967802], [120.6087074, 40.584955], [120.6074207, 40.5782548], [120.6063429, 40.5750323], [120.6049852, 40.5722228], [120.604275, 40.5708948], [120.6035272, 40.5697278], [120.6024362, 40.5681099], [120.6007141, 40.5657469], [120.5987929, 40.5637348], [120.5965244, 40.5615642], [120.5935129, 40.5591755], [120.585382, 40.5534112], [120.5840313, 40.5523486], [120.5824787, 40.5509952], [120.5808679, 40.5494395], [120.5789318, 40.5473048], [120.5683634, 40.5344862], [120.5635134, 40.5293053], [120.5626837, 40.5285561], [120.5623791, 40.528281], [120.5624181, 40.5282602], [120.5534609, 40.5201712], [120.5484072, 40.5157169], [120.5459891, 40.5133334], [120.5438919, 40.5110291], [120.541153, 40.5077822], [120.5359207, 40.5013333], [120.5273714, 40.4911985], [120.5217502, 40.485361], [120.5211355, 40.4846502], [120.5210962, 40.4846701], [120.5155083, 40.4783978], [120.5127661, 40.4753335], [120.5128051, 40.4753132], [120.511661, 40.4740533], [120.5106041, 40.4728723], [120.510565, 40.4728925], [120.5093195, 40.4715001], [120.5070234, 40.4689299], [120.5011456, 40.4621558], [120.5003565, 40.4611672], [120.4842263, 40.4418454], [120.4823846, 40.4399119], [120.4748605, 40.4330805], [120.4693577, 40.4287428], [120.453074, 40.4181213], [120.4483099, 40.4147833], [120.4455241, 40.4125744], [120.4358011, 40.4046115], [120.4358331, 40.4045849], [120.4351395, 40.4040168], [120.4351044, 40.4040409], [120.4258281, 40.3964438], [120.4244404, 40.3954106], [120.4224867, 40.3941018], [120.4204224, 40.3929194], [120.4196875, 40.3924984], [120.4183514, 40.3918053], [120.4167734, 40.3910848], [120.4152542, 40.3904058], [120.4116993, 40.3890104], [120.4012655, 40.3851614], [120.3897905, 40.3809358], [120.3857484, 40.3792927], [120.3622349, 40.3689153], [120.362248, 40.3688795], [120.3621228, 40.3688243], [120.3578762, 40.3669501], [120.35076, 40.3637537], [120.3464247, 40.3616678], [120.3432523, 40.3601014], [120.3347201, 40.3557031], [120.3346936, 40.3557329], [120.3269887, 40.351737], [120.3270151, 40.3517072], [120.3245216, 40.3504345], [120.3102563, 40.3431855], [120.3083306, 40.3421104], [120.3083027, 40.3421394], [120.3074813, 40.3417067], [120.305115, 40.3405223], [120.3024241, 40.3387328], [120.2921642, 40.3303976], [120.288525, 40.328002], [120.2832968, 40.3251082], [120.279193, 40.3226281], [120.2756514, 40.3202298], [120.275665, 40.3201909], [120.2755507, 40.3201135], [120.2753489, 40.3199768], [120.2718069, 40.3173362], [120.2666822, 40.3131881], [120.2665757, 40.3131019], [120.2652323, 40.3120145], [120.2514292, 40.2997573], [120.2472401, 40.2965897], [120.2434892, 40.2941655], [120.2434604, 40.2941939], [120.2424345, 40.2935886], [120.2381171, 40.2910822], [120.2355284, 40.2895794], [120.2309407, 40.2869161], [120.228558, 40.2855336], [120.2266436, 40.2844245], [120.2255556, 40.2838284], [120.2255836, 40.2837995], [120.2128773, 40.2764009], [120.2081781, 40.2734423], [120.1955724, 40.2642058], [120.192841, 40.2625174], [120.1928123, 40.262546], [120.1886295, 40.260238], [120.1862521, 40.2591436], [120.1795988, 40.2563992], [120.176921, 40.255322], [120.1769431, 40.2552902], [120.1687675, 40.2519653], [120.1601753, 40.2474041], [120.1530711, 40.2436798], [120.1475863, 40.2408043], [120.1475596, 40.2408339], [120.1407292, 40.237236], [120.1386453, 40.2361382], [120.1380563, 40.2358279], [120.138083, 40.2357982], [120.1310362, 40.2321278], [120.1291565, 40.2310636], [120.128342, 40.2306025], [120.1283137, 40.2306313], [120.126322, 40.2294783], [120.123141, 40.2272176], [120.111225, 40.2183405], [120.1042926, 40.213993], [120.0919859, 40.2073475], [120.0920084, 40.2073157], [120.0906583, 40.2065866], [120.0558056, 40.1877628], [120.0487391, 40.183963], [120.048712, 40.1839924], [120.0478495, 40.1835286], [120.0460665, 40.1825697], [120.0427017, 40.1807347], [120.0395232, 40.1790074], [120.0353267, 40.1767458], [120.0340489, 40.1760692], [120.0316972, 40.1748746], [120.0293939, 40.173698], [120.0267015, 40.1724568], [120.0251227, 40.1717097], [120.0251475, 40.1716791], [120.0232764, 40.1707948], [120.0215758, 40.1700014], [120.0196131, 40.1690261], [120.0181246, 40.1682255], [120.0167001, 40.1674218], [120.0163215, 40.1671935], [120.0151386, 40.1664957], [120.0132827, 40.1653113], [120.0111934, 40.1638423], [120.0095675, 40.162666], [120.0076526, 40.1612551], [120.0069788, 40.1607535], [120.0035492, 40.1582], [120.0035165, 40.1582259], [119.9979315, 40.154152], [119.993444, 40.150922], [119.9873229, 40.1456622], [119.9837797, 40.142541], [119.9820753, 40.1410735], [119.9807799, 40.1399487], [119.9785419, 40.1381947], [119.9767908, 40.1368843], [119.9754991, 40.1359914], [119.9739789, 40.1350201], [119.9725767, 40.1341515], [119.9714766, 40.1334858], [119.9700994, 40.1327463], [119.9662132, 40.1307719], [119.964891, 40.1301436], [119.9637157, 40.1296244], [119.9637393, 40.1295932], [119.9634525, 40.1294665], [119.9584479, 40.1270979], [119.946455, 40.1213734], [119.9352717, 40.1160515], [119.9348508, 40.1158651], [119.9312923, 40.114164], [119.9306532, 40.1138695], [119.9276987, 40.1124684], [119.9231316, 40.1103095], [119.9189808, 40.1083278], [119.9149618, 40.1064091], [119.914102, 40.1059986], [119.913375, 40.1056515], [119.9115283, 40.1048046], [119.9085889, 40.1034124], [119.9062743, 40.1023376], [119.9049173, 40.101686], [119.9023942, 40.100437], [119.9007227, 40.0996421], [119.8958531, 40.0973272], [119.892936, 40.0959356], [119.8910034, 40.0950195], [119.8878958, 40.0935133], [119.8842991, 40.0918173], [119.8813056, 40.0904035], [119.8792185, 40.0893515], [119.8769295, 40.0881652], [119.875589, 40.0873884], [119.8742131, 40.0865256], [119.8731348, 40.0858478], [119.8717531, 40.0849147], [119.870203, 40.0838018], [119.8687625, 40.0827059], [119.8664861, 40.0808019], [119.8642103, 40.0786641], [119.8624033, 40.0768872], [119.8604352, 40.0745925], [119.858752, 40.0724063], [119.8573044, 40.0703803], [119.8558981, 40.0680836], [119.8535258, 40.063879], [119.8522865, 40.0616307], [119.8518412, 40.060823], [119.851798, 40.0608371], [119.8476227, 40.0534428], [119.847077, 40.0524458], [119.8434758, 40.0461268], [119.8386661, 40.0375853], [119.838715, 40.037568], [119.8386956, 40.0375336], [119.8386686, 40.0374856], [119.8377276, 40.0358281], [119.8376768, 40.0358436], [119.8343829, 40.030242], [119.8333739, 40.0289096], [119.8311474, 40.0263246], [119.8286978, 40.0241838], [119.8261544, 40.0222926], [119.8242575, 40.021134], [119.822794, 40.0203872], [119.8216479, 40.0198187], [119.8205882, 40.0193455], [119.8195003, 40.018886], [119.8183419, 40.0184434], [119.8172218, 40.0180539], [119.8161221, 40.0177049], [119.8152691, 40.0174583], [119.8139182, 40.0170744], [119.8127359, 40.0167539], [119.7932859, 40.0114505], [119.7891229, 40.0103167], [119.7886562, 40.0101811], [119.7883156, 40.0100712], [119.7876073, 40.0098269], [119.7853349, 40.0089558], [119.7790582, 40.0065533], [119.7783407, 40.0062836], [119.7778781, 40.0061017], [119.7773559, 40.0058754], [119.7768529, 40.0056465], [119.7764267, 40.0054374], [119.775906, 40.0051705], [119.7738935, 40.0041222], [119.7726729, 40.00347], [119.7720775, 40.0031701], [119.7711575, 40.0027572], [119.7705769, 40.0025137], [119.7698941, 40.0022263], [119.7696691, 40.0021314], [119.7687838, 40.0017597], [119.7687781, 40.0017573], [119.7685177, 40.0016484], [119.768512, 40.001646], [119.7673346, 40.0011588], [119.7664902, 40.0008165], [119.7655269, 40.0004313], [119.7649925, 40.0002166], [119.7642703, 39.9999171], [119.7592107, 39.9977885], [119.7580616, 39.9973009], [119.7571661, 39.9969283], [119.7569285, 39.9968293], [119.7564496, 39.9966444], [119.7561452, 39.9965402], [119.755849, 39.9964427], [119.7548632, 39.9961207], [119.7539503, 39.9958215], [119.7535732, 39.9956908], [119.7530901, 39.995484], [119.752728, 39.9953077], [119.7522704, 39.9950683], [119.7500233, 39.9938778], [119.7496381, 39.9936742], [119.7477016, 39.9926497], [119.7472605, 39.9923943], [119.7468849, 39.9921751], [119.7463994, 39.9918864], [119.7458844, 39.9915915], [119.7454122, 39.9913305], [119.7450356, 39.9911454], [119.7444304, 39.9908704], [119.7424419, 39.9901006], [119.7420824, 39.989963], [119.7417216, 39.9898232], [119.7413902, 39.9896854], [119.7408563, 39.9894432], [119.7383179, 39.9882227], [119.7360215, 39.9871219], [119.733895, 39.9861025], [119.7339226, 39.9860555], [119.7329913, 39.9856082], [119.7325026, 39.9853514], [119.7320232, 39.9850926], [119.7315621, 39.9847994], [119.7311001, 39.984463], [119.7306052, 39.9840916], [119.7295974, 39.9833246], [119.7292135, 39.9830401], [119.7291112, 39.9829643], [119.729075, 39.9830075], [119.7286606, 39.9827228], [119.7282182, 39.9824466], [119.7277054, 39.982159], [119.7259247, 39.9812897], [119.724129, 39.9804292], [119.7235255, 39.9801363], [119.7227417, 39.9797429], [119.7213359, 39.9790411], [119.7206921, 39.9787197], [119.7189239, 39.9778661], [119.717635, 39.9772508], [119.7152289, 39.9760985], [119.7146353, 39.9758129], [119.7140077, 39.9755333], [119.7135101, 39.975337], [119.7129804, 39.9751483], [119.7124838, 39.9749936], [119.7118914, 39.9748283], [119.7112235, 39.9746495], [119.7105584, 39.9744665], [119.7076732, 39.9737106], [119.7057441, 39.9731887], [119.7029442, 39.9724556], [119.7023079, 39.9722775], [119.701632, 39.9720513], [119.700926, 39.9717485], [119.7001282, 39.9713232], [119.6995819, 39.9710042], [119.6988621, 39.9704925], [119.6974182, 39.9693565], [119.696804, 39.9689269], [119.6960503, 39.9685055], [119.6954709, 39.9682526], [119.6948513, 39.9680224], [119.6938494, 39.9676877], [119.6923944, 39.9672988], [119.690976, 39.9669051], [119.6902245, 39.9666965], [119.6865043, 39.9655741], [119.6845946, 39.9649985], [119.6835834, 39.9646613], [119.6821395, 39.9641345], [119.6819415, 39.9640591], [119.6807483, 39.9636273], [119.680177, 39.9634563], [119.675011, 39.9620875], [119.6744612, 39.961935], [119.6725595, 39.9613391], [119.6710816, 39.9608766], [119.6698894, 39.9605158], [119.6695551, 39.9604268], [119.6686609, 39.960189], [119.6684475, 39.9601323], [119.6671629, 39.9598033], [119.6669026, 39.9597577], [119.6666228, 39.9597189], [119.6662313, 39.9596774], [119.6657999, 39.9596523], [119.66538, 39.9596529], [119.6649368, 39.9596761], [119.6643092, 39.9597602], [119.6634695, 39.9598897], [119.6628579, 39.9599843], [119.6623744, 39.9600328], [119.6618762, 39.9600501], [119.6613398, 39.9600367], [119.6608087, 39.9599905], [119.6602267, 39.959898], [119.6576196, 39.9594313], [119.6569518, 39.9593429], [119.6557099, 39.9592257], [119.6547738, 39.9591682], [119.652805, 39.9591414], [119.6494067, 39.959053], [119.6489158, 39.9590386], [119.6471912, 39.9589626], [119.6467942, 39.9589482], [119.6442863, 39.9588968], [119.6436587, 39.9588783], [119.642449, 39.9588227], [119.6413225, 39.958759], [119.6394261, 39.9586041], [119.6385115, 39.9585442], [119.6380209, 39.9585252], [119.6375601, 39.9585067], [119.6302036, 39.9582636], [119.6295361, 39.9582437], [119.6213347, 39.9579721], [119.6206523, 39.9579791], [119.619855, 39.958039], [119.6189969, 39.958137], [119.6182015, 39.9582931], [119.6175206, 39.9584941], [119.6167068, 39.9587618], [119.6160054, 39.9590798], [119.6155745, 39.9592988], [119.6151668, 39.9595441], [119.6114497, 39.9622223], [119.6106674, 39.9627644], [119.6099108, 39.9631996], [119.6091563, 39.963554], [119.6083266, 39.9639082], [119.6077944, 39.9641101], [119.6072477, 39.9642928], [119.6065082, 39.9645076], [119.6059384, 39.9646405], [119.6054219, 39.9647522], [119.6048467, 39.9648573], [119.604252, 39.9649456], [119.603692, 39.9650095], [119.6031098, 39.9650575], [119.6024944, 39.9650865], [119.6018081, 39.9650997], [119.6008757, 39.9650968], [119.5984176, 39.9650464], [119.5972627, 39.9650203], [119.5959943, 39.9649908], [119.5952102, 39.9649822], [119.5946225, 39.9649902], [119.5940032, 39.9650295], [119.5930899, 39.965104], [119.5913166, 39.9652496], [119.5911759, 39.9652611], [119.5897895, 39.9653749], [119.5889204, 39.9654263], [119.5829632, 39.9653255], [119.5820298, 39.9652557], [119.5809409, 39.9651117], [119.5790445, 39.9648342], [119.5778107, 39.9646533], [119.5768424, 39.9645669], [119.5758333, 39.9645105], [119.5725036, 39.9644404], [119.5673986, 39.9643214], [119.5666276, 39.9643067], [119.5646046, 39.9642727], [119.5639949, 39.9642562], [119.5625784, 39.9642334], [119.5618676, 39.9642027], [119.5611206, 39.964146], [119.5604045, 39.964073], [119.5597554, 39.9639877], [119.559123, 39.9638854], [119.5584787, 39.9637626], [119.5577944, 39.9636007], [119.5571201, 39.9634275], [119.5565043, 39.9632372], [119.556003, 39.9630801], [119.555496, 39.9629022], [119.5549757, 39.9627039], [119.5535874, 39.9621437], [119.5527722, 39.9617981], [119.5517315, 39.9613606], [119.551399, 39.961202], [119.5509947, 39.9610119], [119.5505272, 39.960758], [119.5501446, 39.9605272], [119.5496287, 39.9602039], [119.5491929, 39.9598977], [119.5487425, 39.9595581], [119.5477523, 39.9587225], [119.5466995, 39.9577886], [119.5459914, 39.9572355], [119.5454603, 39.9568572], [119.5446532, 39.9563912], [119.5437023, 39.9558905], [119.540996, 39.9544657], [119.5406796, 39.9543012], [119.539384, 39.9536145], [119.5388451, 39.9533394], [119.5378806, 39.9528435], [119.5367796, 39.9522636], [119.5355154, 39.9516111], [119.534924, 39.9513325], [119.5343406, 39.9510991], [119.533615, 39.9508586], [119.5330987, 39.9507177], [119.5324523, 39.9505635], [119.5317496, 39.9504257], [119.530497, 39.9502191], [119.5220654, 39.9488908], [119.520373, 39.9486142], [119.5198982, 39.9485196], [119.5193685, 39.948386], [119.5188227, 39.9482472], [119.518246, 39.948059], [119.5176599, 39.9478431], [119.5171114, 39.9476097], [119.5166192, 39.9473733], [119.516005, 39.9470402], [119.5154806, 39.9467194], [119.5151118, 39.9464654], [119.5147658, 39.9462146], [119.5111247, 39.9434117], [119.5104676, 39.9429038], [119.5046512, 39.9384351], [119.5042972, 39.9381616], [119.5018885, 39.9362921], [119.5019299, 39.9362604], [119.5015597, 39.9359806], [119.4992493, 39.9342029], [119.4987787, 39.9338369], [119.498014, 39.933237], [119.4971846, 39.9325773], [119.495571, 39.9311825], [119.4948014, 39.9304926], [119.4922112, 39.9282832], [119.4916304, 39.9277977], [119.4909435, 39.927223], [119.4909139, 39.9272447], [119.4865038, 39.9238407], [119.4800953, 39.9188843], [119.4786768, 39.9177923], [119.4755564, 39.9153783], [119.4755855, 39.9153561], [119.4720951, 39.9126627], [119.4706404, 39.9114759], [119.4696264, 39.9106024], [119.4686613, 39.9097136], [119.4677253, 39.9087691], [119.4668233, 39.9078041], [119.4657314, 39.9065683], [119.4644162, 39.9048795], [119.4639706, 39.9042487], [119.4638071, 39.9040091], [119.4632176, 39.903167], [119.463035, 39.9028632], [119.4622017, 39.9014747], [119.4617388, 39.9006625], [119.4599728, 39.8973896], [119.4594545, 39.8964648], [119.457554, 39.8929491], [119.4557678, 39.8897337], [119.4534404, 39.88523], [119.4529025, 39.8841294], [119.4528643, 39.8841408], [119.4526122, 39.8836567], [119.4507574, 39.8800733], [119.4498684, 39.8785404], [119.4489135, 39.8770214], [119.4479547, 39.875636], [119.4469585, 39.8742971], [119.4461016, 39.8732247], [119.444909, 39.8718227], [119.4436891, 39.8704725], [119.442263, 39.8690467], [119.4407962, 39.867628], [119.4384262, 39.8655727], [119.438026, 39.8652578], [119.4353708, 39.8632375], [119.4343907, 39.8625267], [119.4335338, 39.8619481], [119.4323221, 39.8611875], [119.4275951, 39.8581915], [119.426265, 39.8573557], [119.4249238, 39.8565171], [119.4216216, 39.8546693], [119.4211558, 39.8544181], [119.4211541, 39.8543787], [119.4206632, 39.8541005], [119.4203816, 39.8539461], [119.4195643, 39.85351], [119.4194615, 39.853454], [119.4187335, 39.8530536], [119.4187233, 39.8530925], [119.4186345, 39.8530446], [119.4182045, 39.8528123], [119.4058088, 39.8460529], [119.4054701, 39.8458744], [119.4037191, 39.8449157], [119.403397, 39.8447411], [119.4034096, 39.8446916], [119.4030229, 39.8444836], [119.4018871, 39.8438632], [119.4017623, 39.8437988], [119.4015235, 39.8436697], [119.4014986, 39.8437127], [119.3998821, 39.8428441], [119.3982331, 39.8420289], [119.3955499, 39.8407571], [119.3932745, 39.8395696], [119.3888325, 39.8370801], [119.3873844, 39.8364082], [119.3821084, 39.8342332], [119.3801746, 39.8333537], [119.3790672, 39.8328258], [119.3790961, 39.8327778], [119.3760527, 39.8313584], [119.3751412, 39.8309333], [119.3691881, 39.8281505], [119.3577002, 39.8227586], [119.3549323, 39.8214723], [119.353449, 39.8208234], [119.3498331, 39.8194144], [119.340266, 39.8157122], [119.3389812, 39.8151827], [119.3377742, 39.8145791], [119.3367308, 39.813961], [119.3358135, 39.8133429], [119.3347299, 39.8124899], [119.3339601, 39.8117915], [119.333075, 39.8108767], [119.3322111, 39.8097834], [119.3309558, 39.8081515], [119.3303014, 39.8074283], [119.3297059, 39.8068287], [119.3291373, 39.8062559], [119.3284721, 39.805679], [119.3277052, 39.8050827], [119.3263653, 39.8041892], [119.3248619, 39.8032248], [119.318516, 39.7993191], [119.3165472, 39.798196], [119.3156111, 39.7975777], [119.314895, 39.7970234], [119.3141225, 39.7963681], [119.3131796, 39.7954914], [119.3118706, 39.7940813], [119.3117663, 39.7939723], [119.3106378, 39.7927922], [119.3101143, 39.7922449], [119.3044476, 39.7863156], [119.304017, 39.785882], [119.3034981, 39.7853468], [119.3032754, 39.7851056], [119.3001159, 39.7818025], [119.3000675, 39.7818276], [119.299748, 39.7814849], [119.2957675, 39.7773067], [119.2951074, 39.7766304], [119.2942109, 39.7757853], [119.2931298, 39.7749358], [119.2923808, 39.7744103], [119.2862018, 39.770591], [119.2860317, 39.7704836], [119.2790378, 39.7661842], [119.2778161, 39.7654655], [119.2765971, 39.7647924], [119.2739524, 39.7634883], [119.2733697, 39.7632079], [119.2687757, 39.7609796], [119.2565918, 39.7550736], [119.2553982, 39.7544509], [119.2542958, 39.7538054], [119.2531425, 39.7530858], [119.2520454, 39.7523331], [119.2422624, 39.7451929], [119.2328098, 39.7380958], [119.2327067, 39.7380184], [119.2327282, 39.737973], [119.2317492, 39.7372119], [119.2312556, 39.736851], [119.2230442, 39.7305811], [119.2223997, 39.7301184], [119.2215168, 39.7295612], [119.2202371, 39.7287837], [119.2181253, 39.727519], [119.2180607, 39.7274803], [119.2171392, 39.7269291], [119.2164431, 39.7265228], [119.2147149, 39.7254765], [119.2144307, 39.7253044], [119.2138178, 39.7249334], [119.2132862, 39.7246115], [119.2029158, 39.7183844], [119.2028725, 39.7184069], [119.2024916, 39.7181779], [119.2014322, 39.7175321], [119.1998953, 39.7166574], [119.1982618, 39.7158176], [119.1970038, 39.7152358], [119.1949761, 39.7143857], [119.1945215, 39.7142042], [119.1868989, 39.7109925], [119.1869047, 39.7109538], [119.1864466, 39.710756], [119.1864314, 39.7107864], [119.1776177, 39.7071026], [119.175359, 39.706154], [119.1733869, 39.7053258], [119.1731706, 39.705235], [119.1701254, 39.7039779], [119.1690901, 39.7036126], [119.1677999, 39.7032309], [119.1666895, 39.7029708], [119.1656811, 39.7027769], [119.1645384, 39.70262], [119.1634574, 39.7025272], [119.1626153, 39.7024735], [119.1592705, 39.7023745], [119.1590304, 39.7023665], [119.1569671, 39.702312], [119.1567466, 39.7023059], [119.1564313, 39.7022972], [119.1564185, 39.7022558], [119.1550273, 39.7022135], [119.1537643, 39.7022284], [119.153045, 39.7022435], [119.1498151, 39.7024326], [119.1353422, 39.7034497], [119.1198884, 39.7045496], [119.1193949, 39.7045826], [119.1194061, 39.7046228], [119.1185498, 39.7046863], [119.1165146, 39.7048344], [119.1164997, 39.7047766], [119.1047533, 39.7055988], [119.1009486, 39.7058743], [119.099476, 39.7059321], [119.0942211, 39.7060229], [119.0797495, 39.7063159], [119.0776697, 39.7062911], [119.0726137, 39.7060786], [119.066171, 39.7057814], [119.0647736, 39.7057113], [119.0615218, 39.7056101], [119.0498927, 39.7056514], [119.0484615, 39.7056535], [119.034915, 39.7057031], [119.0196536, 39.7057461], [119.0194175, 39.7057453], [119.0152101, 39.7057585], [119.014876, 39.7057587], [119.0148723, 39.7057836], [119.0138921, 39.7057917], [119.0127575, 39.7058743], [119.0112771, 39.7060351], [119.011268, 39.7060002], [119.0111384, 39.706019], [119.0037507, 39.7073806], [118.9959133, 39.7088333], [118.9937487, 39.7092439], [118.991721, 39.7096985], [118.9864075, 39.7109668], [118.9804888, 39.7124235], [118.9803464, 39.7124586], [118.9803308, 39.7125103], [118.9801392, 39.7125577], [118.978444, 39.71296], [118.9782026, 39.7130137], [118.9770117, 39.7132365], [118.9760408, 39.7133727], [118.9749438, 39.7134924], [118.9736031, 39.7136152], [118.9735859, 39.7135737], [118.9727731, 39.7136486], [118.9726102, 39.7136636], [118.9666343, 39.7142124], [118.9440635, 39.7162984], [118.9412686, 39.7165542], [118.9374165, 39.7167407], [118.9370041, 39.7167607], [118.9369954, 39.7167992], [118.9316613, 39.7170594], [118.9309797, 39.7170927], [118.9262134, 39.7173176], [118.9242044, 39.7173939], [118.9219701, 39.7174063], [118.9149841, 39.7173394], [118.8781053, 39.7171195], [118.8764879, 39.717134], [118.8751468, 39.7172289], [118.8738701, 39.7173712], [118.8722098, 39.7176456], [118.8707185, 39.7179881], [118.8599709, 39.7209198], [118.8590321, 39.7211715], [118.8518518, 39.7230344], [118.8453019, 39.7245919], [118.8451559, 39.7246267], [118.8410741, 39.7255579], [118.8396083, 39.7259098], [118.829214, 39.7284454], [118.8277334, 39.7288786], [118.8265291, 39.7292994], [118.825483, 39.7297368], [118.8246006, 39.730172], [118.8237476, 39.7306403], [118.8236779, 39.7306155], [118.8096701, 39.7398143], [118.8073862, 39.7413267], [118.796601, 39.7484624], [118.7965581, 39.7485263], [118.7962604, 39.7487367], [118.7894475, 39.7532384], [118.7893698, 39.7532301], [118.7882379, 39.7538941], [118.7872401, 39.7544261], [118.7862772, 39.7548757], [118.7848368, 39.7554118], [118.7837452, 39.7557458], [118.782801, 39.7559809], [118.7814519, 39.7562572], [118.7804514, 39.756416], [118.7789896, 39.7565665], [118.7776001, 39.756614], [118.7758374, 39.7565705], [118.7657884, 39.7560746], [118.7657871, 39.7561134], [118.7616491, 39.7559211], [118.7580979, 39.755818], [118.7561305, 39.7557943], [118.7519181, 39.7558283], [118.751728, 39.7558303], [118.751579, 39.7558318], [118.7515521, 39.7558321], [118.738904, 39.7559865], [118.7380215, 39.7559973], [118.7378418, 39.7559995], [118.7359562, 39.7560551], [118.7352642, 39.7561108], [118.7345669, 39.7561995], [118.7339391, 39.7563354], [118.7332304, 39.7565306], [118.7325579, 39.7567624], [118.7278927, 39.7587823], [118.7273785, 39.7590079], [118.7266114, 39.7592986], [118.7259248, 39.7595109], [118.725324, 39.7596553], [118.724699, 39.7597625], [118.7240472, 39.7598533], [118.7235779, 39.7598966], [118.7230173, 39.7599192], [118.7224272, 39.7599151], [118.7219068, 39.7598863], [118.7213301, 39.7598202], [118.7208071, 39.759744], [118.7203056, 39.7596636], [118.7169058, 39.7590656], [118.7164207, 39.7589781], [118.7125862, 39.7583109], [118.7116608, 39.758179], [118.7109312, 39.7581027], [118.7100059, 39.7580532], [118.7072992, 39.7579704], [118.7062085, 39.7579384], [118.7034935, 39.7578264], [118.6947361, 39.7575377], [118.6892563, 39.7573624], [118.6884677, 39.757348], [118.6877167, 39.757381], [118.6857292, 39.7575068], [118.6848709, 39.7575377], [118.6838463, 39.7575356], [118.6820672, 39.7574978], [118.680456, 39.7574511], [118.6796781, 39.7574635], [118.677733, 39.7575168], [118.6770436, 39.7575078], [118.6696353, 39.7572734], [118.667958, 39.7572117], [118.666616, 39.7571274], [118.6637458, 39.7569191], [118.6631021, 39.7568882], [118.6624637, 39.7568882], [118.6617127, 39.7569459], [118.6612058, 39.7570016], [118.6604862, 39.7571226], [118.6590564, 39.7574065], [118.6460996, 39.7600285], [118.6449033, 39.760344], [118.6436641, 39.7607708], [118.6424786, 39.7612821], [118.6413199, 39.7619337], [118.6410888, 39.7620783], [118.6400405, 39.7628038], [118.6392358, 39.7634924], [118.6390212, 39.7636924], [118.6369834, 39.7656975], [118.6339005, 39.7687624], [118.633561, 39.7691009], [118.6287899, 39.7738058], [118.628522, 39.7740733], [118.6284686, 39.7740507], [118.6218621, 39.7805834], [118.6170557, 39.7852918], [118.608554, 39.7937178], [118.6083649, 39.793894], [118.6029822, 39.7992186], [118.6030129, 39.7992415], [118.6029442, 39.7993095], [118.6016835, 39.8005599], [118.6011082, 39.8011304], [118.5991149, 39.8030962], [118.5990784, 39.8030753], [118.598773, 39.8033756], [118.593547, 39.8085134], [118.5934276, 39.808633], [118.5927323, 39.8093289], [118.5925726, 39.8094884], [118.5849387, 39.8170023], [118.5848893, 39.8170509], [118.5825393, 39.8193638], [118.5821703, 39.819738], [118.5758162, 39.8260055], [118.5696271, 39.8319037], [118.5694045, 39.8320952], [118.5687232, 39.8326967], [118.5677469, 39.8334011], [118.5665184, 39.8341343], [118.56471, 39.8352013], [118.5644758, 39.8353394], [118.5603085, 39.8378444], [118.5586243, 39.8388495], [118.5583274, 39.8390201], [118.5526212, 39.8422988], [118.5503673, 39.8435813], [118.549362, 39.844153], [118.5468934, 39.8455359], [118.5465336, 39.8457451], [118.5434154, 39.8475334], [118.5431526, 39.8476853], [118.5399182, 39.8495501], [118.5358215, 39.8518974], [118.5354888, 39.8520973], [118.5348603, 39.8524486], [118.5336634, 39.8530517], [118.5277405, 39.856003], [118.5276631, 39.856042], [118.526606, 39.8565602], [118.5263936, 39.8566646], [118.5258102, 39.8569513], [118.5247217, 39.8574863], [118.523308, 39.8581644], [118.5177352, 39.8609337], [118.5164094, 39.8616543], [118.5157773, 39.8619788], [118.5131171, 39.8632983], [118.512894, 39.8634075], [118.5128072, 39.8634496], [118.5125814, 39.8635587], [118.5117358, 39.8639871], [118.5101598, 39.8647795], [118.5097253, 39.8649813], [118.5088831, 39.8653642], [118.507923, 39.8657704], [118.5079363, 39.8658089], [118.5076654, 39.8659098], [118.5027865, 39.8678203], [118.501837, 39.8681702], [118.5008982, 39.8684584], [118.4999889, 39.8686952], [118.4989241, 39.868899], [118.4978485, 39.8690369], [118.4966871, 39.8691193], [118.4958476, 39.8691316], [118.4947076, 39.8690863], [118.4937823, 39.869006], [118.4927925, 39.868866], [118.488102, 39.8681243], [118.4877874, 39.8680746], [118.4861138, 39.86781], [118.4845287, 39.8676185], [118.4832653, 39.8675362], [118.4820744, 39.8675115], [118.4808433, 39.8675362], [118.4794137, 39.8676864], [118.4780672, 39.8678964], [118.476871, 39.8681229], [118.4718414, 39.8693589], [118.4715012, 39.8694425], [118.465168, 39.8709916], [118.4649029, 39.8710564], [118.4621323, 39.8717319], [118.4618801, 39.8717934], [118.4564856, 39.8730423], [118.4562259, 39.8731086], [118.4561926, 39.8730566], [118.4486434, 39.8748482], [118.4477046, 39.8750581], [118.4470314, 39.8751878], [118.4460792, 39.8753134], [118.4448695, 39.8754575], [118.4435981, 39.8755213], [118.4405407, 39.8755911], [118.4398258, 39.8756073], [118.4367491, 39.8756759], [118.4364849, 39.8756818], [118.4342372, 39.8757333], [118.4340788, 39.8757377], [118.4211635, 39.8760324], [118.4205393, 39.8760506], [118.4204857, 39.8760522], [118.4204881, 39.8761338], [118.4201313, 39.8761416], [118.4201181, 39.8760629], [118.4200537, 39.8760648], [118.4194262, 39.8760831], [118.4159593, 39.8761618], [118.4157005, 39.8761676], [118.4045961, 39.8764846], [118.4043011, 39.8764916], [118.3966756, 39.8766555], [118.3938588, 39.8767279], [118.3933148, 39.8767419], [118.3897555, 39.876816], [118.388468, 39.8768078], [118.3873737, 39.876746], [118.3865932, 39.8766781], [118.3855632, 39.8765196], [118.3845064, 39.8763364], [118.3834496, 39.8760935], [118.3823633, 39.8757806], [118.3815454, 39.8755085], [118.3805341, 39.8751158], [118.3799359, 39.8748502], [118.3798823, 39.8749017], [118.3689952, 39.8700415], [118.3635369, 39.8676412], [118.3633397, 39.867555], [118.3607178, 39.8663999], [118.3597972, 39.8659943], [118.3594112, 39.8658185], [118.3593392, 39.8657883], [118.3471325, 39.8604231], [118.3469689, 39.860351], [118.3442545, 39.8591692], [118.3415079, 39.8579586], [118.3403304, 39.8574747], [118.339397, 39.8571473], [118.3386433, 39.8569085], [118.3378923, 39.856717], [118.3369374, 39.856472], [118.3358474, 39.8562177], [118.3320687, 39.8552937], [118.3317339, 39.8552118], [118.330366, 39.8548721], [118.3289512, 39.8544658], [118.3280534, 39.8541387], [118.32725, 39.8538129], [118.3270464, 39.8537304], [118.3252985, 39.852957], [118.3249538, 39.8528036], [118.3216944, 39.8512831], [118.3214879, 39.8511884], [118.3174475, 39.849404], [118.3148101, 39.848245], [118.3113196, 39.8466683], [118.3103943, 39.846273], [118.3093563, 39.8458755], [118.3083934, 39.8455666], [118.3069235, 39.8451547], [118.3051288, 39.844706], [118.3010021, 39.8435762], [118.2988396, 39.8429968], [118.2970704, 39.8425344], [118.296025, 39.8422932], [118.2951593, 39.8420953], [118.2934706, 39.8417132], [118.2916256, 39.8412433], [118.2841322, 39.8392216], [118.2819045, 39.8385671], [118.2800907, 39.8380315], [118.2791672, 39.8377447], [118.2783205, 39.8374953], [118.276995, 39.8370718], [118.2754979, 39.8365223], [118.274006, 39.8359672], [118.2726417, 39.8354616], [118.2724588, 39.8353973], [118.2709108, 39.8348706], [118.2700834, 39.8346328], [118.2690507, 39.8343815], [118.268289, 39.8342394], [118.2643488, 39.8335308], [118.2630345, 39.8332775], [118.2620314, 39.8330303], [118.2611865, 39.832779], [118.2604489, 39.8325298], [118.2597722, 39.832288], [118.2596177, 39.8322256], [118.2586491, 39.8318192], [118.2578605, 39.8314279], [118.2568842, 39.8309006], [118.2550509, 39.8298652], [118.2546741, 39.8296564], [118.2537514, 39.8291765], [118.2528287, 39.8287419], [118.2526356, 39.8286574], [118.2517853, 39.8283052], [118.2508332, 39.8279859], [118.2500446, 39.8277511], [118.2493311, 39.8275739], [118.2482851, 39.8273329], [118.2470648, 39.8271204], [118.2441974, 39.8268159], [118.2412671, 39.8265172], [118.2409937, 39.8264911], [118.2372319, 39.8261316], [118.2311216, 39.8255079], [118.2308636, 39.8254821], [118.2226566, 39.8246585], [118.2223617, 39.824629], [118.2178287, 39.8241752], [118.2161481, 39.8240149], [118.213639, 39.823759], [118.2133387, 39.8237295], [118.2078343, 39.8231763], [118.2013652, 39.8225209], [118.2000267, 39.8224158], [118.1990115, 39.8223437], [118.195563, 39.8222233], [118.1953059, 39.8222168], [118.192841, 39.8221327], [118.192656, 39.8221274], [118.1785597, 39.8216914], [118.1778976, 39.8216732], [118.1772226, 39.8216495], [118.1770012, 39.8216429], [118.1763447, 39.8216231], [118.1740643, 39.8215568], [118.1738176, 39.8215491], [118.1688184, 39.8213895], [118.1553841, 39.8209717], [118.1508217, 39.8208704], [118.1503227, 39.8208584], [118.1445104, 39.8206689], [118.1406024, 39.8205515], [118.1382655, 39.8204793], [118.1377987, 39.8204731], [118.1334232, 39.8202912], [118.1324501, 39.8202519], [118.1315326, 39.8201926], [118.1304288, 39.8200845], [118.1296884, 39.8199868], [118.12873, 39.8198158], [118.1276172, 39.8195751], [118.1271819, 39.8194581], [118.1267903, 39.819351], [118.1259186, 39.8190956], [118.125574, 39.8189899], [118.1252307, 39.8188807], [118.1238157, 39.8184486], [118.1214994, 39.8177383], [118.1202135, 39.8173527], [118.1187081, 39.816881], [118.1173206, 39.8164562], [118.1170066, 39.8163621], [118.1022188, 39.8118473], [118.1015682, 39.8116508], [118.1014455, 39.8116128], [118.1005119, 39.8113296], [118.0992199, 39.8109452], [118.0974765, 39.8104013], [118.0964586, 39.8101133], [118.0959342, 39.809982], [118.0953978, 39.8098588], [118.094915, 39.8097573], [118.094345, 39.8096528], [118.0938179, 39.8095627], [118.0931796, 39.8094762], [118.092505, 39.8093963], [118.0918465, 39.8093443], [118.0911639, 39.8093036], [118.0905296, 39.809285], [118.0898429, 39.809284], [118.0891402, 39.8093097], [118.0885352, 39.8093433], [118.0879466, 39.809386], [118.0873646, 39.8094463], [118.0867825, 39.8095209], [118.0862125, 39.8096116], [118.0856467, 39.8097166], [118.08507, 39.8098351], [118.0845093, 39.809966], [118.0829268, 39.8103745], [118.0796755, 39.8112252], [118.0791691, 39.8113599], [118.0708247, 39.813553], [118.0568075, 39.8172841], [118.0382729, 39.822164], [118.0250689, 39.82565], [118.0182105, 39.827471], [118.0153043, 39.8282421], [118.0130446, 39.8288325], [118.0122507, 39.8290591], [118.0112046, 39.829399], [118.0103463, 39.8296915], [118.0095121, 39.8299922], [118.008568, 39.830363], [118.0027637, 39.8327996], [118.0013475, 39.8333393], [117.9995072, 39.833958], [117.9975349, 39.8345129], [117.9961735, 39.8348439], [117.9947041, 39.8351269], [117.9930267, 39.8354019], [117.9443935, 39.8414911], [117.943157, 39.8416167], [117.9418856, 39.8417362], [117.9404882, 39.8417938], [117.9377684, 39.8418494], [117.9368967, 39.8418597], [117.9249126, 39.8420451], [117.9240461, 39.8420559], [117.9226488, 39.8420734], [117.9212889, 39.8420904], [117.9199344, 39.8421089], [117.9180622, 39.8422016], [117.9167238, 39.8422963], [117.91549, 39.8424322], [117.913768, 39.8426753], [117.912325, 39.8429286], [117.9065488, 39.8442507], [117.9056999, 39.8444422], [117.9044768, 39.8446832], [117.9000901, 39.8454585], [117.8996681, 39.8455333], [117.8819516, 39.8485958], [117.8816398, 39.8486504], [117.8810051, 39.8487614], [117.8806548, 39.8488227], [117.8694847, 39.8507539], [117.8689027, 39.850861], [117.8620711, 39.8520697], [117.8605127, 39.8523394], [117.8454736, 39.8548495], [117.8436497, 39.855183], [117.8420565, 39.8555083], [117.8409889, 39.8557431], [117.8158218, 39.8616131], [117.8042527, 39.8643778], [117.7871098, 39.8683591], [117.7836564, 39.8691194], [117.7803921, 39.8698042], [117.7746311, 39.8710296], [117.7724786, 39.871473], [117.771804, 39.8716184], [117.7689748, 39.8722327], [117.7657419, 39.8729199], [117.7477638, 39.8767158], [117.7473873, 39.8767944], [117.7473668, 39.8767599], [117.7372706, 39.8789073], [117.7341539, 39.8795701], [117.7336661, 39.8796824], [117.7219286, 39.8821622], [117.7210516, 39.8823482], [117.7202017, 39.8825323], [117.71973, 39.8826335], [117.7188894, 39.8828139], [117.7072497, 39.8852599], [117.7001394, 39.88678], [117.6711407, 39.8929046], [117.6697929, 39.893206], [117.6689362, 39.8934082], [117.668134, 39.8936146], [117.6673695, 39.8938327], [117.6491171, 39.8992056], [117.6426507, 39.9010403], [117.6413456, 39.9014271], [117.6392385, 39.9020349], [117.6361755, 39.9029958], [117.6350033, 39.9033559], [117.6227424, 39.9069746], [117.6226103, 39.9070135], [117.6158593, 39.9090037], [117.6033345, 39.9126927], [117.5969616, 39.9145627], [117.5955212, 39.9149433], [117.5941774, 39.9152355], [117.5926566, 39.9155235], [117.5913799, 39.915721], [117.5898185, 39.9159435], [117.5894839, 39.9159894], [117.5827029, 39.9169697], [117.5818044, 39.9171281], [117.5806645, 39.9173338], [117.5795889, 39.9175622], [117.5783873, 39.9178399], [117.5773734, 39.9181094], [117.575182, 39.9187718], [117.5644773, 39.9220703], [117.5640133, 39.9222133], [117.5526568, 39.9257076], [117.5522513, 39.9258304], [117.5482687, 39.9270841], [117.5475258, 39.9273186], [117.5466755, 39.9275881], [117.5459138, 39.927876], [117.5449803, 39.9282257], [117.5440067, 39.9286103], [117.5428265, 39.929141], [117.5414687, 39.929788], [117.5384009, 39.9312986], [117.5359037, 39.9324688], [117.5356489, 39.932584], [117.5313547, 39.9344597], [117.5308719, 39.9346757], [117.523233, 39.9380382], [117.5217739, 39.9387066], [117.5202611, 39.9394675], [117.5085627, 39.9452656], [117.5045863, 39.9472469], [117.5029877, 39.9480262], [117.5014535, 39.9487006], [117.5000453, 39.9492455], [117.4986747, 39.9497349], [117.4976528, 39.9500598], [117.4961668, 39.9504792], [117.4925217, 39.9514847], [117.4912201, 39.9518533], [117.4912423, 39.9519165], [117.4909674, 39.9519936], [117.489413, 39.9524141], [117.4761817, 39.9560328], [117.475428, 39.9562466], [117.4719062, 39.9572294], [117.4708736, 39.9575521], [117.4699831, 39.9578523], [117.4692723, 39.9581114], [117.4678186, 39.9587117], [117.4670756, 39.9590427], [117.4658713, 39.9595999], [117.4648038, 39.9601508], [117.4639106, 39.9606628], [117.4619633, 39.9618942], [117.4611264, 39.9624842], [117.4603862, 39.9630599], [117.4583048, 39.9646798], [117.4568617, 39.9657776], [117.4559391, 39.9664272], [117.4558707, 39.9664107], [117.4547861, 39.9671487], [117.4531791, 39.9682958], [117.4499819, 39.9704583], [117.4430121, 39.974966], [117.4421203, 39.9755087], [117.4409938, 39.9761376], [117.4396795, 39.9768323], [117.4384215, 39.9774366], [117.4373513, 39.9778868], [117.4361497, 39.9783698], [117.4351358, 39.9787418], [117.4339771, 39.9791405], [117.4250641, 39.9822214], [117.4200533, 39.9839617], [117.4200516, 39.9840103], [117.4197157, 39.9841267], [117.4197108, 39.9840807], [117.4158508, 39.9854213], [117.4146652, 39.985859], [117.4138612, 39.9862067], [117.4128125, 39.986648], [117.4118451, 39.9871], [117.4111512, 39.987418], [117.4086556, 39.9886392], [117.4075252, 39.9891656], [117.406337, 39.9896999], [117.4051997, 39.990152], [117.4039471, 39.9906], [117.403011, 39.9909124], [117.4017048, 39.9913028], [117.4004897, 39.991609], [117.398246, 39.992102], [117.3969385, 39.9923179], [117.3954647, 39.9925159], [117.3948268, 39.992595], [117.3939317, 39.9926693], [117.3929232, 39.9927392], [117.391102, 39.9928235], [117.3871189, 39.9929673], [117.3839043, 39.9931396], [117.3826396, 39.9932098], [117.3773917, 39.9933912], [117.3773934, 39.9934363], [117.3770411, 39.9934461], [117.3708661, 39.9936699], [117.3700957, 39.9936932], [117.3696713, 39.9937074], [117.3684981, 39.9937428], [117.3547018, 39.9942341], [117.3544516, 39.9942397], [117.3521495, 39.9943196], [117.3456084, 39.9945295], [117.3446979, 39.9945581], [117.3417353, 39.9946825], [117.3232538, 39.9953088], [117.3208504, 39.9953898], [117.3203808, 39.9954088], [117.306819, 39.995916], [117.3049065, 39.9959879], [117.3033534, 39.9960748], [117.2909591, 39.9968879], [117.2855203, 39.9972454], [117.2854909, 39.9972024], [117.2851308, 39.9972284], [117.2791788, 39.9976256], [117.2774434, 39.9977098], [117.2763893, 39.9977345], [117.2752306, 39.9977283], [117.273581, 39.9976811], [117.2609559, 39.9970462], [117.2453614, 39.9962628], [117.2450427, 39.996246], [117.2356586, 39.9957301], [117.2350658, 39.9957023], [117.2300488, 39.9954301], [117.2292843, 39.9953664], [117.2278333, 39.9952133], [117.2267175, 39.9950797], [117.2211465, 39.9944283], [117.2190732, 39.9941345], [117.2173419, 39.9938478], [117.2159002, 39.9936023], [117.2090042, 39.9922583], [117.2070408, 39.9918515], [117.2051686, 39.9915206], [117.1979883, 39.9903061], [117.186939, 39.9884309], [117.1866292, 39.9883796], [117.1866198, 39.9884412], [117.1821633, 39.9876849], [117.1818066, 39.9876243], [117.1784404, 39.9870551], [117.1621302, 39.9842877], [117.1612769, 39.984143], [117.1609848, 39.9840928], [117.1601852, 39.9839553], [117.137813, 39.9801651], [117.1240586, 39.9778251], [117.1226263, 39.9775641], [117.1214971, 39.9773297], [117.1202418, 39.9770358], [117.1189517, 39.9766844], [117.1176106, 39.9762856], [117.1106368, 39.9740513], [117.1085742, 39.9734018], [117.1051571, 39.9724049], [117.1040788, 39.9721459], [117.1030784, 39.9719383], [117.1021664, 39.9717656], [117.1008414, 39.9715395], [117.099629, 39.9713895], [117.0982316, 39.9712394], [117.0969817, 39.9711613], [117.0958203, 39.9711222], [117.0931596, 39.9710914], [117.0929396, 39.9710894], [117.0920572, 39.9710816], [117.0793006, 39.9709678], [117.0776913, 39.9709534], [117.0773963, 39.9709508], [117.0765674, 39.9709434], [117.0608845, 39.9707995], [117.0588461, 39.9707008], [117.057226, 39.970559], [117.0554557, 39.9703308], [117.0539805, 39.9701294], [117.029964, 39.9664087], [117.0064357, 39.96277], [117.0057922, 39.9626704], [117.0055911, 39.9626393], [117.0031212, 39.9622573], [116.9911251, 39.9604017], [116.9900614, 39.9602371], [116.9897071, 39.9601823], [116.9890838, 39.9600859], [116.9845312, 39.9594168], [116.9439142, 39.9545531], [116.943411, 39.9544948], [116.9433919, 39.9544518], [116.9324149, 39.953129], [116.9265146, 39.952418], [116.9262694, 39.9523885], [116.9258165, 39.9523339], [116.9249609, 39.9522311], [116.9235152, 39.9520625], [116.9226567, 39.9519586], [116.9105666, 39.9504959], [116.9097742, 39.9504001], [116.9091195, 39.9503242], [116.9087373, 39.9502799], [116.9086477, 39.9502695], [116.900534, 39.9492928], [116.8702445, 39.9456331], [116.8699134, 39.9455954], [116.8699022, 39.9456328], [116.8626447, 39.9447682], [116.8620061, 39.9446923], [116.8447825, 39.9426], [116.8444215, 39.9425563], [116.8355277, 39.941478], [116.8351986, 39.9414388], [116.8342674, 39.9413441], [116.8310012, 39.9410063], [116.8305831, 39.9409653], [116.8294157, 39.9408485], [116.8284982, 39.9407535], [116.8284244, 39.940746], [116.8273427, 39.9406367], [116.8267339, 39.9405761], [116.8263266, 39.940534], [116.8196168, 39.939856], [116.8179286, 39.9396854], [116.8166658, 39.9395577], [116.8149834, 39.9393877], [116.8133602, 39.9392237], [116.8123827, 39.9391249], [116.81011, 39.9388952], [116.809362, 39.9388198], [116.809365, 39.9387739], [116.8089708, 39.9387293], [116.8079227, 39.9386246], [116.8071115, 39.9385461], [116.8067599, 39.9385115], [116.8041601, 39.9382556], [116.7963648, 39.9374516], [116.7959809, 39.9374117], [116.7920521, 39.937012], [116.7892697, 39.9367283], [116.7888297, 39.9366843], [116.7847184, 39.9362636], [116.781889, 39.935974], [116.7793134, 39.9357171], [116.7745303, 39.9352598], [116.7715729, 39.9349552], [116.7699936, 39.9348104], [116.7657756, 39.9343382], [116.7645004, 39.9342068], [116.7637591, 39.9341305], [116.762403, 39.9339617], [116.7616063, 39.9338386], [116.7607507, 39.9337029], [116.7598028, 39.9335312], [116.7591333, 39.9333944], [116.7585621, 39.9332741], [116.7573158, 39.932982], [116.7572938, 39.9330261], [116.7531116, 39.9319893], [116.7438685, 39.9297257], [116.7438803, 39.929657], [116.7437344, 39.9296209], [116.7344113, 39.9273136], [116.7293384, 39.9260532], [116.7293229, 39.9260989], [116.7286826, 39.9259329], [116.7286867, 39.9258817], [116.7194611, 39.9236168], [116.7182895, 39.923296], [116.7173582, 39.9229495], [116.7163605, 39.9225061], [116.7159163, 39.9222835], [116.7151931, 39.9218881], [116.7141986, 39.9212109], [116.7126977, 39.9200351], [116.7112675, 39.9188588], [116.7080924, 39.9162834], [116.7075345, 39.915846], [116.7062544, 39.9148046], [116.7049589, 39.9137531], [116.7044419, 39.9133254], [116.7034228, 39.9124914], [116.7033808, 39.9125417], [116.7029646, 39.9121994], [116.7023137, 39.9116475], [116.7023215, 39.9115869], [116.7018278, 39.9111926], [116.7006523, 39.9102414], [116.7002873, 39.909946], [116.6991745, 39.9090456], [116.6987112, 39.9086643], [116.6986533, 39.9086845], [116.6964019, 39.9068404], [116.6948992, 39.9056275], [116.6941172, 39.9049969], [116.6938271, 39.9047601], [116.6937711, 39.9047144], [116.692952, 39.9040682], [116.6913909, 39.9028909], [116.6901966, 39.9019394], [116.6875594, 39.899829], [116.6870326, 39.8994859], [116.6867091, 39.8993112], [116.6867003, 39.8993065], [116.6863658, 39.8991365], [116.6860512, 39.8990019], [116.6857026, 39.8988674], [116.6852733, 39.8987342], [116.6848371, 39.8986149], [116.6842818, 39.8984966], [116.6803504, 39.8978429], [116.6796228, 39.8977192], [116.6790955, 39.8976304], [116.6786975, 39.8975629], [116.6768129, 39.8972519], [116.6743954, 39.8968294], [116.6690216, 39.895948], [116.6684698, 39.8958582], [116.668233, 39.8958216], [116.668027, 39.8957911], [116.6678258, 39.8957628], [116.6675613, 39.8957287], [116.6673322, 39.8957061], [116.6670697, 39.8956878], [116.6668512, 39.8956796], [116.6666225, 39.8956745], [116.6663666, 39.8956733], [116.6661527, 39.8956753], [116.6658691, 39.8956771], [116.665183, 39.8957005], [116.6639121, 39.8957365], [116.6638895, 39.8956915], [116.6631277, 39.895713], [116.6596453, 39.8958217], [116.6553509, 39.8959575], [116.6512203, 39.8960912], [116.6505946, 39.8961032], [116.6500402, 39.8961105], [116.6487085, 39.89615], [116.648553, 39.8961566], [116.642237, 39.8963532], [116.6421801, 39.8963549], [116.6412024, 39.896384], [116.6407148, 39.8963986], [116.6407085, 39.8964424], [116.6402876, 39.8964441], [116.6402597, 39.896398], [116.6397355, 39.8963962], [116.6393931, 39.8963897], [116.6390101, 39.8963824], [116.6383305, 39.8963667], [116.6375679, 39.8963437], [116.636314, 39.8963099], [116.6356361, 39.8962975], [116.6356247, 39.8963438], [116.6263803, 39.8961269], [116.626381, 39.8960923], [116.625978, 39.8960848], [116.6259772, 39.8961216], [116.6222772, 39.8960189], [116.6221362, 39.896015], [116.6220944, 39.8960138], [116.615461, 39.8958576], [116.6140228, 39.8958237], [116.6133544, 39.8958109], [116.605605, 39.8956469], [116.6010091, 39.8955531], [116.600537, 39.8955428], [116.5976846, 39.895478], [116.5967198, 39.8954681], [116.5948835, 39.8954381], [116.5945103, 39.8954362], [116.5940544, 39.8954461], [116.593683, 39.8954743], [116.5931669, 39.8955329], [116.5927691, 39.8955892], [116.5923956, 39.8956622], [116.5920283, 39.8957361], [116.5916824, 39.8958068], [116.5913067, 39.8958957], [116.5906816, 39.8960451], [116.5865278, 39.8970526], [116.5825722, 39.8979858], [116.5817849, 39.8981564], [116.5814813, 39.8982244], [116.5811267, 39.898289], [116.5807277, 39.8983522], [116.5802967, 39.8984132], [116.5798875, 39.8984501], [116.5795592, 39.8984716], [116.5791859, 39.8984841], [116.5787784, 39.8984903], [116.5782368, 39.8984797], [116.5776132, 39.8984676], [116.5766918, 39.8984338], [116.5759879, 39.8984056], [116.5752759, 39.8983843], [116.5744829, 39.8983606], [116.5741076, 39.8983545], [116.573658, 39.8983575], [116.5732626, 39.898366], [116.5727893, 39.8983928], [116.5718389, 39.8984791], [116.5708486, 39.8985637], [116.5706495, 39.8985824], [116.5705698, 39.898589], [116.5699498, 39.8986414], [116.5697589, 39.8986556], [116.569418, 39.8986809], [116.5684396, 39.8987649], [116.568365, 39.8987713], [116.567771, 39.898824], [116.5613468, 39.8993919], [116.5598419, 39.8995316], [116.5587429, 39.8996409], [116.5560741, 39.8998928], [116.5559278, 39.8999058], [116.5548418, 39.8999939], [116.5540478, 39.9000666], [116.5532114, 39.900135], [116.552323, 39.9002129], [116.5515818, 39.9002849], [116.550879, 39.900354], [116.5503269, 39.9004131], [116.5501467, 39.9004303], [116.5499272, 39.900454], [116.5496109, 39.9004863], [116.5492338, 39.9005208], [116.5488678, 39.9005542], [116.5408821, 39.9012642], [116.5402557, 39.9013179], [116.5397848, 39.9013608], [116.5394703, 39.9013814], [116.5390583, 39.9013958], [116.5386554, 39.9014087], [116.5383866, 39.901409], [116.5374089, 39.9013936], [116.5361311, 39.9013476], [116.5353777, 39.9012977], [116.534037, 39.9011522], [116.5308118, 39.9007615], [116.5302905, 39.9007042], [116.5297974, 39.9006461], [116.5292127, 39.9005851], [116.5287306, 39.90056], [116.5282076, 39.9005482], [116.5276516, 39.9005618], [116.5270895, 39.9005942], [116.5265257, 39.9006503], [116.5244526, 39.9008823], [116.5242094, 39.9009047], [116.5239132, 39.9009244], [116.5234986, 39.900932], [116.5231311, 39.9009287], [116.5227799, 39.9009156], [116.5223523, 39.9008834], [116.5219081, 39.9008333], [116.5205974, 39.9006644], [116.5200561, 39.9005994], [116.5195691, 39.9005432], [116.5190446, 39.9005092], [116.5186772, 39.9004981], [116.5182171, 39.9004943], [116.5085507, 39.9003754], [116.508237, 39.900372], [116.5039281, 39.9003196], [116.5032385, 39.900321], [116.5025645, 39.9003324], [116.5005161, 39.9004155], [116.4966313, 39.9005798], [116.4912541, 39.900791], [116.4908517, 39.9008049], [116.4881186, 39.9009119], [116.4877413, 39.9009239], [116.4861742, 39.9010378], [116.4840968, 39.9012189], [116.4840892, 39.901172], [116.4835016, 39.9012121], [116.4823675, 39.9013076], [116.4817625, 39.9013328], [116.481392, 39.901337], [116.4809674, 39.901323], [116.4786488, 39.9011986], [116.4786425, 39.9012458], [116.4756385, 39.9010771], [116.4751666, 39.9010519], [116.4742588, 39.9009581], [116.4738593, 39.9009143], [116.4738549, 39.9008694], [116.472835, 39.9007548], [116.4723776, 39.9006999], [116.4721461, 39.9006754], [116.4719245, 39.9006472], [116.4715702, 39.900612], [116.4713423, 39.9005911], [116.4713381, 39.9006351], [116.4710802, 39.9006068], [116.469968, 39.9004847], [116.4696911, 39.9004543], [116.4690258, 39.9003765], [116.4684047, 39.9002851], [116.4679355, 39.9001807], [116.4672996, 39.8999948], [116.4666088, 39.8997637], [116.4657466, 39.8994694], [116.4654328, 39.8993729], [116.4652118, 39.8993126], [116.4650168, 39.8992689], [116.4647261, 39.8992158], [116.4645254, 39.8991879], [116.4642767, 39.899164], [116.4640438, 39.8991506], [116.4638517, 39.8991429], [116.4635359, 39.8991424], [116.463319, 39.8991531], [116.4630618, 39.8991805], [116.4627301, 39.8992299], [116.4624882, 39.8992719], [116.4622498, 39.8993265], [116.4604439, 39.8997427], [116.4601437, 39.8998023], [116.4598427, 39.8998493], [116.4595499, 39.8998857], [116.4592625, 39.8999124], [116.4590383, 39.899925], [116.458762, 39.8999364], [116.4558651, 39.9000219], [116.4550973, 39.9000328], [116.4547481, 39.9000154], [116.454398, 39.8999931], [116.4539839, 39.8999347], [116.4534305, 39.8998454], [116.4519514, 39.8996122], [116.4514698, 39.8995389], [116.4511335, 39.8994967], [116.4508751, 39.8994714], [116.4505299, 39.8994466], [116.4503035, 39.8994391], [116.4498894, 39.8994318], [116.4495103, 39.8994244], [116.4491882, 39.8994109], [116.448904, 39.8993889], [116.4486877, 39.8993656], [116.4484448, 39.8993338], [116.4481024, 39.8992818], [116.4476391, 39.8992158], [116.4473628, 39.8991804], [116.4470876, 39.8991492], [116.446792, 39.8991265], [116.4465602, 39.8991147], [116.4462672, 39.8991131], [116.4459619, 39.8991203], [116.4457435, 39.899138], [116.445534, 39.8991602], [116.4452935, 39.8991883], [116.4450685, 39.8992262], [116.44486, 39.8992607], [116.4447126, 39.899292], [116.4444384, 39.8993612], [116.444176, 39.8994345], [116.4430598, 39.8997541], [116.4427583, 39.8998355], [116.4426013, 39.8998746], [116.4424022, 39.899907], [116.4421342, 39.8999324], [116.441886, 39.8999416], [116.4416425, 39.8999385], [116.4413883, 39.8999221], [116.4411734, 39.8999041], [116.440967, 39.8998812], [116.439544, 39.8997318], [116.4382987, 39.8996029], [116.437653, 39.899543], [116.4372704, 39.899517], [116.4367757, 39.8995022], [116.4365222, 39.8995109], [116.4361879, 39.8995245], [116.4357953, 39.8995578], [116.4353743, 39.89962], [116.4349603, 39.8996999], [116.434513, 39.8997968], [116.434231, 39.8998677], [116.4338898, 39.8999581], [116.4328807, 39.900205], [116.4325153, 39.9002917], [116.4322745, 39.9003494], [116.4320987, 39.9003837], [116.4318425, 39.900422], [116.4315596, 39.9004556], [116.4314417, 39.9004673], [116.4304245, 39.9005596], [116.4296872, 39.900629], [116.4296792, 39.9005811], [116.4289787, 39.9006496]]}, "properties": {"name": "Trans-Manchurian Railway", "kind": "route", "distance_km": 8231, "geometry_source": "TSR ArcGIS layer (Moscow to Karymskaya) + OSM rel 193204 (Karymskaya to Zabaikalsk border area, partial) + short cross-border segment to Manzhouli + OSM rel 538674 Binzhou (Manzhouli to Harbin) + OSM rel 198494 Jingha (Harbin to Beijing via Changchun, Shenyang, Shanhaiguan, Tianjin). Chinese segments stitched from shortest-path over relation ways.", "description": "Branch of the Trans-Siberian Railway diverging near Chita/Karymskaya, running via Manzhouli, Harbin and Shenyang to Beijing."}}, {"type": "Feature", "geometry": {"type": "Point", "coordinates": [37.6601435213654, 55.7758473547737]}, "properties": {"name": "Moscow", "kind": "stop", "segment": "shared-tsr", "description": "Moscow is the center of Russian politics, finance and culture and home to centuries of historical and cultural landmarks including the Moscow Kremlin, St Basil’s Cathedral, Red Square and the Tretyakov Gallery. Russia’s capital is the most populated city in Europe, with nearly 12 million inhabitants, and offers the rich diversity and exciting atmosphere of a major city."}}, {"type": "Feature", "geometry": {"type": "Point", "coordinates": [39.8500000169606, 57.6166670006593]}, "properties": {"name": "Yaroslavl", "kind": "stop", "segment": "shared-tsr", "description": "Yaroslavl (Russian: Ярослáвль, IPA: [jɪrɐˈsɫavlʲ]) is a city and the administrative center of Yaroslavl Oblast, Russia, located 250 kilometers (160 mi) northeast of Moscow. The historic part of the city is a World Heritage Site, and is located at the confluence of the Volga and the Kotorosl rivers. It is part of the Golden Ring, a group of historic cities northeast of Moscow that have played an important role in Russian history."}}, {"type": "Feature", "geometry": {"type": "Point", "coordinates": [49.6833329957541, 58.5999999781955]}, "properties": {"name": "Kirov", "kind": "stop", "segment": "shared-tsr", "description": "Kirov was the easternmost settlement founded during the era of Kievan Rus’, and lies on the bank of the Vyatka River, a navigable waterway which flows into the Volga. A significant center of agriculture as well as a place of exile for notable political dissidents during Imperial Russian times, today Kirov has a population of over half a million people."}}, {"type": "Feature", "geometry": {"type": "Point", "coordinates": [56.3166669675317, 58.000000023726]}, "properties": {"name": "Perm", "kind": "stop", "segment": "shared-tsr", "description": "Perm was once a village founded in the mid-16th century on the western slopes of the Ural Mountains. A century later it had transformed into the most vital military manufacturing hub in Imperial Russia. Here, nearly 1,300km east of Moscow, you will pass through the gateway to Siberia and continue on your journey."}}, {"type": "Feature", "geometry": {"type": "Point", "coordinates": [60.5833329989281, 56.8333329788032]}, "properties": {"name": "Yekaterinburg", "kind": "stop", "segment": "shared-tsr", "description": "Once a closed Soviet city, today Yekaterinburg is Russia’s fourth largest city, home to a thriving culture, art and music scene. The capital of the Urals is located in Sverdlovsk Region, which is rich in natural resources and industry. Yekaterinburg is famous for one of the darkest moments in Russian history: the last Tsar and his family were executed here."}}, {"type": "Feature", "geometry": {"type": "Point", "coordinates": [65.5353400003229, 57.1535299997731]}, "properties": {"name": "Tyumen", "kind": "stop", "segment": "shared-tsr", "description": "The first Russian settlement established in Siberia, Tyumen became one of Imperial Russia’s most thriving towns and was an important trading center between Russia and China, home to a diverse community of skilled craftsmen. Tyumen was the wealthiest town in Russia before the Soviet period, and is today an important center for Russia’s oil and gas industries."}}, {"type": "Feature", "geometry": {"type": "Point", "coordinates": [73.3666669852706, 54.9833330005959]}, "properties": {"name": "Omsk", "kind": "stop", "segment": "shared-tsr", "description": "In spring 1716 one of Peter the Great’s guardsmen, Ivan Buchholz, arrived at the confluence of the mighty River Irtysh and tranquil River Om on the southern border of the Russian Empire. There, he established a fortress town which grew into the Siberian city of Omsk – today one of Siberia’s hubs full of Imperial cultural and historical monuments."}}, {"type": "Feature", "geometry": {"type": "Point", "coordinates": [82.9101600001003, 55.0397600002217]}, "properties": {"name": "Novosibirsk", "kind": "stop", "segment": "shared-tsr", "description": "Not only is Novosibirsk the most populous city in Siberia, but it is the country’s most significant cultural and scientific hub after the two capitals. Founded in 1893, the capital of Siberia is a must-visit for culture and architecture lovers, and the surrounding region and nearby Altai Mountains offer rich and beautiful nature for outdoorsy travellers."}}, {"type": "Feature", "geometry": {"type": "Point", "coordinates": [92.866666981059, 56.016666999593]}, "properties": {"name": "Krasnoyarsk", "kind": "stop", "segment": "shared-tsr", "description": "Both Russian and foreign tourists alike are drawn to the vibrant northern city of Krasnoyarsk with its interesting religious architecture. Krasnoyarsk Province offers wild rivers, towering mountains, hunting and fishing spots and distinct ethnic culture, providing a unique opportunity for outdoor pursuits and exploration."}}, {"type": "Feature", "geometry": {"type": "Point", "coordinates": [104.283333019894, 52.2833329910593]}, "properties": {"name": "Irkutsk", "kind": "stop", "segment": "shared-tsr", "description": "Irkutsk was established in the mid-1600s as a fortress in the eastern Russian Empire. Many notable figures were exiled here during Tsarist times and greatly influenced the cultural and intellectual development of the city. Today, Irkutsk is an attractive student city with a population of nearly 620,000 people, home to fascinating historical, architectural and cultural attractions. Many tourists use Irkutsk as a base for venturing to Lake Baikal, which lies just 45 miles away."}}, {"type": "Feature", "geometry": {"type": "Point", "coordinates": [103.864790800845, 52.5092018532558]}, "properties": {"name": "Angarsk", "kind": "stop", "segment": "shared-tsr", "description": "This eastern Siberian city was founded in 1948 and is a major industrial center for oil and petrochemicals – it is not the most attractive city along the Trans-Siberian Railway."}}, {"type": "Feature", "geometry": {"type": "Point", "coordinates": [104.138510000267, 51.5152400002491]}, "properties": {"name": "Baikalsk", "kind": "stop", "segment": "shared-tsr", "description": "Baikalsk is a small town on the south-eastern shore of Lake Baikal which attracts tourists with its snowboard and ski resort on Mount Sobolinaya, so-called Pomegranate Beach with red sand, and relatively sunny and warm climate (for Siberia)."}}, {"type": "Feature", "geometry": {"type": "Point", "coordinates": [107.619156040228, 51.8307947627416]}, "properties": {"name": "Ulan Ude", "kind": "stop", "segment": "shared-tsr", "description": "Established in 1666, Ulan-Ude is the capital city of the Republic of Buryatiya. Between the 1400s and 1800s this region belonged to the Mongol Empire, whose eastern influence can still be felt in the city today. Ulan-Ude is the third-largest city in the Russian Far East.\r\n- Just after Ulan-Ude, the Trans-Siberian Railway separates into two different routes:\r\n1) the Trans-Mongolian travels south though the Mongolian capital Ulaanbaatar and terminates in Beijing.\r\n2) the Trans-Siberian continues eastwards to Vladivostok."}}, {"type": "Feature", "geometry": {"type": "Point", "coordinates": [113.512880000198, 52.0245000001988]}, "properties": {"name": "Chita", "kind": "stop", "segment": "shared-tsr", "description": "Chita was founded in 1653 and is the capital city and industrial and cultural center of the Zabaikalsky Province.\r\n- After passing through Karymskoye 100km eastward of Chita, the Trans-Siberian again splits off in two directions:\r\n1) the Trans-Siberian continues east to Vladivostok\r\n2) the Trans-Manchurian ventures south through Manchuria to China."}}, {"type": "Feature", "geometry": {"type": "Point", "coordinates": [114.34063, 51.623402]}, "properties": {"name": "Karymskaya", "kind": "stop", "segment": "trans-manchurian"}}, {"type": "Feature", "geometry": {"type": "Point", "coordinates": [117.329025, 49.644653]}, "properties": {"name": "Zabaikalsk", "kind": "stop", "segment": "trans-manchurian"}}, {"type": "Feature", "geometry": {"type": "Point", "coordinates": [117.4464324, 49.5914042]}, "properties": {"name": "Manzhouli", "kind": "stop", "segment": "trans-manchurian"}}, {"type": "Feature", "geometry": {"type": "Point", "coordinates": [119.817227, 49.2321432]}, "properties": {"name": "Hailar", "kind": "stop", "segment": "trans-manchurian"}}, {"type": "Feature", "geometry": {"type": "Point", "coordinates": [124.6567611, 47.7363891]}, "properties": {"name": "Qiqihar", "kind": "stop", "segment": "trans-manchurian"}}, {"type": "Feature", "geometry": {"type": "Point", "coordinates": [126.6276177, 45.7593633]}, "properties": {"name": "Harbin", "kind": "stop", "segment": "trans-manchurian"}}, {"type": "Feature", "geometry": {"type": "Point", "coordinates": [125.3181675, 43.8844844]}, "properties": {"name": "Changchun", "kind": "stop", "segment": "trans-manchurian"}}, {"type": "Feature", "geometry": {"type": "Point", "coordinates": [123.4279105, 41.8026095]}, "properties": {"name": "Shenyang", "kind": "stop", "segment": "trans-manchurian"}}, {"type": "Feature", "geometry": {"type": "Point", "coordinates": [119.7563671, 39.9987877]}, "properties": {"name": "Shanhaiguan", "kind": "stop", "segment": "trans-manchurian"}}, {"type": "Feature", "geometry": {"type": "Point", "coordinates": [117.4163641, 39.3032619]}, "properties": {"name": "Tianjin", "kind": "stop", "segment": "trans-manchurian"}}, {"type": "Feature", "geometry": {"type": "Point", "coordinates": [116.3912972, 39.9057136]}, "properties": {"name": "Beijing", "kind": "stop", "segment": "trans-manchurian"}}]}