{"type": "FeatureCollection", "name": "trans_mongolian_railway", "features": [{"type": "Feature", "geometry": {"type": "LineString", "coordinates": [[37.6601435213654, 55.7758473547737], [37.6601435213654, 55.7943802477959], [37.6491571254406, 55.8129043260145], [37.657394676596, 55.8314195916867], [37.6683810725208, 55.8499260470723], [37.7013402602951, 55.8622587905096], [37.7342994480695, 55.8792086622831], [37.7452858439943, 55.8976923688397], [37.7617699294579, 55.9161672732287], [37.780993876538, 55.934633377722], [37.8029666683876, 55.9530906845936], [37.8221906154677, 55.9715391961207], [37.8414235457007, 55.9899789145825], [37.8551498032421, 56.0099466116719], [37.8661361991669, 56.0283680179814], [37.8743827334751, 56.0467806382701], [37.8853691293999, 56.0667139704784], [37.8963555253247, 56.0851082957095], [37.910081782866, 56.1050268270582], [37.9238170235602, 56.1234028647995], [37.9375522642544, 56.1417701283778], [37.9540273665651, 56.1616593490968], [37.9732513136453, 56.1800083399708], [37.9924842438783, 56.1998727721341], [38.0117081909584, 56.2182035027105], [38.0281832932692, 56.2365254710487], [38.0501560851188, 56.2563656323108], [38.0721288769683, 56.2746693528299], [38.0968505135873, 56.292964318259], [38.1298097013616, 56.303631093256], [38.162768889136, 56.3112505309216], [38.1957280769103, 56.326484847409], [38.2286872646847, 56.3447500397698], [38.261646452459, 56.3614937473446], [38.2946056402334, 56.3782251301825], [38.3275648280077, 56.3843079004586], [38.3605240157821, 56.3843079004586], [38.3934832035564, 56.3843079004586], [38.4291912361002, 56.3858296845316], [38.4648902854911, 56.3858296845316], [38.4978494732654, 56.3858296845316], [38.5308086610397, 56.3858296845316], [38.5637678488141, 56.3858296845316], [38.6022247261273, 56.3858296845316], [38.637932758671, 56.3858296845316], [38.6708829632925, 56.3873464349516], [38.7093398406057, 56.3888680976244], [38.74229902838, 56.3995080915533], [38.7752582161543, 56.4177432940345], [38.8082174039287, 56.4253399583299], [38.8329390405477, 56.443562783738], [38.8384277469336, 56.4617768756402], [38.846665298089, 56.4799822363822], [38.8604005387832, 56.5012132708191], [38.8768846242468, 56.5375724940798], [38.8988574160964, 56.5739017898777], [38.964775791645, 56.5981019489297], [39.0306941671937, 56.6011283519625], [39.0966035595896, 56.6222866173323], [39.1625219351383, 56.6404149562697], [39.2064675188374, 56.6766455126183], [39.228440310687, 56.7128412560874], [39.228440310687, 56.7490022056962], [39.2339380002258, 56.7851283805011], [39.2504131025365, 56.8212197995957], [39.3053450821604, 56.85727648211], [39.3383042699348, 56.8932984472109], [39.321829167624, 56.9292857141019], [39.3108427716993, 56.9652383020225], [39.3108427716993, 57.0011562302484], [39.3108427716993, 57.0370395180913], [39.3108427716993, 57.0728881848985], [39.3108427716993, 57.1087022500532], [39.3108427716993, 57.1444817329735], [39.3108427716993, 57.1802266531132], [39.3767611472479, 57.2099876984978], [39.4426795227966, 57.2397247667811], [39.4866251064958, 57.2753776148779], [39.5140866047313, 57.3109959718223], [39.5525434820445, 57.3465750103155], [39.5635298779692, 57.3821244485298], [39.58000498028, 57.4176394545384], [39.6294482535179, 57.453120048059], [39.6733938372171, 57.488566248843], [39.6953666290666, 57.5239780766757], [39.7338145232269, 57.5593555513751], [39.7997328987756, 57.5858685327392], [39.8491671888607, 57.6211859349056], [39.8986104620987, 57.6564690386114], [39.9645288376474, 57.6799720628948], [39.9974880254217, 57.715198046831], [40.0249495236572, 57.7503849920679], [40.0524200050456, 57.7855425102753], [40.0853791928199, 57.8206658233589], [40.1293247765191, 57.855754951411], [40.1403111724439, 57.8908099145558], [40.1512975683686, 57.9258307329488], [40.1567862747546, 57.9608174267774], [40.1457998788298, 58.0277823258507], [40.1457998788298, 58.0975228349028], [40.2007318584537, 58.1671225064473], [40.2776366299272, 58.2365909890273], [40.4094733810246, 58.2712743052846], [40.541310132122, 58.3059236988296], [40.6731468832193, 58.3232356809962], [40.8049836343167, 58.3347722950703], [40.9478067813389, 58.3347722950703], [41.0906299283611, 58.3520701570292], [41.2224576963056, 58.4039129410131], [41.354294447403, 58.4556795762388], [41.4861311985004, 58.4729182114026], [41.6179679495977, 58.4499314861484], [41.7498047006951, 58.426929731391], [41.8816414517925, 58.426929731391], [42.0134782028899, 58.426929731391], [42.1453149539873, 58.4096685485313], [42.2771517050846, 58.3463051441363], [42.408988456182, 58.3405391901817], [42.5408252072794, 58.3405391901817], [42.6836393711487, 58.3463051441363], [42.8154761222461, 58.3693595502907], [42.9473128733435, 58.3751207998896], [43.0791496244409, 58.3808811089033], [43.2109863755383, 58.3808811089033], [43.3428231266356, 58.3808811089033], [43.4856462736578, 58.3693595502907], [43.6174830247552, 58.3578342289557], [43.7493197758526, 58.3463051441363], [43.8811565269499, 58.3463051441363], [44.0129932780473, 58.3347722950703], [44.1558074419166, 58.3347722950703], [44.3206033807884, 58.3347722950703], [44.4634265278105, 58.3347722950703], [44.5952632789079, 58.3347722950703], [44.7380864259301, 58.3347722950703], [44.8699231770275, 58.3347722950703], [45.0127463240496, 58.3405391901817], [45.144583075147, 58.3520701570292], [45.2874062221692, 58.3578342289557], [45.4192429732665, 58.3578342289557], [45.5730525162135, 58.3635973600111], [45.704880284158, 58.3693595502907], [45.8806626189545, 58.3751207998896], [46.0344721619015, 58.3751207998896], [46.1882817048484, 58.3751207998896], [46.3311048518706, 58.3751207998896], [46.462941602968, 58.3751207998896], [46.6167511459149, 58.3693595502907], [46.7485878970123, 58.3693595502907], [46.8804246481097, 58.3635973600111], [47.0232477951318, 58.3578342289557], [47.1660619590012, 58.3405391901817], [47.3088851060233, 58.3405391901817], [47.4407218571207, 58.3290044587068], [47.5725586082181, 58.3290044587068], [47.7043953593155, 58.2828278713105], [47.8582049022624, 58.2712743052846], [47.9900416533598, 58.2712743052846], [48.1218784044572, 58.2712743052846], [48.2537151555546, 58.2886032411144], [48.3855519066519, 58.2943776689055], [48.539352466446, 58.3001511547789], [48.6711892175434, 58.3290044587068], [48.8030259686408, 58.3405391901817], [48.9348627197382, 58.3751207998896], [49.0776858667603, 58.3808811089033], [49.1985362219329, 58.4499314861484], [49.3303729730303, 58.4901483959149], [49.4622097241277, 58.5073701323609], [49.5940464752251, 58.5073701323609], [49.7258832263225, 58.4958899132766], [49.8577199774198, 58.4901483959149], [49.9895477453644, 58.4844059398792], [50.1323708923865, 58.4671729387702], [50.2751940394087, 58.43843248784], [50.4070307905061, 58.43843248784], [50.4509763742052, 58.43843248784], [50.560840333453, 58.43843248784], [50.6926770845504, 58.444182456714], [50.8355002315726, 58.4556795762388], [50.96733698267, 58.4556795762388], [51.0991737337673, 58.426929731391], [51.2419968807895, 58.4154232160367], [51.3848200278117, 58.4039129410131], [51.527634191681, 58.3808811089033], [51.6594709427784, 58.3520701570292], [51.8022940898005, 58.3290044587068], [51.9451172368227, 58.2828278713105], [52.0989267797696, 58.2423738983507], [52.2417499267918, 58.2076622975135], [52.3735866778892, 58.1671225064473], [52.5054234289866, 58.1497341521282], [52.6372601800839, 58.1381371946426], [52.7690969311813, 58.1207346746166], [52.9009246991259, 58.0510442944039], [52.9888158665241, 57.9812129620579], [53.0767070339224, 57.9112452595974], [53.2085437850198, 57.8878923596665], [53.3623533279667, 57.8937320071838], [53.5051764749889, 57.8937320071838], [53.6370132260862, 57.8937320071838], [53.7798363731084, 57.8937320071838], [53.9226595201306, 57.9054084570558], [54.0544962712279, 57.9287499787659], [54.1973194182501, 57.9870374460994], [54.3291471861946, 58.0510442944039], [54.460983937292, 58.0684808386644], [54.5928206883894, 58.0684808386644], [54.7356438354116, 58.1265364592575], [54.867480586509, 58.1555312143947], [54.9993173376063, 58.1960842181878], [55.1311540887037, 58.2365909890273], [55.2739772357259, 58.2365909890273], [55.4277867786728, 58.2134499221184], [55.5815963216198, 58.1729167364225], [55.7134330727172, 58.1497341521282], [55.8452608406617, 58.1149319452178], [55.9880839876839, 58.0684808386644], [56.1199207387812, 58.004505217072], [56.2517574898786, 57.934582989315], [56.3396486572769, 57.8586798925324], [56.4055670328256, 57.7826164184216], [56.4604990124495, 57.7122614571506], [56.5044445961486, 57.6417695083965], [56.6252949513212, 57.5711404123422], [56.7681180983434, 57.5298767075574], [56.8999548494407, 57.4944706066242], [57.0317916005381, 57.4590301360402], [57.1746147475603, 57.4117226771593], [57.3174289114296, 57.3880460067912], [57.4602520584518, 57.3880460067912], [57.5920888095491, 57.3880460067912], [57.7349119565713, 57.3880460067912], [57.8777351035935, 57.4117226771593], [58.0205582506156, 57.4058049437863], [58.1743677935626, 57.3643540346794], [58.30620454466, 57.3287873729786], [58.4490276916821, 57.3109959718223], [58.5808644427795, 57.293191103519], [58.7236786066488, 57.2872542319084], [58.8555153577462, 57.2516128830397], [58.9873521088436, 57.2218854024301], [59.119188859941, 57.1861807809007], [59.2620120069631, 57.1504416193307], [59.3938487580605, 57.1087022500532], [59.5366719050827, 57.0549681779138], [59.6685086561801, 57.0191022030093], [59.8003454072774, 56.9891874373923], [59.9321821583748, 56.9712270297956], [60.0640189094722, 56.9532579580788], [60.2068330733415, 56.9412737623432], [60.3496562203637, 56.9232902450686], [60.4814929714611, 56.8872971964778], [60.6133297225584, 56.8512694464738], [60.7451664736558, 56.8272316584267], [60.887989620678, 56.7851283805011], [61.0527855595497, 56.7490022056962], [61.1846223106471, 56.7309260789341], [61.3164590617445, 56.7309260789341], [61.4592822087666, 56.7369524206355], [61.6130827685607, 56.7490022056962], [61.7449195196581, 56.7670696387567], [61.8877426666803, 56.7791097654741], [62.0305658137025, 56.7851283805011], [62.1843753566494, 56.8152069758595], [62.3271985036715, 56.8272316584267], [62.4590352547689, 56.8452614463762], [62.5908720058663, 56.85727648211], [62.7227087569637, 56.8932984472109], [62.8545455080611, 56.911296416731], [62.9863822591585, 56.9172938126414], [63.1511692148773, 56.9412737623432], [63.2939923618995, 56.95924861148], [63.4258291129969, 56.9772147948887], [63.5686522600191, 57.0071391832823], [63.7114754070412, 57.048992919519], [63.8433121581386, 57.0788595981262], [63.9861353051608, 57.0788595981262], [64.1179720562581, 57.0788595981262], [64.2717815992051, 57.0788595981262], [64.4036183503025, 57.0788595981262], [64.535446118247, 57.0788595981262], [64.689255661194, 57.0788595981262], [64.8210924122913, 57.0788595981262], [64.9639155593135, 57.0788595981262], [65.1177251022604, 57.0788595981262], [65.2495618533578, 57.0907995414696], [65.3813986044552, 57.1265963130776], [65.5132353555526, 57.1325590799371], [65.64507210665, 57.102735641263], [65.7659224618226, 57.0131211741728], [65.7988816495969, 56.9412737623432], [65.842827233296, 56.8692876603531], [65.9087456088447, 56.7971627143343], [66.0405733767893, 56.7369524206355], [66.1724101278866, 56.6947477347749], [66.3152332749088, 56.6464558006949], [66.4470700260062, 56.592053361634], [66.5898931730283, 56.5496861345744], [66.7327163200505, 56.5315191743292], [66.8755394670727, 56.5193997209175], [67.0183626140948, 56.507276390299], [67.161185761117, 56.4951491817761], [67.3149953040639, 56.4890841230826], [67.4578094679333, 56.4830180946518], [67.5896462190306, 56.4526734033909], [67.7434557619776, 56.434454946219], [67.9082517008493, 56.4162277543695], [68.0400884519467, 56.4162277543695], [68.1719252030441, 56.4162277543695], [68.325734745991, 56.4162277543695], [68.4575714970884, 56.404071439381], [68.6003946441106, 56.3371422652121], [68.732231395208, 56.2761955144853], [68.8860319550021, 56.2517895815609], [69.0728006857234, 56.2029310009372], [69.2485830205199, 56.1662461684316], [69.4133789593916, 56.13564868195], [69.545215710489, 56.111153148021], [69.7100116493607, 56.0743805931027], [69.8418484004581, 56.0621152709999], [69.9846715474802, 56.0437099694491], [70.1274946945024, 56.0130149454826], [70.2593314455998, 55.982295510608], [70.4131320053939, 55.9453999514707], [70.5669415483408, 55.90231066105], [70.709764695363, 55.8591734508122], [70.8416014464604, 55.8098150676842], [70.9954109894073, 55.7418449543389], [71.1272477405047, 55.7047254290621], [71.2590844916021, 55.6613687966636], [71.412894034549, 55.6055539038157], [71.5447307856464, 55.5558738946147], [71.6765675367438, 55.5185726201831], [71.8193817006131, 55.4750097340065], [71.9512184517105, 55.4126934195377], [72.0830552028079, 55.3752563801243], [72.2148919539052, 55.3440317608663], [72.3467287050026, 55.3065296988698], [72.4126470805513, 55.262732434439], [72.5444838316487, 55.2314190823716], [72.6873069786708, 55.1938104929911], [72.8191437297682, 55.1247690844668], [72.9509804808656, 55.0556081022091], [73.0938036278878, 55.0052340412299], [73.2256403789852, 54.9674119292474], [73.3574681469297, 54.9484875066169], [73.544236877651, 54.954796637826], [73.6760736287484, 54.954796637826], [73.8079103798458, 54.9611047786765], [73.9397471309431, 54.9737180896178], [74.0715838820405, 54.9800232598666], [74.247366216837, 54.9926306303163], [74.401175759784, 55.0178334932412], [74.5439989068061, 55.0493148072372], [74.7527314462241, 55.0996334769439], [74.961472968795, 55.1373309586305], [75.1152825117419, 55.1436104135927], [75.2471192628393, 55.1624428509616], [75.3899424098615, 55.1687183545122], [75.5217791609589, 55.1812663987359], [75.6865750998306, 55.2000810590813], [75.818411850928, 55.2063506379202], [75.9722213938749, 55.2063506379202], [76.1040581449723, 55.2126192295882], [76.2578587047664, 55.2376837261608], [76.3896954558638, 55.2689921451921], [76.5435049988107, 55.3002759050957], [76.6863281458329, 55.3440317608663], [76.8401376887798, 55.3752563801243], [76.982960835802, 55.3877393323449], [77.1367703787489, 55.3877393323449], [77.2686071298463, 55.3877393323449], [77.4224166727933, 55.3877393323449], [77.5652398198154, 55.3877393323449], [77.69706758776, 55.3877393323449], [77.8838363184813, 55.3877393323449], [78.0156730695786, 55.3877393323449], [78.1804690084504, 55.3814983486877], [78.3123057595477, 55.3752563801243], [78.4551289065699, 55.3690134265732], [78.5869656576673, 55.3690134265732], [78.7407752006142, 55.3690134265732], [78.8945847435612, 55.3690134265732], [79.0374078905833, 55.3690134265732], [79.1692356585279, 55.3627694879531], [79.3010724096253, 55.3315350159746], [79.4329091607226, 55.3127825067637], [79.5757323077448, 55.2940211253606], [79.718555454767, 55.2815086076836], [79.8613786017891, 55.2689921451921], [80.0042017488113, 55.2502100535144], [80.1580112917582, 55.2251534517335], [80.32280723063, 55.2188868341658], [80.4656303776521, 55.2126192295882], [80.630417333371, 55.2000810590813], [80.7622540844684, 55.1687183545122], [80.8501452518666, 55.0870597423068], [80.981982002964, 55.0744820529017], [81.1138187540614, 55.0744820529017], [81.2456555051588, 55.0744820529017], [81.3774922562562, 55.0807713919901], [81.5093290073536, 55.0807713919901], [81.6411657584509, 55.0681917249617], [81.7949753013979, 55.0619004080908], [81.9268120524953, 55.0493148072372], [82.0586398204398, 55.0493148072372], [82.1904765715372, 55.0430205230955], [82.3223133226346, 55.0430205230955], [82.4541500737319, 55.0367252497045], [82.5969732207541, 55.0241317348567], [82.7288099718515, 55.0115342620587], [82.8606467229489, 55.0115342620587], [82.9101600001003, 55.0397600002217], [83.0913610373693, 55.1059188614238], [83.1902386006923, 55.1875389395695], [83.3220753517897, 55.262732434439], [83.464889515659, 55.2752508695801], [83.618699058606, 55.2940211253606], [83.7615222056281, 55.3190343288585], [83.8823725608007, 55.393979331177], [83.9922365200485, 55.4687825304791], [84.1240732711459, 55.4999087121128], [84.2559100222433, 55.5247919565469], [84.4097195651903, 55.5620873340535], [84.5525427122124, 55.5993473403772], [84.6953658592346, 55.6427726662644], [84.827202610332, 55.6861499006218], [84.9590303782765, 55.7232870726023], [85.0908671293739, 55.7665750751995], [85.2227038804713, 55.8159882919443], [85.3545406315686, 55.8406713985213], [85.486377382666, 55.877666696211], [85.6182141337634, 55.9084692071607], [85.7610372807856, 55.9700008992343], [85.9038604278077, 56.0130149454826], [86.0466835748299, 56.0498460458654], [86.1785203259273, 56.0621152709999], [86.3103570770246, 56.1050268270582], [86.4421848449692, 56.1172784939064], [86.5850079919913, 56.1172784939064], [86.7717767227126, 56.1172784939064], [86.9145998697348, 56.1172784939064], [87.0464366208322, 56.1172784939064], [87.2332053515535, 56.1172784939064], [87.3650421026509, 56.1172784939064], [87.4968788537482, 56.1172784939064], [87.66167479262, 56.13564868195], [87.8044889564893, 56.13564868195], [87.969284895361, 56.1478906001546], [88.1780264179319, 56.1540100973655], [88.4087407323523, 56.1540100973655], [88.5955094630736, 56.1540100973655], [88.7383326100957, 56.1540100973655], [88.9141149448922, 56.1601286200961], [89.0569380919144, 56.1662461684316], [89.1887748430118, 56.1784783422595], [89.3315890068811, 56.1784783422595], [89.4744121539033, 56.1907066195333], [89.6062489050007, 56.1968192971762], [89.7600584479476, 56.2151514871563], [89.891895199045, 56.2151514871563], [90.0347183460671, 56.239580776782], [90.1775414930893, 56.2456856657694], [90.3643102238106, 56.2517895815609], [90.5291061626823, 56.2639944938996], [90.6719293097045, 56.2639944938996], [90.8257298694986, 56.2639944938996], [90.9795394124455, 56.2700954906186], [91.1443353513173, 56.2700954906186], [91.2871584983394, 56.2517895815609], [91.4409680412864, 56.2273680788759], [91.5837911883085, 56.1907066195333], [91.7266143353307, 56.1417701283778], [91.8804238782776, 56.1050268270582], [92.0342334212246, 56.0866420128536], [92.1880339810187, 56.0743805931027], [92.3308571280408, 56.0621152709999], [92.4626938791382, 56.0559811463541], [92.6055170261604, 56.0437099694491], [92.7373537772578, 56.0252958837853], [92.8691905283551, 56.0130149454826], [93.0010272794525, 55.9638521280471], [93.1328640305499, 55.9269389786005], [93.2647007816473, 55.8961511369838], [93.3965375327447, 55.8715032594818], [93.5283742838421, 55.8468397279683], [93.6711884477114, 55.8406713985213], [93.8140115947335, 55.8406713985213], [93.9458483458309, 55.8406713985213], [94.0996578887779, 55.8406713985213], [94.2314946398752, 55.8406713985213], [94.3743177868974, 55.853007078704], [94.5061545379948, 55.877666696211], [94.594045705393, 55.9330936137304], [94.7368688524152, 55.9515516542497], [94.8796919994374, 55.957702379747], [95.0115287505348, 55.957702379747], [95.1433565184793, 55.9945862145441], [95.2751932695767, 56.0743805931027], [95.3740708328997, 56.1478906001546], [95.5059075839971, 56.1968192971762], [95.6377443350945, 56.2456856657694], [95.8025402739662, 56.2578925242423], [95.9343770250636, 56.2578925242423], [96.0772001720857, 56.2578925242423], [96.2200233191079, 56.2578925242423], [96.3628464661301, 56.2578925242423], [96.5056696131522, 56.2578925242423], [96.6594701729463, 56.2517895815609], [96.7913069240437, 56.2151514871563], [96.9341300710659, 56.1723627424576], [97.0879396140128, 56.1417701283778], [97.230762761035, 56.111153148021], [97.3625995121324, 56.0805117907296], [97.4944362632297, 56.0621152709999], [97.6482458061767, 56.0498460458654], [97.7910689531988, 56.0130149454826], [97.9229057042962, 55.9700008992343], [98.0547334722408, 55.9146267753998], [98.1536110355638, 55.8406713985213], [98.2195294111125, 55.7542119746994], [98.3513661622099, 55.6799560961594], [98.494189309232, 55.6365719933219], [98.6150396644046, 55.5620873340535], [98.6370124562542, 55.4812359538517], [98.7029308318029, 55.4002183452655], [98.746876415502, 55.3252851652351], [98.746876415502, 55.2439473831815], [98.8127947910507, 55.1561663596782], [98.8787131665994, 55.0744820529017], [98.9336451462233, 54.9926306303163], [99.0544955013959, 54.9169269924292], [99.2083050443429, 54.8600608083576], [99.4060601709889, 54.803109146429], [99.5488743348582, 54.7714346093599], [99.6916974818804, 54.7270485646516], [99.8235342329778, 54.7080110779348], [99.9773437759247, 54.7016632623091], [100.120166922947, 54.7016632623091], [100.284962861819, 54.6953144531941], [100.416799612916, 54.6762620641381], [100.548636364013, 54.6254119604876], [100.680473115111, 54.5935983296576], [100.823296262133, 54.510766473685], [100.955124030077, 54.4660950098812], [101.0979471771, 54.4533227686541], [101.229783928197, 54.4469351533506], [101.361620679294, 54.3894017612363], [101.493457430392, 54.3125649094569], [101.614307785564, 54.2291627832764], [101.746144536662, 54.1520263402625], [101.888967683684, 54.0940795131907], [102.009818038857, 54.0166962593305], [102.141654789954, 53.9391635110486], [102.262505145126, 53.855006798397], [102.361373725297, 53.7706805119662], [102.43827849677, 53.6861844930974], [102.515183268244, 53.6015185842873], [102.614060831567, 53.5232145125823], [102.71293839489, 53.4382214539537], [102.811815958213, 53.3596151338414], [102.910693521536, 53.2677241529816], [102.976611897084, 53.1888029408815], [103.086475856332, 53.1097415984987], [103.185353419655, 53.0305292333875], [103.328176566677, 52.9511711114875], [103.438040525925, 52.8716671171154], [103.547904485173, 52.7920171354976], [103.646782048496, 52.7055647808291], [103.778618799594, 52.6456126306645], [103.910446567538, 52.5922527423424], [104.009324130861, 52.5054041515469], [104.097215298259, 52.4250836190905], [104.141160881958, 52.3446164756122], [104.207079257507, 52.2572836631719], [104.174120069733, 52.1697730342481], [104.042283318635, 52.0888409206191], [103.987351339012, 52.0077617498159], [103.921432963463, 51.9265354172855], [103.855514587914, 51.8451618194675], [103.82255540014, 51.7636408538004], [103.756646007744, 51.6819724187295], [103.82255540014, 51.6001564137136], [103.965378547162, 51.5865060587967], [104.119188090109, 51.5796793429706], [104.262011237131, 51.538697507269], [104.393847988228, 51.5250286880026], [104.536671135251, 51.4703123619959], [104.679494282273, 51.456623015997], [104.81133103337, 51.456623015997], [104.943167784468, 51.456623015997], [105.096977327414, 51.463468202306], [105.228814078512, 51.5045177631346], [105.360641846456, 51.538697507269], [105.492478597554, 51.5660228342974], [105.624315348651, 51.6206242551099], [105.745165703824, 51.6479003562215], [105.877002454921, 51.6955940697848], [106.008839206019, 51.7500396916139], [106.140675957116, 51.8180045434864], [106.261526312289, 51.9062058279752], [106.349417479687, 51.9874689671575], [106.492240626709, 52.000998510967], [106.646050169656, 52.0077617498159], [106.7778779376, 52.0145239667077], [106.931687480547, 52.048319723922], [107.063524231645, 52.0618308752208], [107.206347378667, 52.0820899412678], [107.338184129764, 52.1023398156897], [107.470020880862, 52.0145239667077], [107.513966464561, 51.9333099016238], [107.645803215658, 51.8723027212348], [107.6753844, 51.8240233], [107.675449, 51.8240197], [107.6800375, 51.8238072], [107.6831104, 51.8236564], [107.6853678, 51.823551], [107.6863367, 51.8235153], [107.6877883, 51.8235132], [107.6889238, 51.8235447], [107.6917617, 51.8236414], [107.6919975, 51.8236495], [107.6947689, 51.8237541], [107.6952594, 51.8237662], [107.6962492, 51.8237042], [107.6973446, 51.8235884], [107.6984956, 51.823468], [107.699286, 51.8233314], [107.6999326, 51.8231496], [107.7006395, 51.8228365], [107.7011834, 51.8224948], [107.7015846, 51.8221242], [107.7018421, 51.8217875], [107.7020279, 51.8214299], [107.7021673, 51.8210593], [107.7021926, 51.8207017], [107.7022011, 51.8203833], [107.7021419, 51.8200727], [107.7019941, 51.8197308], [107.7018252, 51.8194176], [107.7016015, 51.8191304], [107.7013458, 51.8188576], [107.7009554, 51.8185414], [107.7004396, 51.8182248], [107.6999477, 51.8180112], [107.6993783, 51.8178104], [107.6985306, 51.8175618], [107.6983763, 51.8175241], [107.6958142, 51.8168654], [107.6932051, 51.8162072], [107.6922669, 51.8159677], [107.6913932, 51.8156751], [107.6904328, 51.8152354], [107.6899428, 51.8149349], [107.6896937, 51.8147385], [107.6893911, 51.8145083], [107.6891245, 51.8142443], [107.6888305, 51.8139262], [107.6885478, 51.8135392], [107.6877013, 51.8124277], [107.6872957, 51.8119177], [107.6867513, 51.8113698], [107.686446, 51.8111023], [107.6861071, 51.8108405], [107.6857594, 51.8106147], [107.6853893, 51.8103858], [107.6849359, 51.8101454], [107.6844332, 51.8099111], [107.6840481, 51.8097623], [107.6836389, 51.8096219], [107.6831442, 51.8094672], [107.6825592, 51.8093145], [107.6820955, 51.8092151], [107.6814678, 51.809109], [107.6807329, 51.809041], [107.6797975, 51.8089768], [107.6722124, 51.8089326], [107.6695849, 51.8088991], [107.6689526, 51.8088668], [107.6684188, 51.8088144], [107.6678328, 51.8087294], [107.6673004, 51.8086272], [107.6667857, 51.8084942], [107.6663616, 51.8083594], [107.6657972, 51.8081524], [107.6652163, 51.8078801], [107.6646892, 51.8076013], [107.6642923, 51.8073278], [107.6639194, 51.8070394], [107.6636633, 51.8068062], [107.6632614, 51.8063707], [107.6620468, 51.8048652], [107.6614158, 51.8040695], [107.6609568, 51.8035453], [107.6603632, 51.8030679], [107.65952, 51.8025759], [107.6576349, 51.8019092], [107.6564545, 51.8016772], [107.6556639, 51.8016187], [107.6552133, 51.8016057], [107.6546856, 51.8016091], [107.6535906, 51.8016478], [107.6526141, 51.801693], [107.6522639, 51.8017211], [107.651664, 51.8017837], [107.6507629, 51.8019299], [107.6457406, 51.8030308], [107.6446305, 51.8032362], [107.6425561, 51.8034086], [107.6416799, 51.8034242], [107.6405284, 51.8034001], [107.6394686, 51.803307], [107.6382966, 51.803177], [107.6362523, 51.8027727], [107.633581, 51.8020235], [107.6325057, 51.8018665], [107.6314766, 51.8018275], [107.6302284, 51.8019146], [107.6294718, 51.8020288], [107.6291375, 51.8020912], [107.6284446, 51.8022245], [107.6272192, 51.802474], [107.626398, 51.802599], [107.6254097, 51.8026989], [107.6243475, 51.8028051], [107.6237258, 51.8028188], [107.6228205, 51.802811], [107.6222165, 51.8027922], [107.6216157, 51.8027627], [107.6205151, 51.8026591], [107.6196375, 51.8025372], [107.6190517, 51.80243], [107.6190115, 51.8024216], [107.6179934, 51.802208], [107.6173738, 51.8020413], [107.6165073, 51.8017724], [107.6158825, 51.8015586], [107.6153098, 51.8013571], [107.6146929, 51.8010992], [107.6141319, 51.8008382], [107.6137152, 51.8006157], [107.6133196, 51.8003859], [107.6126343, 51.7999265], [107.6120496, 51.7995027], [107.6115307, 51.7990961], [107.609959, 51.7975848], [107.6091194, 51.7969568], [107.6081617, 51.7965683], [107.6069989, 51.796309], [107.6056812, 51.7963404], [107.6043781, 51.7963415], [107.6039363, 51.7963286], [107.6038559, 51.7963262], [107.6034675, 51.7962883], [107.602971, 51.796194], [107.6023717, 51.7960343], [107.6017079, 51.7957948], [107.6008792, 51.7952581], [107.5974951, 51.7916751], [107.5967865, 51.7912448], [107.5965008, 51.7910748], [107.5950811, 51.7903346], [107.5939368, 51.7897934], [107.5907857, 51.788902], [107.5890014, 51.7885592], [107.5872306, 51.7883251], [107.5856356, 51.7881997], [107.5841081, 51.7881997], [107.5811154, 51.7881683], [107.579932, 51.7881114], [107.5786016, 51.7879322], [107.5772284, 51.7875672], [107.5754697, 51.7869355], [107.572416, 51.7857826], [107.5695792, 51.7846901], [107.5687184, 51.7843781], [107.5678235, 51.7840086], [107.5669835, 51.7835553], [107.5664009, 51.7831508], [107.5629154, 51.7799791], [107.5626661, 51.779782], [107.5623907, 51.7796013], [107.5621042, 51.7794468], [107.5617558, 51.7792911], [107.5611424, 51.7790774], [107.5605476, 51.7789197], [107.560048, 51.7787892], [107.5583328, 51.7783022], [107.5569956, 51.7779031], [107.5561059, 51.7775943], [107.5553861, 51.7773008], [107.5544592, 51.7768566], [107.5538445, 51.7765209], [107.553144, 51.7760797], [107.5530542, 51.7760232], [107.5524303, 51.7755759], [107.5517765, 51.7750414], [107.551362, 51.7746364], [107.5509072, 51.7741528], [107.5505517, 51.773723], [107.5492976, 51.7722219], [107.5490253, 51.7719043], [107.5489478, 51.7718066], [107.5484531, 51.7712085], [107.5481358, 51.7709121], [107.5478898, 51.7706989], [107.547596, 51.7705091], [107.5472943, 51.7703479], [107.5469594, 51.7701935], [107.5464655, 51.7700292], [107.5459722, 51.7698961], [107.5454397, 51.7698075], [107.5451097, 51.7697861], [107.5447704, 51.7697792], [107.5441285, 51.7697921], [107.543382, 51.7698826], [107.540447, 51.7705053], [107.5397931, 51.7706254], [107.5393423, 51.7706624], [107.5389064, 51.770679], [107.5384585, 51.7706716], [107.5380256, 51.7706254], [107.5373836, 51.7705145], [107.5369328, 51.7703963], [107.5365864, 51.7702854], [107.5361804, 51.7701007], [107.535828, 51.7699085], [107.5353354, 51.7695482], [107.5350786, 51.7692914], [107.5348557, 51.7689802], [107.5334335, 51.7660006], [107.5332581, 51.7655198], [107.5331832, 51.7649997], [107.533229, 51.7645491], [107.5333621, 51.7640805], [107.533645, 51.7635784], [107.5341609, 51.7630093], [107.534864, 51.7624094], [107.5364658, 51.7612017], [107.5369026, 51.7607665], [107.5373145, 51.7601613], [107.537431, 51.7597133], [107.5375808, 51.7586987], [107.5377056, 51.7582531], [107.5379968, 51.7578102], [107.538313, 51.7575037], [107.5386833, 51.7572462], [107.5400479, 51.7563912], [107.5404556, 51.7560667], [107.5407552, 51.7557371], [107.5409798, 51.755325], [107.541113, 51.754864], [107.5411338, 51.7544004], [107.5410423, 51.7539806], [107.5407685, 51.7534866], [107.5403849, 51.7530973], [107.539817, 51.7527036], [107.5391576, 51.7523658], [107.5383568, 51.7521504], [107.5376432, 51.7520361], [107.5366946, 51.7519872], [107.5349805, 51.7518945], [107.5345062, 51.7518146], [107.5332456, 51.7514669], [107.5318436, 51.7510316], [107.5303292, 51.7508359], [107.5288106, 51.7508333], [107.5280742, 51.7508153], [107.5274751, 51.7507226], [107.5265723, 51.7505062], [107.5260315, 51.7502693], [107.5249747, 51.7496021], [107.5240802, 51.748814], [107.5234894, 51.7485126], [107.5228487, 51.7482653], [107.5221456, 51.7480902], [107.52143, 51.7480026], [107.5198823, 51.7479356], [107.5190336, 51.7478712], [107.5183472, 51.7477734], [107.5174693, 51.7475209], [107.5169909, 51.7473432], [107.5166164, 51.7471655], [107.5159549, 51.7467147], [107.5155597, 51.7463515], [107.5153267, 51.7460681], [107.5152268, 51.7459265], [107.5150687, 51.7456405], [107.5149332, 51.7453065], [107.5143323, 51.742691], [107.5141466, 51.7420487], [107.5137582, 51.7413333], [107.5136553, 51.7411771], [107.5130011, 51.7404029], [107.5084664, 51.7363852], [107.5059582, 51.734136], [107.5034244, 51.7319023], [107.5023332, 51.7307537], [107.5002661, 51.7278664], [107.499708, 51.7269871], [107.4955423, 51.721027], [107.4952714, 51.7206578], [107.4950524, 51.7203711], [107.4947875, 51.7200663], [107.4945542, 51.719809], [107.4942423, 51.719494], [107.4939641, 51.7192429], [107.4936809, 51.7190031], [107.4933255, 51.7187292], [107.4928808, 51.718404], [107.4917378, 51.7176048], [107.4914375, 51.7173935], [107.4911492, 51.7172056], [107.4908913, 51.7170512], [107.4906129, 51.716894], [107.4902727, 51.716711], [107.4792746, 51.7109776], [107.4783146, 51.7104771], [107.4779331, 51.7102782], [107.4665891, 51.7043637], [107.4657467, 51.7039343], [107.4651235, 51.7036218], [107.4646918, 51.7034084], [107.4631548, 51.7027474], [107.461915, 51.7022987], [107.4597432, 51.7018346], [107.4577795, 51.7013447], [107.4566312, 51.7009167], [107.4559905, 51.7004371], [107.4554829, 51.699844], [107.4515638, 51.6934384], [107.4509314, 51.692541], [107.4505229, 51.6920711], [107.4501767, 51.6917007], [107.4472731, 51.6885994], [107.4471564, 51.6884768], [107.4447907, 51.6859899], [107.4426797, 51.6836738], [107.4419175, 51.6828678], [107.4415071, 51.6824313], [107.4407675, 51.68161], [107.4400208, 51.6808805], [107.4398211, 51.6807051], [107.4391949, 51.6801344], [107.4381548, 51.6793141], [107.4329251, 51.6753669], [107.4320847, 51.6744227], [107.431604, 51.6735212], [107.4314098, 51.6726163], [107.4314065, 51.6715983], [107.4314334, 51.6695257], [107.4314039, 51.6690148], [107.4312392, 51.6685149], [107.430998, 51.6680441], [107.430592, 51.6675077], [107.4304214, 51.6673636], [107.4303155, 51.6672705], [107.4295094, 51.6666319], [107.4276031, 51.665059], [107.4267617, 51.6642123], [107.4264087, 51.6637087], [107.4261439, 51.6632051], [107.4259615, 51.6626686], [107.4258674, 51.6620262], [107.4259438, 51.6608839], [107.4261498, 51.6595371], [107.4261615, 51.6586283], [107.4261407, 51.6582944], [107.4261201, 51.6581265], [107.4257379, 51.6553761], [107.425196, 51.6514419], [107.4250753, 51.6507475], [107.4249172, 51.6501461], [107.4245511, 51.6494568], [107.4241475, 51.6489096], [107.4234527, 51.6482358], [107.4223544, 51.6473478], [107.421495, 51.646699], [107.4202575, 51.6457911], [107.4200703, 51.6456439], [107.4178736, 51.6439606], [107.4168585, 51.6430441], [107.4161582, 51.6421562], [107.4158641, 51.64173], [107.4157102, 51.6414847], [107.4155043, 51.6411564], [107.413687, 51.6382727], [107.4113008, 51.6344538], [107.4058163, 51.6256778], [107.4056126, 51.6253347], [107.4055418, 51.6252262], [107.4052925, 51.6248453], [107.4049989, 51.6244416], [107.4046674, 51.6240569], [107.4043175, 51.6236834], [107.4039472, 51.6233164], [107.4035569, 51.6229742], [107.4031393, 51.6226483], [107.4023099, 51.6220594], [107.399859, 51.6205689], [107.3971182, 51.618877], [107.3966876, 51.6186139], [107.389336, 51.6141134], [107.3844353, 51.6111117], [107.3839616, 51.610815], [107.3803781, 51.6086437], [107.3799429, 51.6083692], [107.3795372, 51.6080884], [107.3790956, 51.6077405], [107.3787201, 51.6073847], [107.3782352, 51.6068309], [107.378073, 51.6066411], [107.3775141, 51.605991], [107.3768778, 51.6053813], [107.3765273, 51.6051029], [107.3761434, 51.6048605], [107.3753616, 51.6044285], [107.3735785, 51.603563], [107.3728808, 51.6031622], [107.3724729, 51.6028953], [107.3716307, 51.6022064], [107.3703975, 51.6010416], [107.3700106, 51.6007401], [107.3696041, 51.6004683], [107.3692924, 51.6002847], [107.3691637, 51.6002089], [107.3687007, 51.59997], [107.3679693, 51.5996577], [107.3671908, 51.5993934], [107.3664405, 51.5991975], [107.3657225, 51.5990614], [107.3644381, 51.5988831], [107.3631814, 51.5988382], [107.3545745, 51.598812], [107.3500916, 51.5987573], [107.3490348, 51.598717], [107.3480478, 51.598604], [107.3469978, 51.5983974], [107.3461863, 51.5981625], [107.3454685, 51.597908], [107.3449016, 51.5976576], [107.3444295, 51.597411], [107.34386, 51.5970765], [107.3432466, 51.5966379], [107.3427747, 51.5961997], [107.342214, 51.5955266], [107.3418801, 51.5949772], [107.3416534, 51.5944435], [107.3415208, 51.5938855], [107.3414764, 51.5933121], [107.3415381, 51.5927373], [107.341723, 51.5921458], [107.343569, 51.5874622], [107.3439456, 51.5863436], [107.3440162, 51.5849251], [107.3438044, 51.5830606], [107.343107, 51.581495], [107.342698, 51.580217], [107.3420863, 51.5789364], [107.3402388, 51.5745997], [107.3390738, 51.5722009], [107.338187, 51.569642], [107.33744, 51.568435], [107.336262, 51.566985], [107.334872, 51.565547], [107.325785, 51.556308], [107.3218286, 51.5523095], [107.321275, 51.55175], [107.3184507, 51.5488886], [107.3141622, 51.5444499], [107.3064289, 51.5364926], [107.3063332, 51.5364008], [107.3041974, 51.5342143], [107.3036009, 51.5336469], [107.3019475, 51.5324464], [107.300549, 51.531678], [107.2991253, 51.5310976], [107.297723, 51.530647], [107.292115, 51.529192], [107.288252, 51.5281565], [107.2863756, 51.5276753], [107.2860873, 51.5275966], [107.28256, 51.526672], [107.27867, 51.5256586], [107.27481, 51.524633], [107.272877, 51.524145], [107.269395, 51.523188], [107.2683227, 51.5228053], [107.2675225, 51.5224173], [107.2657281, 51.5213847], [107.2651184, 51.521113], [107.2644245, 51.5208865], [107.2639458, 51.5207638], [107.2634117, 51.5206564], [107.2618474, 51.5204529], [107.2605462, 51.5202854], [107.2598689, 51.5201981], [107.2586146, 51.5200401], [107.2568402, 51.5198059], [107.2549229, 51.5195721], [107.2543694, 51.5195217], [107.2542164, 51.519508], [107.2536951, 51.5194773], [107.2526959, 51.5194339], [107.251378, 51.519462], [107.2495441, 51.5195341], [107.2480911, 51.5195958], [107.2470554, 51.5196398], [107.2432129, 51.519772], [107.2416226, 51.5198208], [107.2398199, 51.5198892], [107.2390589, 51.5198977], [107.2382529, 51.5198918], [107.2376656, 51.5198571], [107.2367853, 51.5197745], [107.23591, 51.5196523], [107.2350675, 51.5195134], [107.2340834, 51.5192985], [107.2331935, 51.5190811], [107.2305617, 51.5183789], [107.2275761, 51.5175564], [107.2253446, 51.5169605], [107.2246715, 51.5168007], [107.2240197, 51.5166753], [107.2235316, 51.5166105], [107.2230273, 51.5165639], [107.2213437, 51.5165139], [107.2193952, 51.5165531], [107.2188951, 51.5165604], [107.2129983, 51.5166114], [107.2105764, 51.5166567], [107.208754, 51.5166865], [107.2039648, 51.5167261], [107.2025123, 51.5166891], [107.2006194, 51.5165589], [107.1992212, 51.5164155], [107.1989345, 51.5163798], [107.1982666, 51.5162932], [107.197696, 51.5162115], [107.1897439, 51.5151324], [107.1813868, 51.5139984], [107.18033, 51.5138491], [107.1797745, 51.5137646], [107.1786122, 51.5135626], [107.1763339, 51.513073], [107.174615, 51.512625], [107.1728978, 51.5122367], [107.1718387, 51.5119914], [107.1715328, 51.5119218], [107.1707561, 51.5117717], [107.169238, 51.511522], [107.1673609, 51.5113604], [107.1654188, 51.5112748], [107.1633544, 51.5112871], [107.1596488, 51.5112878], [107.1576226, 51.5112721], [107.1556532, 51.5112602], [107.142375, 51.511215], [107.1405026, 51.5112236], [107.1366664, 51.5112126], [107.1346895, 51.5112236], [107.132872, 51.511285], [107.129142, 51.511475], [107.1208451, 51.5119257], [107.1193036, 51.512029], [107.118279, 51.5121663], [107.117376, 51.5123085], [107.1156836, 51.5126837], [107.1135191, 51.5131968], [107.1133612, 51.5132342], [107.0879816, 51.5191608], [107.077544, 51.5216215], [107.0739535, 51.5224522], [107.0598595, 51.5257306], [107.0583129, 51.5260341], [107.0571837, 51.5262227], [107.0557739, 51.5264434], [107.0551711, 51.5265339], [107.0345643, 51.5296286], [107.034022, 51.5297051], [107.0278868, 51.5306243], [107.0192985, 51.531911], [107.0191284, 51.5319365], [107.0167252, 51.5322932], [107.0069097, 51.533752], [106.9999745, 51.5347849], [106.9982782, 51.5350346], [106.996655, 51.53528], [106.994988, 51.53562], [106.993393, 51.536137], [106.991878, 51.536788], [106.98902, 51.53821], [106.987533, 51.538863], [106.985837, 51.539258], [106.984062, 51.539297], [106.982337, 51.538977], [106.977682, 51.537222], [106.9770285, 51.5369798], [106.9758442, 51.5365409], [106.972968, 51.535475], [106.971367, 51.534888], [106.969687, 51.53439], [106.967872, 51.534148], [106.966065, 51.534063], [106.95558, 51.533672], [106.953873, 51.533505], [106.952205, 51.533205], [106.948953, 51.532488], [106.947333, 51.532145], [106.942552, 51.531143], [106.939408, 51.530505], [106.936307, 51.529835], [106.933168, 51.52918], [106.9316, 51.528798], [106.930092, 51.528302], [106.92866, 51.527698], [106.921445, 51.524372], [106.91135, 51.519665], [106.904272, 51.516423], [106.89534, 51.51227], [106.889217, 51.509482], [106.886192, 51.508058], [106.881717, 51.505982], [106.8806995, 51.5055126], [106.8804061, 51.5053773], [106.875968, 51.50333], [106.874605, 51.502723], [106.873232, 51.502202], [106.871847, 51.501797], [106.87045, 51.501508], [106.869067, 51.50133], [106.867713, 51.501218], [106.866393, 51.501165], [106.8656344, 51.501184], [106.865511, 51.5011811], [106.8588463, 51.5010283], [106.857644, 51.5010053], [106.8569714, 51.5009821], [106.85125, 51.500857], [106.8511533, 51.5008549], [106.850414, 51.5008133], [106.8497908, 51.5007533], [106.8490253, 51.5006629], [106.8483439, 51.5005597], [106.8476781, 51.5004357], [106.8469636, 51.5002787], [106.8460797, 51.500051], [106.8431098, 51.499128], [106.8425537, 51.4989467], [106.83551, 51.4967], [106.833091, 51.4959193], [106.8329182, 51.4958711], [106.832162, 51.495635], [106.831047, 51.495362], [106.829897, 51.495165], [106.828747, 51.494993], [106.827585, 51.49488], [106.826432, 51.494807], [106.825302, 51.494782], [106.822007, 51.494845], [106.820977, 51.494898], [106.819853, 51.494832], [106.81876, 51.494683], [106.817735, 51.494435], [106.816765, 51.494143], [106.8102707, 51.4912169], [106.8077901, 51.4903476], [106.8057459, 51.4898765], [106.8034605, 51.4893836], [106.8014898, 51.4889758], [106.80046, 51.4887942], [106.7995351, 51.4886976], [106.7984421, 51.4886663], [106.7974651, 51.488704], [106.796311, 51.4888294], [106.7946145, 51.4891778], [106.7933704, 51.4894261], [106.7921481, 51.4895914], [106.7905965, 51.489693], [106.789275, 51.4896708], [106.7878305, 51.4895411], [106.7863106, 51.4892853], [106.7849713, 51.4889295], [106.7838281, 51.488498], [106.7829891, 51.4881178], [106.7822144, 51.487698], [106.7775499, 51.4849112], [106.7739246, 51.4827396], [106.7731229, 51.4823038], [106.7719827, 51.4817939], [106.7707446, 51.4813268], [106.7695064, 51.4809673], [106.7685243, 51.4807522], [106.7675327, 51.4805754], [106.7659646, 51.4804038], [106.7651283, 51.4803324], [106.7649467, 51.4803231], [106.7640122, 51.4803065], [106.7629762, 51.4803246], [106.7583476, 51.4804978], [106.7569077, 51.4804992], [106.7548005, 51.4804325], [106.7513483, 51.4801603], [106.74783, 51.4798505], [106.7439439, 51.4792584], [106.7437981, 51.4792391], [106.7372307, 51.4782162], [106.7359338, 51.4780343], [106.734772, 51.4779331], [106.7328472, 51.4778774], [106.7287852, 51.4778662], [106.7264531, 51.4778697], [106.7256221, 51.4778705], [106.7237635, 51.4778576], [106.7225601, 51.4777712], [106.720902, 51.4775087], [106.7200457, 51.4772987], [106.718728, 51.4768901], [106.7175524, 51.4763758], [106.7169702, 51.4760719], [106.7162159, 51.4756125], [106.7153065, 51.4749078], [106.7144583, 51.4741233], [106.7117248, 51.4709636], [106.7089453, 51.4678555], [106.7028022, 51.460921], [106.7024595, 51.4605367], [106.6993609, 51.4570621], [106.6991649, 51.4568406], [106.6938605, 51.4508472], [106.6935298, 51.4504734], [106.6897964, 51.4462707], [106.6897481, 51.4462197], [106.6831837, 51.4387965], [106.6808983, 51.4362517], [106.6786005, 51.4336546], [106.6756207, 51.4302953], [106.6732107, 51.4275726], [106.6715883, 51.4257582], [106.671487, 51.4256417], [106.6692126, 51.4230773], [106.6666104, 51.4201366], [106.6639761, 51.4171857], [106.6621988, 51.4152067], [106.6610608, 51.413893], [106.6604608, 51.41323], [106.6600673, 51.4128221], [106.6597205, 51.4124947], [106.6593395, 51.4121577], [106.6589092, 51.4118189], [106.6584399, 51.4114831], [106.6575409, 51.4108995], [106.6547916, 51.4091839], [106.6526797, 51.4078701], [106.6516132, 51.4071896], [106.6475443, 51.4046539], [106.6440282, 51.4024566], [106.6423019, 51.4013944], [106.6407891, 51.4004439], [106.6401963, 51.4000861], [106.6400601, 51.4000039], [106.6398021, 51.3998482], [106.6383215, 51.3989178], [106.6360148, 51.3974518], [106.6345235, 51.3965348], [106.6333326, 51.3958051], [106.6316911, 51.3947608], [106.6288372, 51.3929466], [106.6265305, 51.3915408], [106.6235693, 51.3896796], [106.6201565, 51.3875552], [106.6172393, 51.385716], [106.6140037, 51.3836979], [106.6134294, 51.3833449], [106.6112848, 51.3820065], [106.6079696, 51.3799239], [106.605905, 51.3786338], [106.6057305, 51.3785325], [106.6054258, 51.3783683], [106.6048746, 51.3780857], [106.6039184, 51.3776652], [106.6029702, 51.3773122], [106.6013502, 51.3768334], [106.5993439, 51.3763044], [106.5970157, 51.3756916], [106.5948915, 51.3751349], [106.5947925, 51.3751087], [106.591764, 51.3743086], [106.589639, 51.3737431], [106.588995, 51.3735743], [106.5837603, 51.3722023], [106.5829447, 51.3719874], [106.5756814, 51.3700733], [106.5750649, 51.3699094], [106.5749975, 51.3698915], [106.5735679, 51.3695198], [106.5732618, 51.3694605], [106.5727927, 51.3693783], [106.5719947, 51.3692862], [106.5714383, 51.369257], [106.5708669, 51.3692578], [106.5704218, 51.3692762], [106.5700153, 51.3693063], [106.5694319, 51.369375], [106.5688592, 51.3694679], [106.5683295, 51.3695935], [106.5680411, 51.3696731], [106.5674659, 51.3698605], [106.5670273, 51.3700289], [106.5666853, 51.3701762], [106.5663098, 51.3703704], [106.565937, 51.3706032], [106.565599, 51.3708385], [106.5651792, 51.3711532], [106.5646858, 51.3715183], [106.5642164, 51.3718658], [106.5637537, 51.3721629], [106.563452, 51.3723204], [106.5630898, 51.3724911], [106.5625025, 51.3727397], [106.5619164, 51.3729876], [106.5616013, 51.3731416], [106.5613102, 51.3733157], [106.5609387, 51.3735794], [106.5605002, 51.3739202], [106.5600602, 51.3742642], [106.5597102, 51.374481], [106.5593657, 51.3746611], [106.5589833, 51.3748269], [106.558292, 51.3751009], [106.5550123, 51.3763345], [106.554154, 51.3766158], [106.5533494, 51.376954], [106.5524428, 51.3772486], [106.5516918, 51.3776136], [106.5508281, 51.3779317], [106.5499698, 51.378367], [106.5489774, 51.3788056], [106.5484087, 51.3790299], [106.5478669, 51.3791605], [106.5471481, 51.3792543], [106.546263, 51.3793514], [106.5452974, 51.3794351], [106.5439348, 51.3795657], [106.5426205, 51.3796862], [106.5419124, 51.3797532], [106.5410273, 51.3798034], [106.5403889, 51.37979], [106.5396916, 51.3796895], [106.5391819, 51.3795791], [106.5387152, 51.3794284], [106.5381252, 51.3791639], [106.537696, 51.378886], [106.5372186, 51.3784976], [106.536945, 51.3781594], [106.5367452, 51.3777991], [106.5366392, 51.3773893], [106.5366164, 51.3769553], [106.536725, 51.3765053], [106.5369503, 51.3760633], [106.5372226, 51.3757398], [106.5376732, 51.3753614], [106.5380983, 51.375062], [106.5389607, 51.374474], [106.5400778, 51.3737226], [106.5413331, 51.3728687], [106.5421471, 51.3722605], [106.5424905, 51.3719491], [106.5427855, 51.371574], [106.5430712, 51.3710804], [106.5432093, 51.3705191], [106.543157, 51.3699284], [106.5430121, 51.3694595], [106.5428083, 51.3691045], [106.5424596, 51.368706], [106.5420519, 51.3683711], [106.5415852, 51.3680529], [106.5412258, 51.367862], [106.5406572, 51.3676209], [106.5398364, 51.3673865], [106.5392517, 51.367286], [106.5386294, 51.3672157], [106.5378838, 51.3672023], [106.5368484, 51.3671956], [106.5356683, 51.3671922], [106.5347134, 51.3671453], [106.5337102, 51.3670315], [106.5328734, 51.3668874], [106.5320956, 51.3666965], [106.5313874, 51.3664721], [106.530446, 51.365915], [106.528649, 51.364391], [106.52408, 51.360575], [106.520129, 51.3565], [106.515906, 51.352312], [106.511804, 51.348234], [106.509307, 51.345228], [106.505766, 51.341888], [106.502018, 51.338183], [106.4995176, 51.3356818], [106.4962162, 51.3323882], [106.4944348, 51.3306042], [106.4940661, 51.3302349], [106.4937504, 51.3299188], [106.4931983, 51.3293639], [106.4901659, 51.3263056], [106.4881772, 51.3243198], [106.4859092, 51.3220549], [106.484537, 51.3206821], [106.4844314, 51.3205765], [106.4830126, 51.3191562], [106.4816405, 51.3177887], [106.4787209, 51.3148558], [106.4755291, 51.3116594], [106.47212, 51.3082407], [106.4691374, 51.3052225], [106.4664337, 51.3024724], [106.4649711, 51.3010631], [106.4649587, 51.3010512], [106.4639554, 51.3000844], [106.4630971, 51.2991989], [106.4624748, 51.2987159], [106.461477, 51.298186], [106.4606938, 51.297864], [106.4596547, 51.2976111], [106.4565326, 51.297061], [106.4522089, 51.2963163], [106.4506104, 51.296038], [106.4503742, 51.2959968], [106.4469303, 51.2953972], [106.4432611, 51.2947532], [106.4386691, 51.2939682], [106.4337768, 51.2931162], [106.4287342, 51.2922507], [106.4238097, 51.2913986], [106.4224686, 51.2911101], [106.4212133, 51.2907679], [106.4196469, 51.2901976], [106.4183594, 51.2896004], [106.4172865, 51.2889566], [106.4163639, 51.2882857], [106.4154626, 51.2875006], [106.4147331, 51.286682], [106.4141108, 51.2857761], [106.4134778, 51.2844408], [106.4125873, 51.2825954], [106.4111282, 51.279307], [106.4106454, 51.2781795], [106.4103557, 51.277656], [106.4099802, 51.277099], [106.409594, 51.2766829], [106.4090575, 51.2761929], [106.4082207, 51.2755755], [106.4064504, 51.2742667], [106.4044656, 51.2728504], [106.4037253, 51.2723605], [106.4030209, 51.272007], [106.4024845, 51.2717818], [106.4016259, 51.2715084], [106.4008135, 51.2713311], [106.3999604, 51.2712098], [106.3989618, 51.2711078], [106.3983027, 51.271019], [106.397687, 51.2708648], [106.3971068, 51.270652], [106.3965865, 51.2703844], [106.3961801, 51.2700967], [106.3958119, 51.2697632], [106.3954698, 51.2693177], [106.3953058, 51.2689771], [106.3952116, 51.2684115], [106.395324, 51.267892], [106.395756, 51.267101], [106.3973829, 51.2640602], [106.3975482, 51.2635991], [106.3976162, 51.2630289], [106.3974394, 51.2624161], [106.3969769, 51.2618118], [106.3962016, 51.261267], [106.3952767, 51.260884], [106.3929801, 51.2600369], [106.3922603, 51.2597347], [106.3917947, 51.25942], [106.3913981, 51.2591185], [106.3911224, 51.2588051], [106.387856, 51.25415], [106.3861362, 51.2517833], [106.3845659, 51.2495425], [106.3840606, 51.2488347], [106.3839099, 51.2486237], [106.3838726, 51.2485713], [106.3836795, 51.248296], [106.3813393, 51.2449418], [106.3807585, 51.2441169], [106.3803917, 51.2435965], [106.3771696, 51.2390253], [106.3768992, 51.2386417], [106.3757227, 51.2369618], [106.3754733, 51.2366444], [106.3753038, 51.2364633], [106.3751174, 51.2362817], [106.3749571, 51.2361632], [106.3747003, 51.2359917], [106.3743548, 51.235795], [106.3740841, 51.2356745], [106.3737686, 51.2355526], [106.3733652, 51.2354268], [106.3729074, 51.2353049], [106.3717265, 51.2351829], [106.3702373, 51.2351768], [106.3695592, 51.2351656], [106.3691823, 51.2351429], [106.3687838, 51.2350906], [106.3683227, 51.2350069], [106.367801, 51.23487], [106.3673516, 51.2346995], [106.3668796, 51.2344838], [106.3665766, 51.2342898], [106.3662026, 51.2339958], [106.3659261, 51.2336919], [106.3657719, 51.2334862], [106.3656566, 51.2332724], [106.3655546, 51.2330075], [106.3654916, 51.2326431], [106.365497, 51.232366], [106.3655165, 51.2320888], [106.3656125, 51.2316037], [106.3659242, 51.2300613], [106.3660455, 51.2293744], [106.366083, 51.2290513], [106.3660564, 51.2286995], [106.3659918, 51.2284484], [106.36587, 51.2281839], [106.3657545, 51.2279705], [106.3656102, 51.227767], [106.3653253, 51.2274834], [106.3649679, 51.2271917], [106.3648224, 51.2270937], [106.3644603, 51.226898], [106.3642001, 51.2267788], [106.3639012, 51.2266626], [106.3624613, 51.2262027], [106.3618653, 51.225996], [106.3614562, 51.2258138], [106.3610806, 51.2255997], [106.3607186, 51.2253292], [106.360559, 51.2251771], [106.3604096, 51.2250215], [106.3601634, 51.2246925], [106.3600344, 51.224433], [106.3599595, 51.2242507], [106.3599206, 51.2240685], [106.3598935, 51.2238799], [106.3598871, 51.2236317], [106.3599317, 51.2233819], [106.3599998, 51.2231454], [106.3601084, 51.2229002], [106.3602702, 51.2226348], [106.3604853, 51.2223685], [106.3607386, 51.2221181], [106.3622369, 51.2208903], [106.3624446, 51.220723], [106.3626981, 51.2204643], [106.3629638, 51.2201205], [106.3630883, 51.2198873], [106.363179, 51.2196537], [106.3632332, 51.2193925], [106.3632548, 51.2191312], [106.3632172, 51.2187469], [106.363146, 51.2184988], [106.3630655, 51.2182491], [106.3614609, 51.213895], [106.3609221, 51.2124248], [106.3608608, 51.2122453], [106.360724, 51.2117614], [106.3606623, 51.2112859], [106.3606569, 51.2108742], [106.3607615, 51.2102173], [106.36109, 51.209019], [106.3613784, 51.2078681], [106.361416, 51.2073455], [106.3614079, 51.2069859], [106.3613355, 51.20647], [106.3611692, 51.2059709], [106.3611156, 51.2058398], [106.3609542, 51.2055171], [106.3607669, 51.2052105], [106.3605148, 51.2048643], [106.360217, 51.2045341], [106.358373, 51.202741], [106.354086, 51.198783], [106.3531682, 51.1978828], [106.3479107, 51.1929579], [106.3457765, 51.1909788], [106.3449659, 51.1904414], [106.3441875, 51.1900478], [106.3429583, 51.1895734], [106.3419008, 51.1893009], [106.3407006, 51.1891034], [106.3397445, 51.1890263], [106.338899, 51.1890145], [106.3264232, 51.1893798], [106.3250425, 51.1893784], [106.3248571, 51.1893752], [106.3241695, 51.1893389], [106.3234928, 51.1892838], [106.3223365, 51.1891533], [106.3212559, 51.1889603], [106.3201935, 51.1887154], [106.3189793, 51.1883776], [106.3112884, 51.1860997], [106.3027904, 51.1835827], [106.3019374, 51.1833157], [106.3010866, 51.1830146], [106.3000321, 51.182514], [106.2990508, 51.1818498], [106.2985235, 51.1813426], [106.298006, 51.1807259], [106.296945, 51.179236], [106.294424, 51.175759], [106.29404, 51.175144], [106.293019, 51.174203], [106.286506, 51.169383], [106.283553, 51.167014], [106.28166, 51.164687], [106.279368, 51.159849], [106.278225, 51.157316], [106.278143, 51.15477], [106.278206, 51.150528], [106.278073, 51.148065], [106.278271, 51.142351], [106.2783708, 51.138789], [106.2784437, 51.135537], [106.2785139, 51.1327313], [106.2785143, 51.1325266], [106.2785523, 51.1306109], [106.2785089, 51.1298015], [106.2783641, 51.1287444], [106.2781547, 51.1277986], [106.2777773, 51.1261855], [106.277493, 51.1249686], [106.2770793, 51.1232027], [106.2770055, 51.1229131], [106.2769036, 51.1226227], [106.2767735, 51.1223332], [106.2766192, 51.122047], [106.2763363, 51.121632], [106.2759608, 51.1211875], [106.2751367, 51.1203085], [106.273697, 51.1187783], [106.273624, 51.1187002], [106.272482, 51.1174785], [106.2709402, 51.1158369], [106.2694897, 51.1142901], [106.2692807, 51.1140673], [106.2666284, 51.1112307], [106.2664145, 51.111002], [106.2659932, 51.1105513], [106.2657765, 51.1102936], [106.2655458, 51.1099703], [106.2652749, 51.1095156], [106.2651057, 51.1091122], [106.2650013, 51.1087578], [106.2649262, 51.1084059], [106.2648859, 51.1078092], [106.2645829, 51.1008878], [106.2642798, 51.094103], [106.2642664, 51.0937745], [106.2641805, 51.0909494], [106.2633088, 51.071383], [106.2630955, 51.066835], [106.2629324, 51.0629849], [106.2629289, 51.0629047], [106.2626811, 51.057193], [106.2623608, 51.0498289], [106.2623569, 51.0497487], [106.2622489, 51.0473351], [106.2619925, 51.0413243], [106.2619893, 51.0412514], [106.2616451, 51.0333293], [106.2615174, 51.030348], [106.2614129, 51.0279609], [106.2614092, 51.0278615], [106.260803, 51.013627], [106.2607566, 51.0126259], [106.2607521, 51.0125287], [106.2606293, 51.0098801], [106.260436, 51.005025], [106.2602107, 51.0000741], [106.2602039, 50.9999451], [106.2600196, 50.9956513], [106.2600059, 50.995333], [106.259887, 50.993377], [106.2597991, 50.9906905], [106.2596862, 50.9879067], [106.2590911, 50.9739875], [106.2590106, 50.9735316], [106.2589113, 50.9730756], [106.2587772, 50.9726339], [106.2586176, 50.9721906], [106.2581814, 50.9713108], [106.2566903, 50.9690827], [106.2553715, 50.9670917], [106.255053, 50.9666082], [106.2548371, 50.9661024], [106.2547508, 50.9657439], [106.2547319, 50.9654131], [106.2547749, 50.9649939], [106.2549354, 50.9644958], [106.2550441, 50.9642617], [106.2552246, 50.9639578], [106.2554615, 50.9636517], [106.2560062, 50.9629395], [106.2562446, 50.9625484], [106.2564263, 50.9620978], [106.2565157, 50.961655], [106.2565094, 50.9612177], [106.2564316, 50.9607801], [106.2563109, 50.9604608], [106.2561324, 50.9601071], [106.2552551, 50.9589347], [106.2547597, 50.9582906], [106.2541297, 50.9574451], [106.253311, 50.9563649], [106.2529583, 50.955893], [106.252815, 50.9557003], [106.2524977, 50.9552827], [106.2516979, 50.9542059], [106.2503457, 50.9524101], [106.2490053, 50.9506259], [106.248605, 50.9500867], [106.248216, 50.9495037], [106.2479451, 50.9489883], [106.2476286, 50.9482566], [106.2465679, 50.9456909], [106.2464801, 50.945483], [106.2455875, 50.9433676], [106.2452054, 50.9423619], [106.2450604, 50.9418415], [106.2449625, 50.9413379], [106.2449156, 50.9408148], [106.2449078, 50.9402955], [106.245014, 50.934165], [106.2449838, 50.9321586], [106.2450563, 50.926375], [106.2450776, 50.9231415], [106.2451342, 50.9222277], [106.2451245, 50.9198234], [106.2451452, 50.918035], [106.245167, 50.914491], [106.2452168, 50.9111194], [106.2452467, 50.907843], [106.245292, 50.902985], [106.2453728, 50.8973196], [106.2454654, 50.8966039], [106.2456357, 50.8958739], [106.2458932, 50.8951498], [106.2462738, 50.8944301], [106.2494739, 50.8892239], [106.249997, 50.8883771], [106.2504474, 50.8876232], [106.250689, 50.8871656], [106.2508446, 50.8867054], [106.2509197, 50.8862468], [106.2509452, 50.8857874], [106.2509197, 50.8854354], [106.250858, 50.8850826], [106.2507561, 50.8847188], [106.2505737, 50.8842602], [106.2503124, 50.8837891], [106.2497663, 50.8829632], [106.2496495, 50.8827905], [106.2481919, 50.8806371], [106.2480039, 50.8803586], [106.2431038, 50.8730978], [106.2410951, 50.8701211], [106.2408831, 50.869807], [106.2408159, 50.8697074], [106.2407395, 50.8695971], [106.2387623, 50.8666636], [106.2365584, 50.8634011], [106.2355667, 50.8619351], [106.2354796, 50.8618123], [106.234999, 50.8609169], [106.2346333, 50.8600677], [106.2342337, 50.859189], [106.2339306, 50.8584169], [106.2338045, 50.8580038], [106.2337918, 50.8579513], [106.2337656, 50.8578209], [106.2337287, 50.8574775], [106.2336838, 50.8561007], [106.2336516, 50.8553354], [106.2336838, 50.8549544], [106.233765, 50.8545668], [106.2338179, 50.8544481], [106.2341908, 50.8538825], [106.2348119, 50.8532761], [106.2355694, 50.8525753], [106.2357894, 50.8523323], [106.235974, 50.8520892], [106.2361944, 50.8516863], [106.2362963, 50.8513188], [106.2363178, 50.8509988], [106.2362963, 50.8507118], [106.2362174, 50.8504234], [106.2361754, 50.8503228], [106.2358966, 50.8497999], [106.2356177, 50.8492935], [106.2353803, 50.8488651], [106.2352569, 50.8485052], [106.2352011, 50.848127], [106.2352315, 50.8477491], [106.2353763, 50.847197], [106.2356062, 50.8464768], [106.2356336, 50.846391], [106.236643, 50.842792], [106.236615, 50.840993], [106.235532, 50.839146], [106.23505, 50.83728], [106.235637, 50.835224], [106.237641, 50.831556], [106.238915, 50.829128], [106.241563, 50.826549], [106.245261, 50.823728], [106.251507, 50.818663], [106.256096, 50.815059], [106.259264, 50.811994], [106.260983, 50.810608], [106.264092, 50.808705], [106.265356, 50.807101], [106.267288, 50.804662], [106.267861, 50.803993], [106.269927, 50.801543], [106.271243, 50.799567], [106.2723536, 50.7975441], [106.2727105, 50.7966717], [106.27296, 50.795806], [106.2734536, 50.7933046], [106.2738608, 50.7924559], [106.2744904, 50.7911805], [106.274589, 50.790329], [106.274605, 50.789965], [106.274196, 50.788727], [106.2730832, 50.7869765], [106.2719321, 50.7852238], [106.2708727, 50.7839774], [106.2707117, 50.7836755], [106.2706337, 50.7833803], [106.2705776, 50.7827682], [106.2705423, 50.7821077], [106.270473, 50.7816965], [106.2703281, 50.7813488], [106.2701699, 50.7811063], [106.2699745, 50.7808555], [106.2690327, 50.7798377], [106.2686075, 50.7793001], [106.2682361, 50.7787547], [106.2679678, 50.7782028], [106.2677747, 50.7776447], [106.2676486, 50.7770969], [106.2675921, 50.7765414], [106.2676218, 50.7757358], [106.2677506, 50.7750972], [106.2681964, 50.7736974], [106.2693822, 50.7699374], [106.2694591, 50.7695607], [106.2694752, 50.7691706], [106.2694323, 50.7688415], [106.2693438, 50.7685225], [106.2692038, 50.7681798], [106.2678046, 50.7654788], [106.2676084, 50.7650007], [106.2675092, 50.7646224], [106.2674794, 50.7642203], [106.2675357, 50.7624149], [106.2676245, 50.7606677], [106.2677025, 50.7602325], [106.2678391, 50.7598074], [106.2680215, 50.7593952], [106.2682602, 50.7589829], [106.2684185, 50.7587754], [106.2685786, 50.7585657], [106.2688892, 50.7582346], [106.2692202, 50.7579084], [106.2699258, 50.7573709], [106.2707223, 50.7569025], [106.2714171, 50.7565785], [106.2723004, 50.7562647], [106.2763846, 50.7548885], [106.2771116, 50.7543675], [106.2776521, 50.7536437], [106.2778707, 50.752757], [106.2783532, 50.7483686], [106.2784995, 50.7473525], [106.2785591, 50.7462238], [106.2781709, 50.744864], [106.2774238, 50.7438049], [106.2758153, 50.7422446], [106.2743562, 50.7408802], [106.2729603, 50.739577], [106.2718533, 50.7385221], [106.2692881, 50.7360962], [106.2658764, 50.7328671], [106.2657136, 50.7327201], [106.2647115, 50.7318147], [106.2635851, 50.7311144], [106.2602197, 50.7293398], [106.2554601, 50.7268767], [106.2536524, 50.726044], [106.2534936, 50.7259787], [106.2496331, 50.7243913], [106.2488705, 50.723963], [106.2483365, 50.7235492], [106.2474382, 50.7226249], [106.2467676, 50.7220103], [106.2460231, 50.7215537], [106.2418569, 50.7191429], [106.2398613, 50.7179969], [106.2322435, 50.7136456], [106.228257, 50.711467], [106.224174, 50.709122], [106.220485, 50.707007], [106.21678, 50.704902], [106.212533, 50.7023449], [106.2081344, 50.6998367], [106.203737, 50.697341], [106.1991597, 50.6946943], [106.1986341, 50.6943992], [106.1981569, 50.6941217], [106.1941595, 50.691797], [106.1940038, 50.6917107], [106.1934882, 50.6914236], [106.1909709, 50.6899937], [106.1883139, 50.6884566], [106.1868142, 50.6875964], [106.1841178, 50.6860497], [106.182368, 50.6850478], [106.1810719, 50.68429], [106.1790538, 50.6831281], [106.1766823, 50.6817779], [106.1740746, 50.6802855], [106.1711959, 50.6785904], [106.1676359, 50.6765863], [106.1664271, 50.6758912], [106.163547, 50.674235], [106.158437, 50.671316], [106.153245, 50.668377], [106.150729, 50.666467], [106.149384, 50.664506], [106.14812, 50.661158], [106.1467274, 50.6569688], [106.1450684, 50.6527306], [106.143508, 50.649147], [106.141566, 50.6441234], [106.1414695, 50.6437832], [106.1412817, 50.6430893], [106.1410832, 50.6420313], [106.1409974, 50.6403031], [106.1410618, 50.6394526], [106.1412871, 50.6379624], [106.1415871, 50.6368772], [106.1421076, 50.6344118], [106.142619, 50.6319441], [106.1428884, 50.6308733], [106.1432597, 50.6299621], [106.1436706, 50.6293097], [106.1441304, 50.6286867], [106.146819, 50.62572], [106.1504382, 50.6218346], [106.1521285, 50.6200118], [106.155947, 50.61582], [106.1598581, 50.611821], [106.1634882, 50.6078435], [106.1672943, 50.6036971], [106.171096, 50.599466], [106.1734932, 50.5968719], [106.1759221, 50.5942442], [106.1773785, 50.5926698], [106.1798117, 50.5900292], [106.182562, 50.5870353], [106.1841535, 50.5853238], [106.185279, 50.5841011], [106.186793, 50.5824714], [106.1876219, 50.5815705], [106.1896506, 50.579359], [106.190035, 50.5789301], [106.1905237, 50.5784116], [106.19113, 50.5777683], [106.1925571, 50.5762306], [106.1938876, 50.5747845], [106.1953577, 50.5731774], [106.1954623, 50.573063], [106.1959505, 50.5725783], [106.1963339, 50.5722099], [106.1967404, 50.5718373], [106.1971686, 50.5714771], [106.1976821, 50.5710417], [106.1983845, 50.5704678], [106.1988964, 50.5700397], [106.1992289, 50.5697615], [106.1993874, 50.569629], [106.200261, 50.568923], [106.2026861, 50.5669205], [106.204855, 50.565115], [106.207664, 50.562813], [106.2114699, 50.5596521], [106.2126955, 50.5586513], [106.2131622, 50.5582176], [106.2135673, 50.5577371], [106.213908, 50.557234], [106.2140849, 50.5567658], [106.214211, 50.5562912], [106.2142369, 50.5561547], [106.214402, 50.555285], [106.214923, 50.552185], [106.215668, 50.549767], [106.2166495, 50.5487437], [106.2180082, 50.5477184], [106.2186677, 50.5471243], [106.219552, 50.54598], [106.222933, 50.541649], [106.2241205, 50.5401687], [106.2245635, 50.5393931], [106.224727, 50.538798], [106.2248046, 50.538192], [106.224586, 50.53719], [106.2235294, 50.5355105], [106.2228951, 50.5344353], [106.2226723, 50.5337066], [106.2227032, 50.5327304], [106.22297, 50.531807], [106.2237957, 50.5308879], [106.2247549, 50.5301204], [106.2270315, 50.5289639], [106.2277648, 50.5284774], [106.2282272, 50.5280835], [106.228818, 50.5273887], [106.2290764, 50.5269147], [106.229213, 50.526526], [106.2293913, 50.5256711], [106.2292082, 50.5247343], [106.2290446, 50.5243102], [106.2288132, 50.5238677], [106.2282688, 50.523175], [106.2279154, 50.5228047], [106.2274626, 50.522422], [106.226515, 50.521776], [106.2244847, 50.5204494], [106.2231767, 50.519517], [106.2228206, 50.5190993], [106.2226344, 50.5187428], [106.222363, 50.5180475], [106.2211789, 50.5144223], [106.2209866, 50.5138466], [106.2208161, 50.5133284], [106.2204418, 50.5122248], [106.219852, 50.510492], [106.218761, 50.507117], [106.2176384, 50.5038492], [106.217267, 50.502768], [106.215786, 50.500679], [106.213501, 50.498896], [106.212177, 50.4981916], [106.2115967, 50.4979422], [106.210633, 50.4975628], [106.2046384, 50.4956361], [106.1950741, 50.4925556], [106.1855528, 50.489489], [106.1776164, 50.4869395], [106.1746934, 50.485994], [106.1717792, 50.4850513], [106.1687122, 50.4840529], [106.1656536, 50.4830664], [106.1645811, 50.4827201], [106.1642905, 50.4826257], [106.1641356, 50.4825754], [106.1635573, 50.4823875], [106.1632561, 50.4822875], [106.1628858, 50.4821645], [106.1597145, 50.4811457], [106.1558673, 50.4799006], [106.1532145, 50.4790489], [106.1509613, 50.4783195], [106.1494989, 50.4778535], [106.1489293, 50.4776704], [106.1487022, 50.477594], [106.142295, 50.4755256], [106.140386, 50.4749131], [106.1342562, 50.4729289], [106.1307257, 50.4717872], [106.1290189, 50.4712212], [106.1272189, 50.4705451], [106.1258607, 50.4699234], [106.1253066, 50.469669], [106.1242003, 50.4690721], [106.1231877, 50.4685095], [106.121051, 50.467389], [106.115994, 50.464521], [106.113267, 50.462575], [106.112092, 50.460683], [106.110643, 50.458478], [106.107648, 50.456027], [106.105508, 50.454102], [106.103352, 50.452424], [106.100222, 50.451193], [106.092521, 50.44844], [106.091459, 50.448046], [106.085605, 50.445573], [106.08417, 50.4442691], [106.0837884, 50.4439057], [106.0833252, 50.4435518], [106.0825409, 50.4431502], [106.0792526, 50.442263], [106.0784939, 50.441982], [106.0750558, 50.4399292], [106.0742252, 50.4394057], [106.0736546, 50.4388771], [106.0731773, 50.4382923], [106.0724726, 50.4374376], [106.071902, 50.4370317], [106.071312, 50.436699], [106.0701211, 50.4359467], [106.0693936, 50.4354812], [106.0689934, 50.4351508], [106.0687304, 50.434818], [106.0685266, 50.4344593], [106.0683836, 50.4339668], [106.068408, 50.4332958], [106.0685342, 50.4324745], [106.068508, 50.4320378], [106.0683933, 50.4317111], [106.0674448, 50.4302094], [106.067252, 50.4297554], [106.0671556, 50.4294014], [106.0671384, 50.4290818], [106.0672393, 50.4285303], [106.0673558, 50.4278184], [106.0673641, 50.4275461], [106.0673527, 50.4273501], [106.0673413, 50.4272497], [106.0672836, 50.4270292], [106.0671948, 50.4268083], [106.0670824, 50.4265841], [106.0669041, 50.4263415], [106.0664073, 50.4258801], [106.0651091, 50.4244591], [106.0647198, 50.4234424], [106.0648382, 50.4229183], [106.0650994, 50.4222834], [106.0651475, 50.4221648], [106.0657094, 50.4207561], [106.0659023, 50.4203286], [106.0662238, 50.4198729], [106.0665655, 50.4194787], [106.0668319, 50.4192197], [106.0671904, 50.4189586], [106.06805, 50.4184177], [106.0688953, 50.4180316], [106.0698378, 50.4177308], [106.0704012, 50.417579], [106.071282, 50.4174776], [106.0721515, 50.4174559], [106.0730338, 50.4175179], [106.0739984, 50.4175971], [106.0749133, 50.4175537], [106.077687, 50.417239], [106.0778053, 50.4172271], [106.083616, 50.4165284], [106.083757, 50.4165094], [106.0859964, 50.4162399], [106.0875383, 50.4160507], [106.0886237, 50.4158697], [106.0892302, 50.4156928], [106.089441, 50.4156243], [106.0902402, 50.4153342], [106.0909771, 50.414954], [106.0915788, 50.4145924], [106.0919847, 50.4142467], [106.0921774, 50.4140487], [106.0924629, 50.4137423], [106.0927803, 50.4133121], [106.093027, 50.4128502], [106.0937849, 50.4104371], [106.093826, 50.4103117], [106.0941132, 50.409449], [106.0943235, 50.409018], [106.0946125, 50.4086081], [106.0949987, 50.4082168], [106.0954821, 50.4078447], [106.0955994, 50.4077731], [106.0980621, 50.4065028], [106.0986776, 50.4060628], [106.0990477, 50.405791], [106.0993703, 50.4055205], [106.0995962, 50.4053012], [106.0999479, 50.4048911], [106.1003236, 50.4043606], [106.1005054, 50.4040302], [106.1006228, 50.4037413], [106.1007133, 50.403466], [106.1008023, 50.4031232], [106.100859, 50.4027306], [106.1008567, 50.4022067], [106.100811, 50.4015475], [106.1006147, 50.399926], [106.1004072, 50.3979269], [106.1003494, 50.3974498], [106.1003239, 50.3972396], [106.1002064, 50.3962698], [106.1001591, 50.3957931], [106.100139, 50.3955895], [106.1000025, 50.394212], [106.0993754, 50.3884359], [106.0992613, 50.387385], [106.0990652, 50.3855901], [106.0989853, 50.3846902], [106.0989859, 50.3842345], [106.0989782, 50.3841714], [106.0989243, 50.3836966], [106.0987928, 50.3825995], [106.0986802, 50.3817066], [106.098597, 50.3811995], [106.0985005, 50.3805367], [106.0982907, 50.3787187], [106.0981922, 50.3778624], [106.0980901, 50.3767976], [106.0979764, 50.3757759], [106.0978799, 50.3748929], [106.0978004, 50.3742437], [106.0977414, 50.3736039], [106.0976086, 50.3724549], [106.0975242, 50.371599], [106.097488, 50.3709637], [106.0974819, 50.3703739], [106.0975939, 50.3699094], [106.0980286, 50.3690703], [106.098537, 50.3681204], [106.0986528, 50.3677189], [106.0986678, 50.3673193], [106.0985986, 50.3669157], [106.0984427, 50.3665583], [106.0981297, 50.3660881], [106.0977262, 50.3657192], [106.0970863, 50.3653123], [106.0956007, 50.364651], [106.0949613, 50.3643122], [106.0945211, 50.3640253], [106.0941571, 50.3637064], [106.0938907, 50.3633982], [106.0936741, 50.3630332], [106.0929372, 50.3608018], [106.0926778, 50.360109], [106.0923006, 50.3594071], [106.0916716, 50.3585954], [106.0898264, 50.3566244], [106.0888648, 50.355538], [106.0883889, 50.3547693], [106.088153, 50.3541781], [106.0880034, 50.3534222], [106.087985, 50.3528947], [106.0881894, 50.3515151], [106.0886278, 50.3489502], [106.088744, 50.3483032], [106.0893314, 50.3448791], [106.0897853, 50.3422731], [106.0905669, 50.3377971], [106.0906617, 50.337232], [106.0906796, 50.3371447], [106.0907547, 50.3368046], [106.0908678, 50.336459], [106.0909676, 50.3362494], [106.0911379, 50.3359998], [106.0913381, 50.3357697], [106.0915872, 50.3355239], [106.0917119, 50.3354273], [106.0918664, 50.335321], [106.0922074, 50.3351109], [106.092601, 50.3349217], [106.0929986, 50.3347756], [106.0935725, 50.3346216], [106.0939068, 50.3345466], [106.0942366, 50.33449], [106.0949153, 50.3344076], [106.095617, 50.3343349], [106.0963784, 50.334243], [106.0967563, 50.3341942], [106.0971425, 50.334129], [106.0975873, 50.3340467], [106.0983014, 50.3338529], [106.0990221, 50.3336119], [106.0993932, 50.3334641], [106.09974, 50.333314], [106.1004314, 50.3329571], [106.1010149, 50.3325949], [106.1015198, 50.3321957], [106.1027094, 50.331099], [106.1039564, 50.3298952], [106.105506, 50.3284199], [106.1074734, 50.3265428], [106.1080959, 50.32594], [106.109623, 50.3245184], [106.1099585, 50.3241784], [106.1101507, 50.3239669], [106.1105825, 50.323447], [106.1109339, 50.3229579], [106.1110872, 50.3226982], [106.1112288, 50.3224382], [106.1114319, 50.3220559], [106.1116386, 50.3216303], [106.1118544, 50.3212312], [106.1120918, 50.320833], [106.1123491, 50.3204613], [106.1126123, 50.3201411], [106.1130672, 50.3196727], [106.1135389, 50.3191994], [106.115921, 50.3169274], [106.1170053, 50.315889], [106.118464, 50.3144994], [106.1189817, 50.3140158], [106.1192523, 50.3138033], [106.1195609, 50.3136011], [106.1198325, 50.3134519], [106.1201357, 50.3133069], [106.1204887, 50.3131905], [106.1208403, 50.3130855], [106.1212825, 50.3129911], [106.1215791, 50.3129488], [106.121874, 50.3129202], [106.1223645, 50.312897], [106.1226893, 50.3129054], [106.1230011, 50.3129286], [106.1234327, 50.3129824], [106.1236862, 50.3130322], [106.1239215, 50.3130893], [106.1243689, 50.3132078], [106.1248326, 50.3133862], [106.1251005, 50.3135084], [106.1253489, 50.3136304], [106.1258214, 50.3138805], [106.1267688, 50.3143895], [106.1271882, 50.3146103], [106.1276571, 50.3148219], [106.1281824, 50.314988], [106.1287655, 50.3151351], [106.1290858, 50.315176], [106.129415, 50.3152089], [106.1297524, 50.3152231], [106.1301056, 50.315221], [106.1304168, 50.315203], [106.1307419, 50.3151703], [106.1310584, 50.3151205], [106.1313758, 50.3150551], [106.1319371, 50.3148788], [106.1322078, 50.314774], [106.1324867, 50.3146575], [106.1327581, 50.3145032], [106.1329967, 50.3143476], [106.1332271, 50.314173], [106.1334597, 50.3139723], [106.1336725, 50.3137706], [106.1339315, 50.31348], [106.1341691, 50.3130903], [106.1343398, 50.312703], [106.1344785, 50.312093], [106.1346852, 50.3111242], [106.1348566, 50.3101599], [106.1350104, 50.3094309], [106.1352639, 50.3083128], [106.1354955, 50.3070566], [106.1362603, 50.3031695], [106.1363255, 50.3026465], [106.1363312, 50.3023085], [106.1363042, 50.301939], [106.1362219, 50.301481], [106.136112, 50.300979], [106.1359941, 50.300461], [106.1358018, 50.2995995], [106.1357538, 50.2992963], [106.1357722, 50.2989412], [106.1358227, 50.2987112], [106.135897, 50.2984767], [106.1360561, 50.298191], [106.1362513, 50.2979114], [106.1364594, 50.2976961], [106.1366399, 50.2975314], [106.1368379, 50.2973795], [106.1370524, 50.2972437], [106.1375898, 50.296929], [106.1381705, 50.2965938], [106.1385545, 50.2963555], [106.1388933, 50.2961143], [106.1390807, 50.2959521], [106.139269, 50.2957757], [106.1394401, 50.2955527], [106.1395971, 50.295312], [106.1396885, 50.2951013], [106.1397813, 50.2948024], [106.1398178, 50.2945664], [106.1398191, 50.2943314], [106.1397777, 50.2941006], [106.1397147, 50.2938815], [106.1395646, 50.2934874], [106.1393333, 50.2931321], [106.1390796, 50.2927843], [106.1387905, 50.2925102], [106.1384872, 50.2922512], [106.1381587, 50.2920236], [106.1378043, 50.2918138], [106.1374278, 50.2916211], [106.1365869, 50.2913106], [106.1359894, 50.2911108], [106.1355761, 50.2909538], [106.1351735, 50.2907813], [106.1349448, 50.2906754], [106.1347103, 50.2905526], [106.1344294, 50.2903578], [106.134214, 50.2901821], [106.13405, 50.2900275], [106.1339108, 50.2898543], [106.133698, 50.2895548], [106.1335502, 50.2892433], [106.1333338, 50.288609], [106.1331062, 50.2879083], [106.1328992, 50.2871906], [106.1328367, 50.2867916], [106.1327923, 50.2863926], [106.13283, 50.2858873], [106.132904, 50.2853704], [106.1329949, 50.2849485], [106.1333023, 50.283713], [106.1342056, 50.279937], [106.1345117, 50.2788047], [106.1346465, 50.2782401], [106.1347332, 50.2779601], [106.1348361, 50.2776929], [106.1350924, 50.2773061], [106.135244, 50.2771292], [106.1354246, 50.2769461], [106.135755, 50.276684], [106.13594, 50.2765723], [106.1361436, 50.2764545], [106.1367401, 50.2761822], [106.1373932, 50.2759419], [106.1379477, 50.275732], [106.1382593, 50.2755897], [106.1385523, 50.275433], [106.1387523, 50.2753124], [106.1389269, 50.2751836], [106.1392514, 50.2748931], [106.1394489, 50.2746722], [106.1396154, 50.2744383], [106.1397422, 50.2741921], [106.1398445, 50.2739211], [106.1398784, 50.2738065], [106.1399033, 50.2736704], [106.1399243, 50.273364], [106.1399583, 50.272793], [106.1399982, 50.2723689], [106.1400786, 50.2720459], [106.1401131, 50.2719465], [106.140177, 50.2718309], [106.1402338, 50.2717107], [106.1403273, 50.2715475], [106.1406952, 50.2711056], [106.1411204, 50.2706708], [106.1417362, 50.2700268], [106.1420087, 50.2696681], [106.1421927, 50.269315], [106.1422606, 50.2691074], [106.1423153, 50.268885], [106.1423119, 50.2684655], [106.1422387, 50.2681017], [106.1420998, 50.2677764], [106.1418948, 50.2674701], [106.1416537, 50.2671853], [106.1415011, 50.2670417], [106.1413277, 50.2669092], [106.1409779, 50.2666438], [106.1400775, 50.2660409], [106.1394851, 50.2656357], [106.1392531, 50.2654484], [106.1390422, 50.2652432], [106.1388782, 50.2650455], [106.1387282, 50.2648297], [106.1386627, 50.2645317], [106.1385754, 50.2641902], [106.138553, 50.2637729], [106.1385315, 50.2634277], [106.1385648, 50.2629765], [106.1385229, 50.2624663], [106.1385273, 50.2613968], [106.13846, 50.2596229], [106.1383818, 50.2578847], [106.1382172, 50.2565879], [106.137953, 50.2550206], [106.1378522, 50.2543877], [106.1378053, 50.254099], [106.13777, 50.2537929], [106.1377731, 50.2534408], [106.1378117, 50.2532218], [106.1378787, 50.2529933], [106.1379782, 50.2527679], [106.1381098, 50.2525594], [106.1382428, 50.2523778], [106.1383202, 50.2522739], [106.1384312, 50.2521429], [106.1386735, 50.251927], [106.138939, 50.2517214], [106.139247, 50.2515377], [106.1403067, 50.2510314], [106.1408456, 50.2507747], [106.1413426, 50.2505298], [106.1418804, 50.250172], [106.1421198, 50.2499501], [106.1424381, 50.2496476], [106.143246, 50.2486532], [106.1434526, 50.2484519], [106.1437638, 50.2482353], [106.1441323, 50.2480157], [106.1445442, 50.2478343], [106.1449447, 50.2476879], [106.1454253, 50.2475489], [106.1459265, 50.247464], [106.1464763, 50.2473868], [106.1477644, 50.247407], [106.1490716, 50.2474563], [106.1499616, 50.2474457], [106.150808, 50.2474031], [106.1519977, 50.2472945], [106.1522515, 50.2472736], [106.1559102, 50.2469393], [106.15691, 50.2468233], [106.1572266, 50.2467657], [106.1575493, 50.2466925], [106.1578789, 50.2466032], [106.1581901, 50.2464964], [106.1587829, 50.2462271], [106.1593002, 50.2459028], [106.1601044, 50.2454026], [106.1605171, 50.2451625], [106.1609274, 50.2449617], [106.1612403, 50.2448351], [106.161517, 50.2447523], [106.1617986, 50.2446789], [106.1622403, 50.2445909], [106.1625122, 50.2445588], [106.1627779, 50.2445347], [106.1631246, 50.2445177], [106.1634757, 50.2445219], [106.164159, 50.2445749], [106.1654938, 50.2447745], [106.1666723, 50.244899], [106.1671529, 50.2449239], [106.1676381, 50.2449049], [106.1681233, 50.2448566], [106.1686126, 50.2447881], [106.1689671, 50.244702], [106.1693242, 50.2445937], [106.1696606, 50.2444722], [106.1699764, 50.2443171], [106.1704911, 50.2440004], [106.1709838, 50.2436346], [106.1716648, 50.2430609], [106.1723841, 50.2425378], [106.1727961, 50.2422943], [106.1730954, 50.2421691], [106.1734007, 50.2420654], [106.1735393, 50.2420213], [106.1770081, 50.2409169], [106.1786008, 50.2404363], [106.1789861, 50.2403397], [106.1794305, 50.240262], [106.1798959, 50.2402143], [106.1830583, 50.2401737], [106.1851046, 50.2401405], [106.1867825, 50.240106], [106.1872458, 50.2400982], [106.1878673, 50.2400424], [106.1884881, 50.239937], [106.1891358, 50.2397607], [106.1896489, 50.2396105], [106.1909215, 50.2392186], [106.1921482, 50.2388522], [106.1941524, 50.2382398], [106.19596, 50.2376834], [106.1966736, 50.2374177], [106.197345, 50.2371518], [106.1983251, 50.2366724], [106.1988951, 50.236365], [106.1995346, 50.2359694], [106.2001791, 50.2355293], [106.2016202, 50.2345378], [106.2026152, 50.2338515], [106.2033408, 50.233351], [106.2047777, 50.2323521], [106.2049544, 50.2322292], [106.205325, 50.2319716], [106.2061907, 50.2313697], [106.2066073, 50.231046], [106.2069861, 50.2307056], [106.2074484, 50.2301632], [106.2078018, 50.2296299], [106.2080835, 50.2289547], [106.2082284, 50.22832], [106.2083972, 50.226776], [106.2084028, 50.2262633], [106.2083305, 50.2257546], [106.2080804, 50.2249387], [106.2075306, 50.2231176], [106.2074107, 50.2227402], [106.2066443, 50.2203279], [106.2061889, 50.2189412], [106.2057605, 50.2175496], [106.2055437, 50.2168668], [106.2053093, 50.2161973], [106.2051749, 50.2159332], [106.2050196, 50.2156588], [106.204722, 50.215133], [106.2043638, 50.2145447], [106.2042068, 50.2142403], [106.2040757, 50.2139256], [106.2039446, 50.2135823], [106.2038383, 50.2132175], [106.2027411, 50.2097073], [106.2017401, 50.2065244], [106.2007399, 50.2033704], [106.1989438, 50.1976471], [106.1979093, 50.1943767], [106.1969582, 50.1913551], [106.1967434, 50.1906314], [106.1964691, 50.1895815], [106.1963724, 50.1890812], [106.196149, 50.1877603], [106.1958795, 50.1860685], [106.1956652, 50.1848754], [106.1954723, 50.183659], [106.1952565, 50.1824521], [106.1949409, 50.1812503], [106.194321, 50.179241], [106.1937032, 50.1772408], [106.1931216, 50.1753398], [106.1928307, 50.1744075], [106.192589, 50.1734712], [106.1925126, 50.1728922], [106.1925232, 50.1722027], [106.1925394, 50.1718472], [106.1925822, 50.1714926], [106.1927068, 50.1708189], [106.1928749, 50.1701103], [106.1932007, 50.1688578], [106.1940401, 50.1655565], [106.1951647, 50.1611299], [106.1960941, 50.1575011], [106.1970305, 50.1538641], [106.1973738, 50.1525308], [106.1975948, 50.1511925], [106.1976302, 50.1493689], [106.1975833, 50.1486332], [106.1974815, 50.1479116], [106.1971284, 50.1464723], [106.1971124, 50.1464072], [106.196559, 50.144969], [106.1953216, 50.1418251], [106.1949183, 50.1407834], [106.1945113, 50.1397311], [106.1939096, 50.1382115], [106.1937986, 50.1379316], [106.1933053, 50.1366876], [106.1925883, 50.1348758], [106.1921, 50.1336534], [106.1916162, 50.1323958], [106.191118, 50.1311599], [106.1905459, 50.129674], [106.1900485, 50.1284407], [106.1886824, 50.1249363], [106.187741, 50.1225665], [106.1857009, 50.1173915], [106.1853768, 50.1165689], [106.185056, 50.1157767], [106.1847502, 50.114959], [106.1845938, 50.1146363], [106.184456, 50.1142026], [106.1843555, 50.1138515], [106.1842845, 50.1136474], [106.184238, 50.1134483], [106.1841466, 50.1129346], [106.1840422, 50.1120297], [106.1837974, 50.1102295], [106.183478, 50.1079336], [106.1831647, 50.1056472], [106.1827624, 50.1028097], [106.182378, 50.1000034], [106.1821403, 50.098174], [106.1818903, 50.0964324], [106.181722, 50.0952088], [106.1815243, 50.0939681], [106.181229, 50.0927878], [106.1808028, 50.0916346], [106.1803309, 50.0906855], [106.1798729, 50.0898805], [106.1794052, 50.0891454], [106.1788675, 50.0883989], [106.1782984, 50.0877035], [106.1777094, 50.0870386], [106.1761478, 50.0853286], [106.1734077, 50.0823058], [106.1714075, 50.0800994], [106.1705176, 50.0791089], [106.167281, 50.075449], [106.163396, 50.071438], [106.1613373, 50.0689919], [106.1597917, 50.0673018], [106.1587464, 50.0661587], [106.157662, 50.064979], [106.155185, 50.063238], [106.1536996, 50.0620402], [106.1518758, 50.0610425], [106.1518492, 50.0610279], [106.1509753, 50.0605829], [106.1500436, 50.0601743], [106.1470276, 50.0589931], [106.1440227, 50.0578221], [106.1431911, 50.057478], [106.1426031, 50.0572132], [106.1420488, 50.0569206], [106.1416005, 50.056633], [106.1411826, 50.0563301], [106.1407748, 50.05598], [106.1403992, 50.0556175], [106.1378107, 50.0526946], [106.1369457, 50.0516702], [106.1364173, 50.0510065], [106.1360737, 50.0503867], [106.1358333, 50.049961], [106.1356182, 50.0494702], [106.1352587, 50.0483882], [106.1346543, 50.0462807], [106.133821, 50.043239], [106.133063, 50.040684], [106.1327511, 50.0396289], [106.131203, 50.033664], [106.1308585, 50.0320374], [106.130749, 50.030452], [106.1309664, 50.028612], [106.1311274, 50.0273816], [106.1315058, 50.0251318], [106.1315614, 50.0247753], [106.1316304, 50.0243086], [106.1317846, 50.0234233], [106.1319492, 50.0223988], [106.1321011, 50.0215485], [106.1321654, 50.0211278], [106.1322478, 50.0205714], [106.1322858, 50.0203363], [106.1324093, 50.0195578], [106.1325248, 50.0188466], [106.1326424, 50.0181581], [106.1328646, 50.0168651], [106.1331117, 50.0154136], [106.1333934, 50.0135974], [106.1334551, 50.0131808], [106.133761, 50.0111153], [106.1337218, 50.0107648], [106.1336581, 50.0103313], [106.1335636, 50.0095868], [106.1333421, 50.0088025], [106.1332183, 50.0084609], [106.1330631, 50.0081381], [106.1326768, 50.0074258], [106.1322368, 50.0067522], [106.1316936, 50.0060234], [106.1311599, 50.005276], [106.130083, 50.003886], [106.1296076, 50.0030805], [106.1295298, 50.0029084], [106.12946, 50.0027245], [106.1293319, 50.0023482], [106.1290611, 50.0014993], [106.1289204, 50.0010573], [106.12885, 50.0006267], [106.1288447, 50.0005057], [106.1289143, 50.0000813], [106.1290993, 49.9995751], [106.1292718, 49.999144], [106.1293995, 49.9986101], [106.1293833, 49.9982305], [106.1293348, 49.9978151], [106.1292282, 49.9969367], [106.1292456, 49.9964493], [106.1293298, 49.9957856], [106.1294059, 49.9951715], [106.1294092, 49.9947458], [106.1293607, 49.9944032], [106.1292444, 49.9940127], [106.1290247, 49.9935849], [106.1287114, 49.993155], [106.1282221, 49.9926559], [106.127738, 49.992112], [106.1218313, 49.9862037], [106.1213173, 49.9856206], [106.1210119, 49.9851001], [106.1208866, 49.984522], [106.1209808, 49.9839191], [106.1212182, 49.9834089], [106.1217165, 49.9828674], [106.1221682, 49.9825197], [106.1228021, 49.98218], [106.1235657, 49.981936], [106.1242019, 49.9818149], [106.1252518, 49.9817639], [106.1265933, 49.9817498], [106.1274043, 49.9816663], [106.1280316, 49.9815347], [106.1285136, 49.9813606], [106.128923, 49.9811865], [106.1293456, 49.9809402], [106.1297748, 49.9806048], [106.1301512, 49.9802227], [106.130336, 49.979917], [106.1304501, 49.9796845], [106.1305407, 49.9793267], [106.1305341, 49.9789319], [106.1304747, 49.9785752], [106.1303484, 49.978173], [106.1299397, 49.9775867], [106.1290506, 49.9769055], [106.1279301, 49.9761979], [106.1270812, 49.9755432], [106.1264087, 49.9747831], [106.1259443, 49.9739127], [106.1257957, 49.9731764], [106.1258687, 49.9724073], [106.1261909, 49.9715293], [106.1267183, 49.9705585], [106.1270307, 49.9699136], [106.1271799, 49.9693848], [106.1271066, 49.9687773], [106.1267981, 49.9681866], [106.1263279, 49.9676072], [106.1258043, 49.9670339], [106.1252734, 49.9664828], [106.1248588, 49.9659258], [106.1245407, 49.9650098], [106.1244775, 49.9641775], [106.1246085, 49.9635366], [106.1249246, 49.9626554], [106.1251559, 49.9617607], [106.1252108, 49.9611054], [106.1251576, 49.9602656], [106.1249702, 49.95971], [106.124719, 49.959209], [106.123569, 49.957664], [106.122908, 49.9569929], [106.122296, 49.956181], [106.1220921, 49.9555284], [106.1221636, 49.9547954], [106.1224609, 49.95419], [106.12324, 49.9533047], [106.1239166, 49.9526396], [106.1242659, 49.9519804], [106.1243414, 49.9512788], [106.124239, 49.949843], [106.1242009, 49.9494654], [106.1242265, 49.9490742], [106.1244418, 49.9485216], [106.1246307, 49.9481819], [106.1252, 49.947509], [106.1257341, 49.9470829], [106.1267365, 49.9465375], [106.1282911, 49.94591], [106.1294124, 49.945414], [106.1303555, 49.9449641], [106.1312199, 49.9443395], [106.1323605, 49.9429632], [106.1338903, 49.9406643], [106.135619, 49.935706], [106.1360122, 49.9348016], [106.1367645, 49.9338849], [106.1375689, 49.9332584], [106.138547, 49.932679], [106.1388364, 49.9324748], [106.1391116, 49.932273], [106.1392449, 49.932163], [106.1393626, 49.9320556], [106.1395843, 49.93182], [106.1397602, 49.9315823], [106.1398652, 49.9313817], [106.1399442, 49.9311858], [106.1399962, 49.930984], [106.1400395, 49.9307716], [106.1400295, 49.930318], [106.1399707, 49.9300948], [106.1398947, 49.9298962], [106.1397137, 49.9294928], [106.1392088, 49.9286809], [106.1390987, 49.9284908], [106.1390011, 49.9282958], [106.1389174, 49.9281107], [106.138851, 49.9279092], [106.1388256, 49.9277926], [106.1388088, 49.927661], [106.1387965, 49.9274524], [106.1387987, 49.9273459], [106.138811, 49.9272193], [106.1388713, 49.9269954], [106.1389266, 49.9268183], [106.1390119, 49.9266291], [106.139189, 49.926329], [106.1394055, 49.9260563], [106.1396764, 49.9257907], [106.1402547, 49.9252419], [106.1414628, 49.9241578], [106.1416799, 49.9239862], [106.1419157, 49.9238164], [106.1421828, 49.9236538], [106.1425034, 49.9234999], [106.1427768, 49.9233961], [106.1430651, 49.9232983], [106.1433937, 49.9232084], [106.1437145, 49.9231422], [106.1440055, 49.9231025], [106.1443184, 49.923068], [106.1446279, 49.9230443], [106.1449341, 49.9230409], [106.1452219, 49.923051], [106.1454967, 49.9230773], [106.1457796, 49.9231042], [106.1460687, 49.9231396], [106.14777, 49.9234345], [106.1481026, 49.923488], [106.1483359, 49.9235295], [106.1489716, 49.9236314], [106.1494732, 49.9237056], [106.1500981, 49.9237885], [106.1508572, 49.9238645], [106.1516967, 49.9238869], [106.1522788, 49.9238766], [106.1528715, 49.923842], [106.1535206, 49.9237626], [106.1541349, 49.9236625], [106.1547759, 49.9235209], [106.155138, 49.923419], [106.1558059, 49.9232014], [106.1562565, 49.9230253], [106.1567205, 49.9228094], [106.1575869, 49.9223518], [106.1585578, 49.9218009], [106.1590245, 49.921547], [106.1595673, 49.9212283], [106.1600636, 49.9209588], [106.1603475, 49.9208011], [106.1606522, 49.9206393], [106.1612929, 49.9202604], [106.1618949, 49.9198902], [106.1622701, 49.9195957], [106.162462, 49.9194366], [106.1626474, 49.9192569], [106.1629446, 49.9189154], [106.1632407, 49.9184037], [106.1633083, 49.918234], [106.163372, 49.9180382], [106.1634223, 49.9178375], [106.1634556, 49.9176495], [106.1634768, 49.9173034], [106.1634311, 49.9169305], [106.1633734, 49.9166734], [106.1633108, 49.916513], [106.163151, 49.9161634], [106.1629471, 49.9158011], [106.1627279, 49.9154579], [106.1625387, 49.915167], [106.1612017, 49.9131503], [106.1607474, 49.9124723], [106.1605273, 49.9120988], [106.1602826, 49.9116631], [106.1600531, 49.911221], [106.1597023, 49.9105788], [106.1593345, 49.9099652], [106.1585611, 49.9087706], [106.1581229, 49.9081101], [106.1577157, 49.9074897], [106.1573082, 49.9068826], [106.1569139, 49.9062694], [106.1565168, 49.9056839], [106.1561634, 49.905139], [106.1560448, 49.9049209], [106.1559477, 49.9046978], [106.1558322, 49.9044103], [106.1557347, 49.9040888], [106.155686, 49.9038278], [106.1556511, 49.9034436], [106.1556325, 49.9030659], [106.1555981, 49.9022735], [106.1555725, 49.9014663], [106.1556007, 49.901166], [106.1556412, 49.9009592], [106.1557141, 49.9007381], [106.1557783, 49.9005953], [106.1559413, 49.9003356], [106.1561374, 49.9000928], [106.1562749, 49.8999553], [106.1566188, 49.8996624], [106.1567808, 49.8995489], [106.1569449, 49.8994448], [106.1570914, 49.8993608], [106.1572383, 49.8992834], [106.1575557, 49.8991392], [106.1579056, 49.8990099], [106.158343, 49.8988827], [106.1602874, 49.8983375], [106.1605114, 49.8982673], [106.1607311, 49.8981879], [106.1610421, 49.8980606], [106.1613158, 49.8979284], [106.1615395, 49.8977951], [106.16174, 49.8976622], [106.1618935, 49.8975474], [106.1621204, 49.8973524], [106.1623287, 49.89714], [106.1625131, 49.8968748], [106.1626536, 49.8965963], [106.1627519, 49.8963393], [106.1628057, 49.8960776], [106.1628067, 49.8958764], [106.1627943, 49.8956781], [106.1627485, 49.8953119], [106.1625221, 49.8944609], [106.1623414, 49.8937876], [106.1620434, 49.8925895], [106.1619504, 49.8921932], [106.1618742, 49.8918064], [106.161834, 49.8914464], [106.1618206, 49.8910629], [106.1618653, 49.8903682], [106.1619424, 49.8896177], [106.1619818, 49.8892284], [106.1620271, 49.8888641], [106.1620919, 49.8884962], [106.1621313, 49.8883131], [106.1621904, 49.8881208], [106.1623277, 49.887787], [106.1626016, 49.8872904], [106.1629257, 49.8867782], [106.1635223, 49.8859398], [106.1643963, 49.8846269], [106.1645958, 49.8842903], [106.164776, 49.8839195], [106.1649074, 49.8835534], [106.1650089, 49.883185], [106.1650233, 49.8831183], [106.165085, 49.8823399], [106.1650319, 49.8818239], [106.1649703, 49.8815673], [106.1648873, 49.8813206], [106.1647108, 49.8808879], [106.1646137, 49.8806884], [106.1645106, 49.880498], [106.1642096, 49.8799626], [106.164059, 49.8796926], [106.1639182, 49.8794165], [106.1636613, 49.8789097], [106.1635663, 49.8786432], [106.1634885, 49.8783785], [106.1634346, 49.8781179], [106.163393, 49.8778386], [106.1633628, 49.8774496], [106.1633785, 49.8772451], [106.1634032, 49.8770468], [106.1634271, 49.8768706], [106.1634657, 49.8766655], [106.163714, 49.8755136], [106.163858, 49.874907], [106.163992, 49.8742872], [106.16405, 49.873906], [106.1640731, 49.8737316], [106.164091, 49.873522], [106.1641051, 49.8731463], [106.1640939, 49.8727736], [106.1640595, 49.8724047], [106.1638834, 49.8709815], [106.1637504, 49.8700163], [106.1636273, 49.8690388], [106.1635282, 49.8684634], [106.1634089, 49.8679024], [106.1632179, 49.8673101], [106.1629747, 49.8667384], [106.1627794, 49.866359], [106.1624993, 49.8659174], [106.1622105, 49.8654868], [106.1592355, 49.8614406], [106.1579061, 49.8596834], [106.1572391, 49.8587909], [106.1565503, 49.8578664], [106.1548094, 49.8555161], [106.1530709, 49.85317], [106.1520397, 49.8517774], [106.1508205, 49.8501396], [106.1498179, 49.8487945], [106.1488283, 49.8474462], [106.1474366, 49.8455771], [106.1461529, 49.8438464], [106.1448717, 49.8421328], [106.1443934, 49.8414628], [106.1440524, 49.8410204], [106.1438506, 49.8407584], [106.1433145, 49.8400291], [106.143035, 49.8396818], [106.1427395, 49.8393577], [106.1423779, 49.8390098], [106.1419945, 49.838702], [106.1416087, 49.8384551], [106.1412263, 49.8382203], [106.1402829, 49.8377038], [106.1398511, 49.8374711], [106.1396156, 49.8373461], [106.1390555, 49.837042], [106.1382041, 49.8365881], [106.1374635, 49.8361951], [106.1362917, 49.8355604], [106.1352262, 49.8349917], [106.1342077, 49.8344458], [106.1332468, 49.833933], [106.1322471, 49.833409], [106.1305126, 49.8324767], [106.1285645, 49.8314413], [106.1269195, 49.8305629], [106.1250483, 49.8295562], [106.1245694, 49.8293051], [106.1233667, 49.8286571], [106.122859, 49.8283893], [106.112056, 49.822697], [106.106475, 49.819903], [106.102418, 49.817738], [106.100313, 49.816506], [106.083532, 49.807365], [106.071772, 49.801205], [106.070644, 49.800556], [106.066232, 49.796668], [106.061727, 49.79301], [106.058059, 49.791235], [106.055122, 49.789018], [106.054072, 49.786323], [106.054124, 49.784465], [106.05179, 49.781426], [106.047021, 49.780081], [106.043672, 49.778922], [106.036037, 49.774166], [106.032216, 49.770522], [106.029283, 49.767299], [106.026904, 49.76406], [106.025113, 49.759409], [106.023387, 49.756449], [106.022083, 49.755206], [106.02031, 49.75394], [106.018592, 49.751594], [106.017221, 49.748092], [106.017437, 49.743822], [106.015919, 49.7416869], [106.0151832, 49.7412113], [106.0123018, 49.7393339], [106.0119652, 49.7390592], [106.0118042, 49.7389077], [106.0116544, 49.7387476], [106.0114976, 49.7385318], [106.0114281, 49.7384159], [106.0113625, 49.7382953], [106.011296, 49.7381484], [106.0111883, 49.7378613], [106.0109677, 49.7370604], [106.0108699, 49.7366703], [106.0107014, 49.7362624], [106.0104781, 49.7359289], [106.0102152, 49.7356502], [106.0100108, 49.7354765], [106.009794, 49.7353102], [106.0087106, 49.7346815], [106.0080413, 49.7343092], [106.0074169, 49.7339187], [106.0063061, 49.7330919], [106.0040394, 49.7313261], [106.0033181, 49.7307371], [106.0027265, 49.7300989], [106.0022747, 49.729471], [106.0021026, 49.7291548], [106.0019705, 49.728821], [106.0018797, 49.7285946], [106.0018038, 49.7283174], [106.000879, 49.724212], [106.0003578, 49.7221603], [105.9999391, 49.7210801], [105.9995098, 49.7201678], [105.9990284, 49.7193478], [105.9985203, 49.7185479], [105.997931, 49.7177665], [105.9973022, 49.7170088], [105.996566, 49.716219], [105.995779, 49.7154666], [105.9949612, 49.7147715], [105.9937927, 49.7138768], [105.9932187, 49.7134794], [105.9926308, 49.7130974], [105.9913799, 49.7123461], [105.9907417, 49.711998], [105.990089, 49.711674], [105.98956, 49.7114098], [105.9890205, 49.7111608], [105.9879205, 49.7106926], [105.9857145, 49.7097959], [105.9835065, 49.7088921], [105.981294, 49.708], [105.9794089, 49.707226], [105.9775186, 49.70646], [105.9755792, 49.7056614], [105.9754717, 49.7056178], [105.9738313, 49.7049535], [105.9717345, 49.7040924], [105.9696254, 49.7032452], [105.9675065, 49.7023723], [105.9657433, 49.701647], [105.9565534, 49.6979166], [105.9505748, 49.69546], [105.9504049, 49.6953891], [105.9480445, 49.6944245], [105.946329, 49.6937284], [105.9445981, 49.6930156], [105.9423298, 49.69209], [105.9411401, 49.6916063], [105.9387796, 49.6906147], [105.9363637, 49.6896281], [105.9343569, 49.6888146], [105.9328441, 49.6882012], [105.932127, 49.6879083], [105.9313472, 49.6875941], [105.9301397, 49.6870879], [105.9298708, 49.6869767], [105.928284, 49.6863431], [105.9273094, 49.6859362], [105.9264428, 49.6855837], [105.9259535, 49.6853879], [105.9258889, 49.6853618], [105.9231985, 49.6842466], [105.9207111, 49.6831646], [105.9195281, 49.6825469], [105.9183721, 49.6819139], [105.9141306, 49.6794153], [105.9108309, 49.6774722], [105.9107257, 49.6774103], [105.9074768, 49.6755228], [105.9042375, 49.6736278], [105.9009528, 49.6717167], [105.897684, 49.6697949], [105.8972564, 49.6695186], [105.8968493, 49.6692291], [105.8964453, 49.6688974], [105.8961428, 49.6685868], [105.8957558, 49.668129], [105.8953741, 49.6675598], [105.8951101, 49.6670078], [105.893947, 49.6644248], [105.8925394, 49.6612204], [105.890171, 49.6559069], [105.8882801, 49.6516581], [105.8871584, 49.6491364], [105.8851754, 49.6447155], [105.883331, 49.6405455], [105.8825677, 49.6388043], [105.8811136, 49.6356016], [105.8805464, 49.6347163], [105.8800552, 49.6340978], [105.8793097, 49.6333257], [105.8784912, 49.6325675], [105.8775929, 49.6317895], [105.8762592, 49.6306048], [105.8739128, 49.6285231], [105.8707535, 49.6257032], [105.8677134, 49.6229927], [105.8655011, 49.6210404], [105.8646141, 49.6202031], [105.864283, 49.6198211], [105.8639764, 49.6194306], [105.863456, 49.6186356], [105.8632482, 49.6182555], [105.863059, 49.6178289], [105.8627678, 49.6169801], [105.862652, 49.6163709], [105.8625812, 49.6156782], [105.8626158, 49.6150141], [105.8627055, 49.6143296], [105.8628158, 49.6138771], [105.8629618, 49.6134113], [105.8633632, 49.6125062], [105.8643012, 49.6107364], [105.866249, 49.6070591], [105.8675037, 49.6046765], [105.8697737, 49.6003618], [105.8720011, 49.596173], [105.8724652, 49.5954499], [105.8727516, 49.595085], [105.8730659, 49.59473], [105.8732775, 49.5944834], [105.8738268, 49.5939398], [105.8742881, 49.5935488], [105.8757435, 49.5924733], [105.8777093, 49.5910537], [105.8785516, 49.5904453], [105.8789495, 49.5901434], [105.8793344, 49.5898343], [105.879739, 49.5894749], [105.8801515, 49.5890834], [105.8804372, 49.5887768], [105.8806918, 49.5884752], [105.880859, 49.5882569], [105.8811273, 49.5878761], [105.8813794, 49.5874623], [105.8815915, 49.5871049], [105.8817692, 49.5866922], [105.8819268, 49.5862611], [105.8822336, 49.5852141], [105.8828001, 49.5830943], [105.8830462, 49.5822622], [105.8834283, 49.5814512], [105.883707, 49.5809078], [105.8840804, 49.5804021], [105.8845449, 49.579802], [105.8853355, 49.579054], [105.8862059, 49.5783244], [105.8880141, 49.5768607], [105.8898751, 49.5753276], [105.8907254, 49.5746294], [105.8917934, 49.5737593], [105.892347, 49.5733024], [105.8924337, 49.5732395], [105.8937273, 49.5721718], [105.8943993, 49.5716033], [105.8950014, 49.5710437], [105.8957631, 49.5702794], [105.8964731, 49.5694698], [105.8969352, 49.5688816], [105.8973541, 49.56829], [105.8975588, 49.5679814], [105.8980746, 49.567117], [105.8993818, 49.5647426], [105.9003512, 49.5629575], [105.9012795, 49.5612247], [105.9030776, 49.5579121], [105.9039913, 49.5562384], [105.9048902, 49.5546104], [105.9058737, 49.552812], [105.9067666, 49.5511844], [105.9070825, 49.5505834], [105.9078993, 49.5490982], [105.9087029, 49.5476137], [105.9089265, 49.5472086], [105.9095468, 49.5460549], [105.9104867, 49.5443382], [105.9115465, 49.5423986], [105.9125966, 49.5404526], [105.9141788, 49.5375506], [105.9159208, 49.5343466], [105.9167891, 49.5327593], [105.9170339, 49.5322994], [105.9172629, 49.5318258], [105.9174235, 49.5314499], [105.9176025, 49.5310197], [105.9177423, 49.5306386], [105.9178813, 49.5302097], [105.9181044, 49.5293883], [105.9182058, 49.5289103], [105.9182923, 49.5284132], [105.9183975, 49.5274349], [105.918493, 49.5254479], [105.9186088, 49.523206], [105.9187146, 49.5209719], [105.9189295, 49.5165402], [105.9191355, 49.5121089], [105.9194448, 49.5058045], [105.91963, 49.5018919], [105.919715, 49.5011983], [105.9198614, 49.5005626], [105.9200745, 49.4999856], [105.9203061, 49.4994246], [105.9208467, 49.4985201], [105.9210893, 49.4981984], [105.9215372, 49.4976651], [105.9221608, 49.4970368], [105.9228476, 49.496383], [105.9243553, 49.4949854], [105.9247361, 49.4946039], [105.9248758, 49.4944459], [105.9251089, 49.494168], [105.9255899, 49.493511], [105.9259957, 49.4928607], [105.9263556, 49.4921723], [105.9276308, 49.4896336], [105.9282591, 49.4884045], [105.9286215, 49.4877116], [105.9289353, 49.4870697], [105.9292263, 49.4864903], [105.9301841, 49.4846013], [105.9325378, 49.4799756], [105.9332663, 49.4785719], [105.9334343, 49.4782302], [105.933766, 49.4775769], [105.9338664, 49.4773846], [105.9341533, 49.476813], [105.9344666, 49.4761982], [105.9346578, 49.4758229], [105.934969, 49.4752612], [105.9352332, 49.4748388], [105.9355843, 49.4743773], [105.9358731, 49.4740517], [105.9361973, 49.4737329], [105.9365768, 49.4733948], [105.9370442, 49.4730309], [105.9374468, 49.4727534], [105.9378869, 49.4724789], [105.9383123, 49.4722414], [105.9388073, 49.4719918], [105.9392002, 49.4718134], [105.9400264, 49.4714614], [105.9415465, 49.4708275], [105.9421773, 49.4705453], [105.942556, 49.4703601], [105.9428926, 49.4701825], [105.943303, 49.4699474], [105.9436938, 49.4697097], [105.9441441, 49.469414], [105.9445021, 49.4691517], [105.9447966, 49.4689266], [105.9452878, 49.4685103], [105.9455914, 49.4682116], [105.9458493, 49.4679494], [105.9461577, 49.4676105], [105.9464304, 49.4672593], [105.9465867, 49.4670497], [105.9467773, 49.4667709], [105.9469789, 49.4664403], [105.9471575, 49.4661184], [105.9473444, 49.4657407], [105.9475544, 49.4651623], [105.947657, 49.4648167], [105.9477426, 49.4644614], [105.9478083, 49.4641013], [105.9478603, 49.463674], [105.9478732, 49.4633602], [105.9478653, 49.4630024], [105.9478402, 49.462669], [105.9477867, 49.4622754], [105.9477155, 49.4619325], [105.9476388, 49.4616395], [105.9475264, 49.4612964], [105.9474302, 49.461039], [105.9473358, 49.4608045], [105.9472142, 49.4605316], [105.9470852, 49.4602884], [105.9468318, 49.4598362], [105.9464764, 49.4592415], [105.9450866, 49.4569579], [105.9429342, 49.4534221], [105.940586, 49.4495336], [105.9394776, 49.4476928], [105.9391127, 49.4470786], [105.9388751, 49.4466469], [105.9385993, 49.4460492], [105.9384213, 49.4455314], [105.9383255, 49.4452032], [105.9382618, 49.444874], [105.938199, 49.4444708], [105.9381593, 49.4439948], [105.9381629, 49.4436109], [105.938188, 49.4432727], [105.9383519, 49.4422458], [105.9386266, 49.4409131], [105.9389691, 49.4392748], [105.9389955, 49.4391633], [105.9391152, 49.4386586], [105.9394237, 49.4372027], [105.9405462, 49.4316537], [105.9405565, 49.4316034], [105.9413944, 49.4276772], [105.9416428, 49.4265511], [105.941718, 49.4262133], [105.9417361, 49.4261004], [105.9418044, 49.4256014], [105.9419606, 49.4247868], [105.9420059, 49.4245105], [105.9420285, 49.424145], [105.9420357, 49.4239018], [105.9420325, 49.4235678], [105.9420166, 49.4232722], [105.9418832, 49.4209386], [105.941518, 49.4157075], [105.9414847, 49.4154414], [105.9414363, 49.4151877], [105.9413772, 49.4149537], [105.9412981, 49.4146989], [105.9411892, 49.4144295], [105.9410573, 49.4141606], [105.940903, 49.4138736], [105.9406676, 49.4135137], [105.9404445, 49.4132251], [105.9402485, 49.4130069], [105.9399852, 49.4127507], [105.9396926, 49.4124799], [105.9393589, 49.4122209], [105.9337744, 49.4078409], [105.9336219, 49.4077214], [105.9315182, 49.4060725], [105.9302169, 49.4050251], [105.9295331, 49.4045187], [105.9291199, 49.4041953], [105.9290411, 49.4041311], [105.9287127, 49.4038635], [105.928561, 49.4037218], [105.9283339, 49.4035097], [105.9280548, 49.4032143], [105.9277321, 49.4028728], [105.9274532, 49.4025098], [105.927368, 49.4023989], [105.9270281, 49.4019028], [105.9267117, 49.4013593], [105.926691, 49.4013105], [105.9262728, 49.4003222], [105.9259472, 49.3993586], [105.9253972, 49.3977306], [105.9250496, 49.3966948], [105.9246161, 49.3954029], [105.9232133, 49.3912947], [105.9219821, 49.3876503], [105.921801, 49.3872247], [105.9216195, 49.3868487], [105.9214177, 49.3864759], [105.9211754, 49.3861004], [105.9209213, 49.3857545], [105.9206264, 49.3853842], [105.9203075, 49.3850286], [105.9196037, 49.384349], [105.9143312, 49.3798797], [105.9123666, 49.3782107], [105.9114584, 49.3774416], [105.9105293, 49.3766582], [105.9100726, 49.3762674], [105.9096098, 49.3758814], [105.9091735, 49.3754926], [105.9087548, 49.3750826], [105.9083382, 49.3746338], [105.9079912, 49.3742143], [105.9077061, 49.3737991], [105.9074294, 49.3733762], [105.9072343, 49.3729919], [105.9070566, 49.3725983], [105.9068008, 49.371837], [105.906687, 49.3713185], [105.9065934, 49.3706592], [105.9064382, 49.3694532], [105.9057205, 49.3632665], [105.9052514, 49.3591494], [105.9050503, 49.3581375], [105.9047746, 49.3571587], [105.9041205, 49.3546356], [105.903453, 49.3521236], [105.9029994, 49.3504013], [105.9028812, 49.3498082], [105.9028342, 49.349227], [105.9028407, 49.3488368], [105.9028819, 49.3484142], [105.9029747, 49.3479821], [105.9030832, 49.3476084], [105.9032474, 49.347168], [105.9034543, 49.3467626], [105.9037273, 49.346296], [105.9040242, 49.3458665], [105.9052481, 49.3443987], [105.9058495, 49.3436647], [105.9061097, 49.343285], [105.9063686, 49.3428852], [105.9065523, 49.3425186], [105.9067252, 49.3421632], [105.9070395, 49.3414144], [105.9085581, 49.3376503], [105.9109678, 49.3316656], [105.9113416, 49.3305566], [105.9116361, 49.3294383], [105.9119744, 49.3280354], [105.9123118, 49.3266921], [105.9123424, 49.3265247], [105.9129423, 49.3240272], [105.9133603, 49.3222107], [105.913569, 49.3214073], [105.9138261, 49.3206772], [105.9138894, 49.3205256], [105.9139753, 49.3203604], [105.914164, 49.3200588], [105.9143633, 49.3197706], [105.914597, 49.3194871], [105.9151928, 49.3188764], [105.9177636, 49.3165079], [105.9181831, 49.3161214], [105.9190234, 49.3151035], [105.9193668, 49.3145851], [105.9196933, 49.31406], [105.919921, 49.3135775], [105.9201158, 49.3131123], [105.9204753, 49.3119653], [105.920567, 49.3114623], [105.9206216, 49.3109651], [105.9206367, 49.3104681], [105.9206297, 49.3099729], [105.9205913, 49.3095435], [105.9204585, 49.3088894], [105.920318, 49.3082987], [105.9198279, 49.3070103], [105.9187961, 49.3043896], [105.9179532, 49.3023914], [105.9177908, 49.3019541], [105.9175855, 49.3015217], [105.9170348, 49.3005161], [105.9160684, 49.298972], [105.9158761, 49.2987597], [105.9146228, 49.2973763], [105.9112571, 49.29424], [105.9096031, 49.2926409], [105.9079169, 49.2910712], [105.9074396, 49.290636], [105.9069625, 49.2902249], [105.9059828, 49.2895107], [105.9053595, 49.2891209], [105.9046923, 49.2887352], [105.9032946, 49.2880492], [105.9005626, 49.2867072], [105.8993327, 49.2860676], [105.8990124, 49.2858833], [105.8987412, 49.2856901], [105.8984622, 49.2854532], [105.8982815, 49.2852415], [105.8981118, 49.2849957], [105.8979635, 49.2847148], [105.8978871, 49.2845242], [105.8978364, 49.2843057], [105.897796, 49.2838381], [105.8978672, 49.283518], [105.8979708, 49.2831859], [105.8983016, 49.2824613], [105.8987704, 49.2815271], [105.8991075, 49.2808487], [105.8995919, 49.2798507], [105.8998086, 49.279263], [105.8998703, 49.2790014], [105.8999221, 49.2786935], [105.8999474, 49.2780583], [105.8998285, 49.2774268], [105.8997447, 49.277085], [105.8996015, 49.2767702], [105.8992677, 49.2761458], [105.8984159, 49.274792], [105.8975152, 49.2734115], [105.897129, 49.2728252], [105.8967781, 49.2722535], [105.8966927, 49.2720862], [105.8966244, 49.2718835], [105.8965275, 49.2715183], [105.8965098, 49.2712767], [105.8965253, 49.2710405], [105.8965996, 49.2704294], [105.8967131, 49.2697091], [105.8969273, 49.2687428], [105.8970866, 49.268448], [105.897285, 49.2681533], [105.8977662, 49.2676009], [105.8985382, 49.2668335], [105.8988363, 49.2664062], [105.898965, 49.2661371], [105.8990434, 49.2658066], [105.8990806, 49.2655435], [105.8990544, 49.2651049], [105.8988703, 49.2646064], [105.8987702, 49.2644261], [105.8986225, 49.2642349], [105.8982941, 49.2638918], [105.8974756, 49.2632562], [105.8967421, 49.2626683], [105.8965139, 49.2624678], [105.8962605, 49.2622003], [105.8960886, 49.26194], [105.8959173, 49.2616473], [105.8958308, 49.2613705], [105.8957713, 49.2610369], [105.8958065, 49.2603209], [105.8959938, 49.2590523], [105.8960736, 49.2583062], [105.8959938, 49.2572546], [105.8958903, 49.2568044], [105.8957294, 49.256068], [105.8955187, 49.2553221], [105.8950463, 49.253633], [105.8947598, 49.2526406], [105.8945039, 49.2519501], [105.8939004, 49.2506341], [105.8935567, 49.2499839], [105.8931617, 49.2493638], [105.8927281, 49.2487425], [105.892283, 49.2481614], [105.891818, 49.2475846], [105.8913307, 49.2470567], [105.8907162, 49.2464309], [105.8901036, 49.2458598], [105.8894095, 49.2452542], [105.8886825, 49.2446778], [105.8877282, 49.2439767], [105.8867388, 49.2433524], [105.8857273, 49.2427424], [105.8846593, 49.242175], [105.8838559, 49.2417839], [105.8829943, 49.2414142], [105.8821834, 49.2410631], [105.8813701, 49.2407657], [105.8768145, 49.2393121], [105.8744879, 49.2386288], [105.8685136, 49.2368553], [105.8662451, 49.2360726], [105.8648965, 49.2354223], [105.8643586, 49.2350749], [105.8637951, 49.2346556], [105.8630455, 49.2339345], [105.8624197, 49.2331431], [105.8621817, 49.2327229], [105.8620136, 49.2323733], [105.8617983, 49.2316552], [105.861622, 49.2308724], [105.8616996, 49.2293147], [105.8618815, 49.2267489], [105.8620755, 49.2239159], [105.8621151, 49.2221143], [105.8618331, 49.2212047], [105.8613168, 49.2202374], [105.8572911, 49.2141526], [105.8552776, 49.2111102], [105.8549933, 49.2102194], [105.8549404, 49.2094593], [105.8550726, 49.2086185], [105.8558875, 49.2074798], [105.8569644, 49.2066532], [105.8574272, 49.2063284], [105.8581849, 49.2058735], [105.8600522, 49.2046465], [105.8610509, 49.2039904], [105.8627681, 49.2028829], [105.864156, 49.2019861], [105.8651875, 49.2013133], [105.8656554, 49.200969], [105.8660835, 49.2006144], [105.8664146, 49.2003247], [105.8668374, 49.1998996], [105.867388, 49.1992265], [105.8674794, 49.1991008], [105.8678368, 49.1986092], [105.8680669, 49.1981979], [105.8683552, 49.1976177], [105.8684953, 49.1972572], [105.8685833, 49.1969936], [105.8686474, 49.1967873], [105.8688378, 49.1961037], [105.8690322, 49.1953654], [105.8691879, 49.1948141], [105.8692593, 49.1945701], [105.8692774, 49.1945068], [105.8694681, 49.1938194], [105.86959, 49.1934891], [105.8697313, 49.1931832], [105.8698885, 49.1929243], [105.8701133, 49.1925873], [105.8705773, 49.192073], [105.8712316, 49.1914348], [105.8720489, 49.1907107], [105.8728912, 49.1899427], [105.8735261, 49.1893832], [105.8744968, 49.18838], [105.8749437, 49.1877237], [105.8752366, 49.1870949], [105.8753729, 49.1865965], [105.875432, 49.1860974], [105.8754319, 49.1854359], [105.8753217, 49.1847363], [105.8747935, 49.1837371], [105.8741097, 49.1828767], [105.8709924, 49.179415], [105.8685544, 49.1767086], [105.866154, 49.1740739], [105.8654304, 49.1733831], [105.8646327, 49.1727844], [105.8630329, 49.1717732], [105.859698, 49.1697344], [105.8586537, 49.1689696], [105.858108, 49.1684188], [105.8576722, 49.1677308], [105.8575225, 49.167228], [105.8574764, 49.1669665], [105.8574666, 49.1666358], [105.8575353, 49.1661028], [105.8577305, 49.16549], [105.8580539, 49.1650491], [105.8584814, 49.1645713], [105.8597023, 49.1636937], [105.86329, 49.1613177], [105.8668935, 49.1588863], [105.8704969, 49.156471], [105.8724561, 49.1551456], [105.8799599, 49.1500576], [105.8815335, 49.1489875], [105.8823411, 49.1482057], [105.8828562, 49.1475523], [105.8833238, 49.1464546], [105.8834275, 49.1459707], [105.8834641, 49.1454596], [105.8828244, 49.1421797], [105.8824163, 49.1401475], [105.8823676, 49.1396502], [105.8823779, 49.139121], [105.882463, 49.138607], [105.8825496, 49.1381479], [105.8826483, 49.1378708], [105.8829935, 49.1370575], [105.8836075, 49.1361398], [105.8842802, 49.1354147], [105.8850149, 49.1347854], [105.886958, 49.1332759], [105.8879972, 49.1323716], [105.8883712, 49.1319837], [105.8887659, 49.1315319], [105.8894183, 49.1306244], [105.8897454, 49.1300623], [105.8899568, 49.1295694], [105.8901195, 49.129092], [105.8902056, 49.1288276], [105.8902788, 49.1284723], [105.8903738, 49.1278695], [105.8903635, 49.1265933], [105.8903957, 49.12467], [105.8904365, 49.1235155], [105.8904774, 49.1222533], [105.890538, 49.1214354], [105.8905996, 49.1195511], [105.890656, 49.117237], [105.8907511, 49.1145365], [105.8907894, 49.1134082], [105.8908265, 49.1128234], [105.8909128, 49.11228], [105.8910991, 49.1116019], [105.8912892, 49.1110811], [105.8915148, 49.1106066], [105.8917313, 49.1100961], [105.8918977, 49.109752], [105.8919619, 49.109611], [105.8930071, 49.1073138], [105.8939884, 49.1048581], [105.8941841, 49.103679], [105.8942776, 49.1025433], [105.894152, 49.1012288], [105.8938458, 49.0999542], [105.8932031, 49.0979714], [105.8917377, 49.0933331], [105.8891142, 49.0852353], [105.8868828, 49.0783606], [105.8863579, 49.0772558], [105.8860103, 49.0766774], [105.8854961, 49.0760271], [105.8849715, 49.0754139], [105.8843819, 49.0748147], [105.8830279, 49.0737077], [105.8803104, 49.0716661], [105.8795077, 49.0705814], [105.8793081, 49.0702629], [105.8791552, 49.0699212], [105.8790268, 49.0694544], [105.8789461, 49.0689922], [105.8789102, 49.0683757], [105.8791458, 49.0673231], [105.8797098, 49.0659993], [105.8803909, 49.0644764], [105.8810763, 49.0631436], [105.8837082, 49.0588237], [105.8844426, 49.0575713], [105.8852688, 49.0563186], [105.8859834, 49.0554916], [105.8869347, 49.054641], [105.8889868, 49.0533385], [105.8925445, 49.0516925], [105.8953737, 49.0504897], [105.8983206, 49.0494141], [105.908994, 49.0456419], [105.9168781, 49.0428598], [105.918175, 49.0421337], [105.9187989, 49.0416225], [105.9194027, 49.0410697], [105.9218693, 49.039237], [105.9232313, 49.0377106], [105.9240482, 49.0366551], [105.9245032, 49.0360673], [105.9249711, 49.0351686], [105.9252591, 49.0342156], [105.9261983, 49.031135], [105.9266113, 49.0296811], [105.9268107, 49.0289563], [105.9269752, 49.0281743], [105.926837, 49.0274137], [105.9266785, 49.0268226], [105.9264, 49.0262543], [105.9260657, 49.0256756], [105.9246758, 49.0242881], [105.9232991, 49.0230746], [105.9226091, 49.0222166], [105.9222416, 49.0215456], [105.9219891, 49.0198413], [105.9225377, 49.0182099], [105.9251048, 49.0143917], [105.9263665, 49.0112116], [105.9280518, 49.0058105], [105.9282217, 49.0050612], [105.928267, 49.0047363], [105.9283157, 49.003517], [105.9281601, 49.0002606], [105.928249, 48.9996873], [105.9290651, 48.9969824], [105.9302334, 48.9934286], [105.9305063, 48.9925361], [105.9309083, 48.9917652], [105.9312449, 48.9913222], [105.9323259, 48.9903328], [105.9336641, 48.9895554], [105.93632, 48.9882279], [105.9413524, 48.9858352], [105.9423462, 48.9852598], [105.9437646, 48.984208], [105.944689, 48.9833388], [105.9466888, 48.9809556], [105.9474725, 48.9801367], [105.9489663, 48.9789514], [105.950301, 48.9780119], [105.9522159, 48.9767291], [105.9524744, 48.9765516], [105.9543889, 48.9752566], [105.9552685, 48.9746293], [105.9561395, 48.9738994], [105.9567275, 48.9732375], [105.9572804, 48.9725052], [105.9574972, 48.9721646], [105.9577172, 48.9717555], [105.9580727, 48.9709385], [105.9587141, 48.9691836], [105.9590079, 48.9685422], [105.9591294, 48.968298], [105.9592969, 48.9681022], [105.9597388, 48.967709], [105.9602723, 48.9673546], [105.96088, 48.9671168], [105.9616213, 48.9668962], [105.9643198, 48.9664505], [105.9655275, 48.9661067], [105.9659109, 48.9659101], [105.9665304, 48.965463], [105.9674284, 48.9647282], [105.9683497, 48.9640449], [105.9688389, 48.9637413], [105.9694311, 48.9634445], [105.9699545, 48.963231], [105.9708381, 48.9629531], [105.9715063, 48.9628387], [105.9726081, 48.9627079], [105.9731613, 48.9626825], [105.974668, 48.9628344], [105.9769472, 48.9630268], [105.978056, 48.9630377], [105.9793122, 48.9629258], [105.9834913, 48.962252], [105.9856912, 48.9618427], [105.9883014, 48.9610974], [105.9926384, 48.9594942], [105.9963849, 48.9581706], [106.0030709, 48.9558036], [106.007768, 48.9541317], [106.0098946, 48.9534573], [106.011989, 48.9530485], [106.0148609, 48.9527917], [106.0209344, 48.9523951], [106.0293751, 48.9517675], [106.0311034, 48.95149], [106.032106, 48.9512839], [106.033727, 48.9507482], [106.0351502, 48.9501301], [106.0379099, 48.9486196], [106.0412616, 48.9467095], [106.0446266, 48.9448602], [106.0463655, 48.9437944], [106.0470363, 48.9433384], [106.0479655, 48.9426605], [106.0542855, 48.9368418], [106.0594686, 48.9319202], [106.0623661, 48.9291447], [106.0633012, 48.9282024], [106.0640426, 48.9272445], [106.0644148, 48.9266265], [106.0647662, 48.9257864], [106.0651285, 48.9243889], [106.0651636, 48.9235972], [106.0651337, 48.9228332], [106.0649766, 48.9220225], [106.0646714, 48.9211974], [106.0641915, 48.9199761], [106.0640061, 48.9188725], [106.0641004, 48.9183705], [106.064285, 48.9178141], [106.0645674, 48.9173672], [106.0648344, 48.9170702], [106.0653152, 48.916631], [106.0657758, 48.9163333], [106.0663812, 48.9160153], [106.0672113, 48.9157148], [106.0681288, 48.9155221], [106.0689374, 48.9154435], [106.0695233, 48.9154314], [106.0701203, 48.9154425], [106.0726161, 48.9156787], [106.0746326, 48.9157827], [106.0758936, 48.9156866], [106.0766638, 48.9155686], [106.0774356, 48.9153881], [106.078907, 48.9148905], [106.0800752, 48.9142699], [106.0853318, 48.9099769], [106.0859711, 48.9094547], [106.0869706, 48.9086384], [106.0874715, 48.9081643], [106.0879375, 48.9076885], [106.0885167, 48.9069914], [106.0905168, 48.9043028], [106.091651, 48.9027795], [106.091868, 48.9024949], [106.0936126, 48.9001037], [106.0953743, 48.8977403], [106.0956351, 48.8973942], [106.0963581, 48.8964374], [106.0974261, 48.8950242], [106.0983009, 48.893993], [106.0991822, 48.8930765], [106.1002331, 48.8922618], [106.1010534, 48.8916512], [106.1011757, 48.8915619], [106.1013217, 48.8914553], [106.1104343, 48.8851032], [106.111552, 48.8843765], [106.1127133, 48.8837909], [106.1140906, 48.8832308], [106.1148196, 48.8829948], [106.1155293, 48.8827685], [106.1168909, 48.8824391], [106.1182773, 48.8822441], [106.1197061, 48.8821392], [106.1211637, 48.8821045], [106.1249454, 48.8819122], [106.1321565, 48.8816199], [106.1348376, 48.8815213], [106.1356147, 48.8814127], [106.1365431, 48.88122], [106.1371513, 48.8809775], [106.1377396, 48.8806624], [106.1387229, 48.8800127], [106.1398734, 48.8788611], [106.1405872, 48.8783122], [106.1410025, 48.878079], [106.1423547, 48.8775567], [106.1437642, 48.8773311], [106.1444625, 48.8772993], [106.1451206, 48.8773469], [106.1458584, 48.8774314], [106.1465665, 48.8776143], [106.1477492, 48.8780602], [106.1492861, 48.8791374], [106.1506857, 48.880288], [106.1514639, 48.8807723], [106.1523206, 48.8811651], [106.1532873, 48.8814284], [106.1541494, 48.8815162], [106.1551155, 48.8814997], [106.1559866, 48.8814309], [106.1579435, 48.8810199], [106.1587708, 48.8808755], [106.1596906, 48.8807821], [106.1604669, 48.8807807], [106.1613129, 48.8808488], [106.1648905, 48.8813408], [106.166095, 48.8816003], [106.1696136, 48.8831144], [106.1710548, 48.8837617], [106.1725333, 48.8843542], [106.1739822, 48.884777], [106.1754509, 48.885094], [106.1773471, 48.8853228], [106.182499, 48.8854605], [106.1843875, 48.885749], [106.185808, 48.8860615], [106.1918649, 48.887623], [106.1967188, 48.8888211], [106.1981112, 48.8889943], [106.1996747, 48.8890743], [106.201083, 48.8890464], [106.214522, 48.8879912], [106.2262837, 48.8870569], [106.238645, 48.8860274], [106.2508666, 48.8850814], [106.2525994, 48.8848785], [106.2542262, 48.8845002], [106.2579419, 48.8834812], [106.2617498, 48.8822425], [106.2689686, 48.8800491], [106.2836203, 48.8756573], [106.3001155, 48.8706231], [106.3123603, 48.8668434], [106.3190057, 48.864745], [106.3219065, 48.8639044], [106.3233647, 48.8633319], [106.3248203, 48.8626246], [106.3257641, 48.8620305], [106.3267084, 48.8613374], [106.3271865, 48.8609655], [106.3293389, 48.8593072], [106.3357307, 48.8542977], [106.3376573, 48.8527748], [106.3395938, 48.8512544], [106.3402676, 48.8507293], [106.3414324, 48.8498216], [106.3432688, 48.8483662], [106.3442552, 48.8476291], [106.3447946, 48.8472869], [106.3453995, 48.8469782], [106.345997, 48.8467181], [106.3466569, 48.8464809], [106.3469924, 48.8463741], [106.3473352, 48.8462769], [106.3477091, 48.8461991], [106.3480888, 48.8461281], [106.3484863, 48.8460653], [106.3494419, 48.8459478], [106.3556454, 48.8453254], [106.3586981, 48.8450498], [106.3595078, 48.8450245], [106.3603234, 48.8450517], [106.3611686, 48.8451392], [106.3620032, 48.8452649], [106.3632224, 48.8456349], [106.3644046, 48.8460852], [106.3688059, 48.8478819], [106.3693532, 48.8481053], [106.3742011, 48.8501119], [106.3756643, 48.8507062], [106.3764031, 48.8509824], [106.3771778, 48.8512312], [106.3776608, 48.851345], [106.3781767, 48.8514273], [106.3787175, 48.8514999], [106.379259, 48.8515378], [106.3797979, 48.8515673], [106.3806714, 48.8515618], [106.3810245, 48.8515412], [106.3814104, 48.8515072], [106.3820882, 48.8514188], [106.382782, 48.8512854], [106.3841417, 48.8509849], [106.3859374, 48.8505774], [106.3877408, 48.8501249], [106.3895753, 48.8497313], [106.3904972, 48.8495536], [106.3909903, 48.8494739], [106.3914751, 48.8494145], [106.392608, 48.8493358], [106.3937688, 48.8493097], [106.396052, 48.8494034], [106.4055518, 48.8502602], [106.4165596, 48.851252], [106.4178953, 48.8513754], [106.4243791, 48.8519566], [106.4260643, 48.8521286], [106.4333239, 48.8533444], [106.4354011, 48.8537042], [106.4357821, 48.8537708], [106.4360218, 48.8538127], [106.4366005, 48.8539074], [106.4371669, 48.8540033], [106.4389721, 48.8543157], [106.4410886, 48.8546797], [106.4498229, 48.8561063], [106.4547375, 48.8569239], [106.4585468, 48.8575576], [106.461206, 48.8580082], [106.4613691, 48.8580359], [106.4629572, 48.858305], [106.4669631, 48.8589823], [106.4682719, 48.8591469], [106.4697567, 48.859212], [106.4722654, 48.8591189], [106.4757501, 48.858858], [106.4819645, 48.8584057], [106.4846928, 48.8581833], [106.4862798, 48.8580721], [106.4874275, 48.8579916], [106.4900609, 48.8577853], [106.4927297, 48.8575884], [106.4938622, 48.8575801], [106.4949982, 48.8575925], [106.5018147, 48.8577821], [106.5086171, 48.8579813], [106.5229229, 48.8582714], [106.5236494, 48.8582712], [106.5243787, 48.8582492], [106.5247318, 48.8582396], [106.5251038, 48.858208], [106.5258624, 48.8581296], [106.5265916, 48.8580004], [106.5273084, 48.8578422], [106.5279562, 48.8576855], [106.5282399, 48.857599], [106.5286166, 48.8574841], [106.5319128, 48.8562571], [106.5335031, 48.8556873], [106.5342818, 48.8554257], [106.5351825, 48.8551915], [106.5360645, 48.8549894], [106.5371091, 48.8548065], [106.5390892, 48.8545265], [106.5430552, 48.8539782], [106.5474447, 48.853376], [106.5496375, 48.8530416], [106.5507576, 48.8528957], [106.5512954, 48.8528529], [106.5518552, 48.8528347], [106.5524018, 48.8528507], [106.5529429, 48.8528877], [106.5541787, 48.8529919], [106.555321, 48.8530899], [106.556508, 48.8531162], [106.5570143, 48.8530873], [106.5575171, 48.8530377], [106.5605837, 48.852707], [106.5654963, 48.8522004], [106.5679418, 48.851947], [106.5690962, 48.8518286], [106.5704076, 48.8517549], [106.5718679, 48.8517582], [106.5733156, 48.8517976], [106.5762272, 48.8519], [106.5820387, 48.8520863], [106.5883328, 48.8522988], [106.5914802, 48.852396], [106.5946015, 48.8525123], [106.6028924, 48.8527947], [106.6082239, 48.8529577], [106.6135775, 48.8531409], [106.621216, 48.8533905], [106.6250024, 48.8535336], [106.6287693, 48.8536205], [106.6294967, 48.8535943], [106.6302248, 48.8535238], [106.6310476, 48.8534479], [106.6319099, 48.8533248], [106.6334675, 48.8529848], [106.6343996, 48.8527012], [106.637798, 48.8516326], [106.6421739, 48.8502712], [106.6465471, 48.8488935], [106.6503425, 48.8476919], [106.652265, 48.8470838], [106.6541466, 48.8464361], [106.6553274, 48.8459221], [106.6564622, 48.8453005], [106.6584752, 48.8441435], [106.6605537, 48.8429706], [106.661435, 48.8425068], [106.6623205, 48.8420019], [106.6640724, 48.8409906], [106.666885, 48.8394202], [106.6682681, 48.8385793], [106.6683775, 48.8385059], [106.6685259, 48.8383946], [106.6686667, 48.8382846], [106.6689698, 48.8380118], [106.6692534, 48.8377265], [106.6695948, 48.8373122], [106.6697608, 48.8370699], [106.6698882, 48.8368674], [106.6701202, 48.8364189], [106.6702964, 48.8359766], [106.6709419, 48.8341388], [106.6719008, 48.8314049], [106.6728566, 48.828654], [106.6730668, 48.8281727], [106.6733143, 48.8276957], [106.6735112, 48.827413], [106.6737164, 48.8271606], [106.6740982, 48.8267788], [106.6745034, 48.8263988], [106.6754361, 48.8256738], [106.6772791, 48.8242696], [106.677965, 48.8237537], [106.6856732, 48.8178188], [106.686379, 48.8172475], [106.6871189, 48.8166745], [106.6878835, 48.8161526], [106.6883163, 48.8159145], [106.6887773, 48.8157212], [106.6891593, 48.8155724], [106.6896232, 48.8154503], [106.6901296, 48.8153409], [106.6910914, 48.8151485], [106.6916059, 48.8150566], [106.692122, 48.8149472], [106.6926429, 48.8147794], [106.693127, 48.8145986], [106.6935329, 48.8143997], [106.6938901, 48.8142054], [106.6942381, 48.8139733], [106.6945593, 48.8137152], [106.6947437, 48.8135287], [106.6949322, 48.8133288], [106.6952035, 48.8129294], [106.6953721, 48.8126057], [106.6955171, 48.8122245], [106.6955891, 48.8118419], [106.6957071, 48.8104994], [106.6957568, 48.8098258], [106.6958189, 48.8094769], [106.6959004, 48.8091417], [106.6959966, 48.8088795], [106.6961155, 48.8086314], [106.6962669, 48.8083435], [106.6964851, 48.8080202], [106.6967112, 48.8077438], [106.6969588, 48.8074685], [106.6972398, 48.8072058], [106.6976553, 48.8068964], [106.6989233, 48.8061484], [106.7007514, 48.8051619], [106.7025598, 48.804178], [106.7040034, 48.8033695], [106.7054821, 48.802569], [106.7070493, 48.8016982], [106.7075108, 48.8014446], [106.7080346, 48.8011567], [106.7086021, 48.8008448], [106.7097677, 48.8002113], [106.7109242, 48.7995255], [106.7113553, 48.7991984], [106.7117661, 48.7988295], [106.7121265, 48.7984607], [106.7124878, 48.798066], [106.7127618, 48.7976008], [106.7128363, 48.7974513], [106.7128875, 48.7973485], [106.7129918, 48.797105], [106.7130998, 48.7968073], [106.7131709, 48.7964597], [106.7132054, 48.7961159], [106.7132137, 48.7955971], [106.7131901, 48.7952943], [106.7131517, 48.794965], [106.7129953, 48.7942957], [106.7128252, 48.7936285], [106.7123359, 48.7915914], [106.71186, 48.7895705], [106.711691, 48.7887044], [106.7116563, 48.7882635], [106.7116565, 48.7878567], [106.7116613, 48.7876051], [106.7117085, 48.7873123], [106.7118005, 48.7869862], [106.7119397, 48.7866015], [106.7127887, 48.7847319], [106.7129444, 48.7843919], [106.7130442, 48.784174], [106.713115, 48.7840195], [106.7133898, 48.783368], [106.7135701, 48.7827066], [106.7136448, 48.7819709], [106.7136435, 48.7817647], [106.7137179, 48.778909], [106.71375, 48.7777424], [106.7137529, 48.7775916], [106.7138178, 48.7754582], [106.713904, 48.7720717], [106.7139957, 48.771481], [106.7142021, 48.7708904], [106.7147811, 48.7699059], [106.7169553, 48.7673767], [106.7174385, 48.7665944], [106.717636, 48.7658891], [106.7176125, 48.765094], [106.717447, 48.764552], [106.7172828, 48.7642198], [106.7158415, 48.7620834], [106.7154777, 48.7614341], [106.7153482, 48.7607607], [106.7153943, 48.7601008], [106.7156777, 48.7593945], [106.7161629, 48.7587349], [106.7195886, 48.7558482], [106.7200838, 48.7552569], [106.7203868, 48.7546543], [106.7205329, 48.7539646], [106.7201808, 48.7500194], [106.7202336, 48.7493763], [106.7204599, 48.7485146], [106.7220299, 48.7447784], [106.7221676, 48.744028], [106.7221373, 48.7431876], [106.721892, 48.7423125], [106.7216989, 48.7418997], [106.7209022, 48.7407782], [106.7177961, 48.7381006], [106.7172886, 48.737622], [106.7168608, 48.7370387], [106.7163033, 48.7359494], [106.7157169, 48.7343905], [106.7155023, 48.733968], [106.7149623, 48.7332977], [106.7142458, 48.732661], [106.7131362, 48.7319501], [106.7096862, 48.730065], [106.7087958, 48.7293144], [106.7084238, 48.7288662], [106.7081262, 48.7283829], [106.7079075, 48.7278452], [106.7077639, 48.7269005], [106.7078311, 48.7263602], [106.708054, 48.7256641], [106.7085767, 48.7248276], [106.7127134, 48.7205321], [106.7133891, 48.7196679], [106.7168475, 48.7143689], [106.7176169, 48.7133926], [106.7184061, 48.7126385], [106.7195237, 48.7117656], [106.724789, 48.7077774], [106.7251411, 48.7075677], [106.726267, 48.7069273], [106.7340473, 48.7029013], [106.7425065, 48.6984394], [106.7435077, 48.697921], [106.7445551, 48.6974976], [106.7452331, 48.6973232], [106.7459424, 48.6972108], [106.7466632, 48.6971482], [106.7473884, 48.6971603], [106.7485506, 48.6973242], [106.7517614, 48.6981049], [106.7528412, 48.6982328], [106.7538328, 48.6982507], [106.7578463, 48.6981083], [106.7589075, 48.6980005], [106.7599193, 48.6978052], [106.7609135, 48.6975264], [106.7613074, 48.697349], [106.762499, 48.696685], [106.7753626, 48.6878598], [106.776627, 48.6869481], [106.7776801, 48.6860341], [106.7789691, 48.6845341], [106.7799215, 48.6828511], [106.7804495, 48.6808942], [106.7805131, 48.678958], [106.7804009, 48.6768495], [106.7802735, 48.6762252], [106.7799086, 48.6752516], [106.7793986, 48.6743143], [106.7781263, 48.6726409], [106.7734254, 48.6668199], [106.7721631, 48.6656359], [106.7708342, 48.6645115], [106.770156, 48.6637441], [106.7694665, 48.6625684], [106.7665507, 48.6569345], [106.7662164, 48.6562234], [106.7658604, 48.6551133], [106.765774, 48.6546792], [106.7647653, 48.6498736], [106.7647548, 48.6498127], [106.7647498, 48.6497678], [106.7646548, 48.6492905], [106.764501, 48.6486034], [106.7644536, 48.6483919], [106.7643498, 48.6479286], [106.7642476, 48.6473771], [106.7641459, 48.6468554], [106.7640255, 48.6463142], [106.7638831, 48.6455717], [106.7638159, 48.6450836], [106.7637836, 48.644693], [106.7637809, 48.6441655], [106.7637916, 48.6437834], [106.7639009, 48.6429612], [106.7640274, 48.6418978], [106.7641924, 48.6404137], [106.7643285, 48.6393614], [106.7644109, 48.6386279], [106.7644536, 48.6382733], [106.7647931, 48.6354529], [106.7648481, 48.6350655], [106.765132, 48.6328942], [106.7651482, 48.6320047], [106.765103, 48.6315994], [106.7647261, 48.6305246], [106.7643119, 48.6298819], [106.7632141, 48.6287293], [106.7623394, 48.6279208], [106.7615548, 48.6270408], [106.7612361, 48.6265683], [106.7609707, 48.6260617], [106.7607835, 48.6255371], [106.7606739, 48.6250318], [106.7606029, 48.6239926], [106.7607665, 48.6231379], [106.763278, 48.6152947], [106.7633942, 48.6144404], [106.7633634, 48.6139907], [106.7629545, 48.612005], [106.7629943, 48.6115599], [106.763172, 48.6110987], [106.7637363, 48.6102684], [106.7652504, 48.6082922], [106.7657079, 48.6074498], [106.7659121, 48.6066055], [106.7660681, 48.6037362], [106.7661607, 48.6003922], [106.7660361, 48.5997776], [106.7653062, 48.5979902], [106.7651703, 48.5970661], [106.7651986, 48.5967441], [106.7659005, 48.5939578], [106.7661369, 48.5933407], [106.7666071, 48.5927143], [106.7674407, 48.5921225], [106.7689986, 48.5912677], [106.7695989, 48.590732], [106.7698793, 48.5903374], [106.7700872, 48.5897684], [106.7702307, 48.588021], [106.7703924, 48.5874526], [106.7706424, 48.5868951], [106.7709686, 48.5863824], [106.7717656, 48.5855099], [106.7770263, 48.5814247], [106.7837414, 48.5763097], [106.7847373, 48.575668], [106.7852972, 48.5753808], [106.7921422, 48.572289], [106.793199, 48.5719282], [106.7941095, 48.5717185], [106.7955384, 48.5715262], [106.7965626, 48.5714887], [106.7988954, 48.571382], [106.801232, 48.5712568], [106.8024481, 48.5710675], [106.8042052, 48.5706183], [106.8048005, 48.5704033], [106.8059159, 48.5699027], [106.8201944, 48.5621306], [106.8225008, 48.5608434], [106.8230595, 48.5604827], [106.8235473, 48.5600769], [106.823929, 48.5596185], [106.8241821, 48.5591027], [106.8243858, 48.5584435], [106.825089, 48.5483218], [106.825285, 48.5476112], [106.8256327, 48.5470032], [106.8265323, 48.5460686], [106.8291721, 48.543725], [106.8296262, 48.5434098], [106.830127, 48.5431204], [106.8309677, 48.5427612], [106.8322459, 48.5423784], [106.834202, 48.5419025], [106.8356606, 48.5413381], [106.8361097, 48.5410913], [106.8373843, 48.5402406], [106.8389072, 48.5391511], [106.8394364, 48.5387171], [106.839821, 48.5382356], [106.8401152, 48.5376518], [106.8402381, 48.5370426], [106.8402369, 48.5370063], [106.8402243, 48.5366287], [106.8400191, 48.5359475], [106.8395873, 48.5353343], [106.8391896, 48.5349538], [106.8387433, 48.5346379], [106.8379052, 48.5342262], [106.8371327, 48.5339967], [106.8365208, 48.5338717], [106.8359489, 48.5338028], [106.8350535, 48.5338154], [106.8291799, 48.5347707], [106.8286389, 48.5347991], [106.8275952, 48.5347231], [106.8265772, 48.5344411], [106.826126, 48.5342439], [106.8256789, 48.5339774], [106.825068, 48.533367], [106.8247251, 48.5327811], [106.8245949, 48.532215], [106.8246881, 48.5315233], [106.824867, 48.531128], [106.8254232, 48.530491], [106.8257501, 48.530236], [106.8263262, 48.5299037], [106.8303109, 48.5280034], [106.8321744, 48.5270505], [106.8325652, 48.5268244], [106.8331868, 48.5263391], [106.8336659, 48.5257705], [106.8339119, 48.5252725], [106.8344419, 48.523598], [106.8345948, 48.5226561], [106.8345094, 48.5221786], [106.8342746, 48.5215871], [106.8338959, 48.5210334], [106.8331516, 48.5203469], [106.8321914, 48.5197911], [106.8318915, 48.5196348], [106.831181, 48.5192858], [106.8302191, 48.5189605], [106.8295402, 48.5188213], [106.8280751, 48.5187154], [106.8238526, 48.5186348], [106.8228602, 48.5187284], [106.8218832, 48.5189431], [106.8212995, 48.5191243], [106.8201688, 48.5197303], [106.8193924, 48.5204045], [106.816958, 48.5229055], [106.8165654, 48.5232657], [106.8160239, 48.5236287], [106.8153345, 48.5239394], [106.8145028, 48.5241675], [106.8137841, 48.5242585], [106.8130454, 48.5242596], [106.8122783, 48.5241638], [106.8116713, 48.5240209], [106.8107523, 48.52362], [106.810241, 48.5232787], [106.8092718, 48.5225082], [106.8044247, 48.5184331], [106.8036215, 48.5178755], [106.8026574, 48.5173631], [106.8016279, 48.5169603], [106.8009129, 48.5167527], [106.8002082, 48.5166182], [106.7994979, 48.5165186], [106.7967228, 48.5162879], [106.7949245, 48.5160304], [106.7939829, 48.5158245], [106.7925626, 48.515313], [106.7913979, 48.5146858], [106.7905144, 48.5140017], [106.7897445, 48.5131253], [106.7893188, 48.5123732], [106.7890517, 48.5115637], [106.788981, 48.5106524], [106.7891635, 48.5096787], [106.7915398, 48.503682], [106.7918042, 48.502321], [106.7918373, 48.5017412], [106.7917283, 48.5006812], [106.7906121, 48.4951948], [106.7907132, 48.4941465], [106.7909636, 48.4933886], [106.7914252, 48.492603], [106.7920075, 48.4919129], [106.7956421, 48.4880491], [106.796019, 48.487554], [106.7962875, 48.4870306], [106.7964553, 48.4863426], [106.796413, 48.4856537], [106.795583, 48.4831782], [106.7954739, 48.4822728], [106.7955675, 48.4815729], [106.7958174, 48.4809294], [106.7961875, 48.4803297], [106.7968089, 48.4796706], [106.7979085, 48.4789458], [106.8037602, 48.4761691], [106.8042945, 48.4758783], [106.8049558, 48.4753553], [106.8053774, 48.4747237], [106.8054903, 48.4744428], [106.8055784, 48.4739042], [106.8054665, 48.4732826], [106.8051721, 48.4727296], [106.8044579, 48.4718275], [106.8039372, 48.4712], [106.8035359, 48.4707019], [106.8020403, 48.4689563], [106.8014835, 48.4684145], [106.8006443, 48.4678366], [106.7978884, 48.466259], [106.7973393, 48.4659053], [106.7968482, 48.4655052], [106.796546, 48.4652277], [106.7949679, 48.4633486], [106.7943069, 48.4626486], [106.776761, 48.4461905], [106.776124, 48.4457158], [106.7754381, 48.4453208], [106.7726656, 48.4442395], [106.7721049, 48.4439799], [106.7714405, 48.4435918], [106.7706293, 48.442953], [106.7631685, 48.4363052], [106.7621457, 48.4353537], [106.7615239, 48.4346614], [106.7609032, 48.4337712], [106.760388, 48.4327535], [106.7465565, 48.3917809], [106.7459861, 48.3905581], [106.7433723, 48.3855458], [106.7430443, 48.3847923], [106.7428115, 48.3840143], [106.7426847, 48.3832564], [106.7426588, 48.382469], [106.7427602, 48.3795757], [106.7428344, 48.3776927], [106.7431036, 48.3762227], [106.7434114, 48.375362], [106.7434462, 48.3752696], [106.7483445, 48.3632936], [106.7513712, 48.3566728], [106.7538644, 48.350705], [106.7540992, 48.3498741], [106.7542178, 48.3491329], [106.7544002, 48.3445302], [106.7547842, 48.3338722], [106.754725, 48.3330637], [106.7544973, 48.3323166], [106.7541647, 48.3316473], [106.7534055, 48.3307399], [106.7530696, 48.3304094], [106.7522976, 48.3298186], [106.7488459, 48.3272762], [106.7483024, 48.3267494], [106.7478984, 48.3262367], [106.7475903, 48.3257008], [106.7473632, 48.325181], [106.7472212, 48.3246391], [106.7464766, 48.319387], [106.7461819, 48.3184177], [106.7330768, 48.2891876], [106.7330419, 48.2891073], [106.7289571, 48.2799917], [106.728786, 48.2795016], [106.7286515, 48.2785194], [106.7287465, 48.2777782], [106.7289918, 48.2770526], [106.7292651, 48.2764815], [106.7296792, 48.2759305], [106.7351849, 48.2706266], [106.7362808, 48.2694067], [106.7368539, 48.2685665], [106.7408563, 48.2608504], [106.7410644, 48.2604495], [106.7478133, 48.2476009], [106.7480762, 48.2469571], [106.7482116, 48.2463874], [106.7482529, 48.2460055], [106.7481297, 48.2449967], [106.7478219, 48.2441675], [106.7472657, 48.2432915], [106.7467135, 48.2427037], [106.7462178, 48.2422872], [106.7384195, 48.2373317], [106.7369901, 48.2362617], [106.7360014, 48.2353117], [106.7351845, 48.2343392], [106.7345172, 48.2332279], [106.7312206, 48.2255814], [106.730735, 48.224846], [106.7302825, 48.2243533], [106.7297097, 48.2238879], [106.729048, 48.2234373], [106.7265078, 48.2219156], [106.7260018, 48.2215148], [106.7252825, 48.2207231], [106.7249078, 48.2201455], [106.7208655, 48.2129048], [106.7201794, 48.2117717], [106.719723, 48.211242], [106.7192024, 48.210751], [106.7178375, 48.2098221], [106.715102, 48.2082443], [106.7141961, 48.2075566], [106.713497, 48.2068019], [106.7128038, 48.2056147], [106.7122793, 48.2029684], [106.7122363, 48.2026667], [106.7120567, 48.201681], [106.7119457, 48.2010721], [106.711597, 48.1990843], [106.7115689, 48.1984697], [106.7115932, 48.1978413], [106.7117477, 48.1968607], [106.7118556, 48.1965473], [106.7121249, 48.1958247], [106.7135878, 48.1928481], [106.7144761, 48.1910405], [106.7147076, 48.1900567], [106.7147534, 48.1895659], [106.7146406, 48.1887058], [106.7142392, 48.1876716], [106.7126084, 48.1853197], [106.707187, 48.1775013], [106.7065793, 48.176398], [106.7047807, 48.1716447], [106.7043285, 48.1707192], [106.7037406, 48.1699188], [106.7026087, 48.1686566], [106.7002015, 48.1666664], [106.6992474, 48.1658776], [106.6976672, 48.164571], [106.6900349, 48.1582602], [106.6889162, 48.1572525], [106.6884501, 48.1567485], [106.6702086, 48.1338482], [106.6701176, 48.133734], [106.6689861, 48.1323132], [106.6623205, 48.1239425], [106.6622092, 48.1238029], [106.6583057, 48.118898], [106.6579533, 48.1184962], [106.6570956, 48.1177969], [106.6548542, 48.1162795], [106.6534711, 48.1153758], [106.6397161, 48.1062345], [106.6387799, 48.1056556], [106.6363773, 48.1043088], [106.6354341, 48.1037966], [106.6332385, 48.1026041], [106.6276752, 48.0995826], [106.6276226, 48.099554], [106.6264124, 48.0988967], [106.6195352, 48.0951613], [106.6097653, 48.0898542], [106.6078518, 48.0890312], [106.6053665, 48.0880791], [106.6051105, 48.087981], [106.5879219, 48.081507], [106.586629, 48.0808914], [106.5856359, 48.0801929], [106.5847298, 48.0792469], [106.5844441, 48.0788005], [106.5821773, 48.0742897], [106.5814931, 48.0732651], [106.5810016, 48.0727016], [106.580481, 48.0721901], [106.5802482, 48.0719954], [106.5793215, 48.0712201], [106.5790989, 48.0710906], [106.5788639, 48.0709539], [106.5747924, 48.0685856], [106.57348, 48.0675115], [106.571042, 48.0651362], [106.570732, 48.0648223], [106.5702402, 48.0643465], [106.5692569, 48.0633915], [106.5677084, 48.0618567], [106.5627751, 48.0569746], [106.5617117, 48.0559415], [106.5613074, 48.0555488], [106.5589677, 48.0532236], [106.5578923, 48.0520733], [106.5562514, 48.0497338], [106.5528742, 48.0447144], [106.5515521, 48.0427298], [106.5511776, 48.0420072], [106.5508596, 48.0410733], [106.5506632, 48.0402142], [106.5504047, 48.0346724], [106.5502998, 48.0339232], [106.5500873, 48.0332166], [106.5466511, 48.0248478], [106.5433856, 48.0168936], [106.5429988, 48.0158069], [106.5428772, 48.0149586], [106.5429057, 48.0145768], [106.5434423, 48.0119836], [106.5435667, 48.0110679], [106.5434662, 48.0101385], [106.5432603, 48.0095735], [106.5431905, 48.0094246], [106.5429794, 48.0089567], [106.5395327, 48.0039628], [106.5394748, 48.0038795], [106.5370056, 48.0002251], [106.5345093, 47.996499], [106.5342574, 47.9958849], [106.5340031, 47.9952638], [106.5320191, 47.9889844], [106.5320108, 47.988935], [106.5318833, 47.9881739], [106.5318465, 47.9871922], [106.5319708, 47.9861904], [106.5329444, 47.9808955], [106.5333293, 47.9798943], [106.5336389, 47.9792908], [106.5349516, 47.9772388], [106.5351265, 47.9767878], [106.5352261, 47.9762314], [106.5351649, 47.9755401], [106.5349536, 47.9749472], [106.533838, 47.9733038], [106.5334923, 47.9726433], [106.5333507, 47.9721207], [106.5333152, 47.9717081], [106.5334729, 47.9709117], [106.533853, 47.9702249], [106.5344277, 47.9695858], [106.5354778, 47.9687947], [106.535835, 47.9685256], [106.53599, 47.9684089], [106.5388944, 47.9662207], [106.5394616, 47.9657647], [106.5399131, 47.9652788], [106.5404078, 47.9644546], [106.5404983, 47.9640058], [106.5405218, 47.9632593], [106.5404023, 47.9627511], [106.5403003, 47.9624463], [106.5400258, 47.9619683], [106.5397731, 47.961675], [106.5394649, 47.9613652], [106.5387253, 47.960824], [106.5382704, 47.9605955], [106.5377723, 47.960396], [106.5371756, 47.9602273], [106.5365789, 47.9600958], [106.5358679, 47.9600051], [106.5348179, 47.9599412], [106.5328994, 47.9598486], [106.5322188, 47.959779], [106.5319561, 47.9597285], [106.5316069, 47.9596656], [106.5311389, 47.9595633], [106.5304003, 47.959328], [106.530093, 47.959202], [106.5297859, 47.9590436], [106.529253, 47.9587261], [106.528925, 47.9584474], [106.5286192, 47.9581531], [106.5283804, 47.9578827], [106.5281293, 47.9575092], [106.5279808, 47.9571761], [106.5278817, 47.9568142], [106.5278267, 47.9564221], [106.5278148, 47.9560507], [106.5278869, 47.9555965], [106.5281763, 47.9548141], [106.5298955, 47.9507739], [106.5312183, 47.9474804], [106.5313986, 47.9465521], [106.5313811, 47.9460622], [106.5312896, 47.9454031], [106.5308724, 47.9444936], [106.5303381, 47.9435717], [106.5300871, 47.9431025], [106.5299594, 47.9426704], [106.529838, 47.9420913], [106.5298723, 47.9415665], [106.5300782, 47.9409106], [106.5303423, 47.9404668], [106.5306557, 47.940056], [106.5318777, 47.9388221], [106.5333547, 47.9373305], [106.5341546, 47.936588], [106.5353471, 47.9353956], [106.5357049, 47.9350536], [106.5375554, 47.9332771], [106.5402863, 47.9306431], [106.5417507, 47.9291741], [106.542801, 47.928176], [106.542842, 47.9281371], [106.543772, 47.9272153], [106.54649, 47.9245922], [106.5479364, 47.9231858], [106.5492476, 47.9219404], [106.5505316, 47.9206332], [106.5506509, 47.9205117], [106.5511305, 47.9198902], [106.551431, 47.9193745], [106.5516376, 47.9186845], [106.5519877, 47.91733], [106.5520707, 47.9168283], [106.552417, 47.9160674], [106.5526971, 47.9157194], [106.5532379, 47.9150474], [106.5550057, 47.9130486], [106.5564066, 47.9114621], [106.5568228, 47.9109908], [106.5572744, 47.9104793], [106.5576423, 47.9100627], [106.557689, 47.9100109], [106.5580924, 47.909564], [106.5584629, 47.9091535], [106.5586467, 47.9089869], [106.5589358, 47.908725], [106.5594682, 47.9083544], [106.5599993, 47.9080797], [106.5605657, 47.9078642], [106.5613227, 47.9076412], [106.5622263, 47.9075104], [106.5647769, 47.9074138], [106.5668506, 47.9073423], [106.5675059, 47.9072453], [106.5678096, 47.9071782], [106.5680948, 47.9070935], [106.5686529, 47.9068768], [106.5691431, 47.906615], [106.5716942, 47.9048594], [106.5722162, 47.9045023], [106.5727697, 47.9041508], [106.5733767, 47.9038847], [106.57406, 47.9036898], [106.5749151, 47.903572], [106.5755324, 47.9035712], [106.5761179, 47.9036216], [106.576714, 47.9037439], [106.5773258, 47.9039485], [106.5777383, 47.9041505], [106.5781414, 47.9043977], [106.5787002, 47.90487], [106.5799614, 47.9063226], [106.5807663, 47.9072808], [106.5814658, 47.9081047], [106.5821065, 47.9085885], [106.5826589, 47.9088764], [106.5833031, 47.9090958], [106.5840692, 47.9092609], [106.5846785, 47.9093043], [106.5854117, 47.9092776], [106.5858574, 47.9092219], [106.5861588, 47.9091581], [106.5866607, 47.9090322], [106.5872584, 47.9087976], [106.5876787, 47.9085504], [106.5880897, 47.9082273], [106.5884004, 47.907901], [106.5886479, 47.907476], [106.5887973, 47.9071346], [106.5888817, 47.9066134], [106.5886994, 47.9058086], [106.5879992, 47.9043329], [106.5877842, 47.9037465], [106.5876833, 47.9033155], [106.5876749, 47.9029367], [106.5876664, 47.9023055], [106.5877842, 47.9016952], [106.5880241, 47.90106], [106.5884178, 47.9004045], [106.5887132, 47.9000261], [106.5893233, 47.8994189], [106.5897711, 47.8990599], [106.5902384, 47.8987328], [106.5910229, 47.8983167], [106.5957066, 47.896219], [106.5962048, 47.8959533], [106.596672, 47.8956412], [106.597059, 47.8953316], [106.597515, 47.8948855], [106.5977823, 47.8945509], [106.5980485, 47.8940715], [106.5982363, 47.8936021], [106.5984428, 47.8927118], [106.5985903, 47.8921674], [106.5987498, 47.8912921], [106.5987771, 47.89115], [106.5996141, 47.886676], [106.6000977, 47.8839669], [106.6001219, 47.8837583], [106.6001728, 47.8834435], [106.6002935, 47.8827779], [106.600374, 47.8822562], [106.6005617, 47.8814683], [106.6006368, 47.8811553], [106.6007497, 47.8809203], [106.6009399, 47.8805761], [106.6012162, 47.8802253], [106.6016185, 47.8798889], [106.6019618, 47.8796694], [106.6023146, 47.879502], [106.6027111, 47.8793453], [106.6030891, 47.8792254], [106.6036692, 47.879094], [106.6051559, 47.8789105], [106.6060074, 47.8788041], [106.6085129, 47.8785198], [106.6103219, 47.8783084], [106.6118821, 47.8781774], [106.6128758, 47.8782239], [106.6137169, 47.878361], [106.6145842, 47.878623], [106.6150288, 47.8787939], [106.616251, 47.8793158], [106.6178352, 47.8800454], [106.6187257, 47.8804376], [106.6195518, 47.8807506], [106.6204047, 47.8809916], [106.6209304, 47.8811032], [106.6229434, 47.8815313], [106.6237119, 47.8817355], [106.6242054, 47.8818965], [106.624491, 47.882008], [106.625314, 47.8823773], [106.6259408, 47.8827293], [106.6272122, 47.8837331], [106.6280477, 47.8844085], [106.6288671, 47.8851091], [106.630514, 47.8865013], [106.6316101, 47.8874533], [106.6325927, 47.8882766], [106.6346365, 47.8900122], [106.6353071, 47.8906004], [106.6359508, 47.8910464], [106.6368949, 47.8915356], [106.637908, 47.8919376], [106.6400492, 47.8924709], [106.640768, 47.8926795], [106.6414118, 47.8929313], [106.6420662, 47.8933413], [106.6426134, 47.8939312], [106.6428494, 47.8943125], [106.6430318, 47.895039], [106.6429353, 47.8956721], [106.6426241, 47.8963123], [106.6412825, 47.8979708], [106.6412508, 47.8980099], [106.6409826, 47.8984487], [106.6408217, 47.8989738], [106.6407895, 47.8994413], [106.6409248, 47.8999098], [106.6411221, 47.900362], [106.6414771, 47.9007669], [106.641693, 47.9009763], [106.641818, 47.9010854], [106.6420266, 47.9012114], [106.6424847, 47.9014697], [106.642946, 47.9016783], [106.6433215, 47.9017862], [106.6437507, 47.9018725], [106.6446232, 47.9019596], [106.6452004, 47.9019431], [106.6454546, 47.9019193], [106.6457999, 47.9018869], [106.6468835, 47.9015704], [106.6500699, 47.900416], [106.6514057, 47.8999412], [106.6524142, 47.8996068], [106.6535622, 47.899319], [106.6544902, 47.8991824], [106.6555631, 47.8990853], [106.6564161, 47.8990673], [106.657269, 47.8991104], [106.6579127, 47.8991752], [106.6586691, 47.8992831], [106.659404, 47.8994377], [106.6600048, 47.8996032], [106.6611421, 47.9000024], [106.6618525, 47.9003144], [106.6621131, 47.9004289], [106.6628593, 47.9007588], [106.6634128, 47.9010013], [106.6639852, 47.9012108], [106.6645646, 47.9013618], [106.6652191, 47.9014841], [106.6656965, 47.9015524], [106.6662128, 47.901593], [106.6669089, 47.9016028], [106.6677135, 47.9015524], [106.6685504, 47.9014373], [106.6692424, 47.9012683], [106.6701007, 47.9009842], [106.6709858, 47.9006281], [106.6717905, 47.9003117], [106.6724288, 47.9000959], [106.6730457, 47.8999412], [106.6737485, 47.8998189], [106.6743547, 47.8997398], [106.6749984, 47.8997039], [106.6756797, 47.8997146], [106.6772515, 47.8998117], [106.6802341, 47.9000167], [106.6810833, 47.900092], [106.6818756, 47.9001966], [106.6826312, 47.9003434], [106.6838604, 47.9006857], [106.6848981, 47.9010655], [106.685738, 47.9014553], [106.6867357, 47.9020235], [106.6885972, 47.9033505], [106.6897559, 47.9041669], [106.6914564, 47.9053644], [106.6928673, 47.9063677], [106.6937578, 47.9069538], [106.6944444, 47.9073098], [106.6953617, 47.9076874], [106.6962254, 47.9079463], [106.6971266, 47.9081369], [106.6978884, 47.908234], [106.6987413, 47.9082843], [106.6994953, 47.9082786], [106.6995831, 47.9082736], [106.7001575, 47.9082412], [106.7008817, 47.9081513], [106.7013323, 47.9080722], [106.7019492, 47.9079283], [106.7047507, 47.9072318], [106.7188847, 47.9036886], [106.7201936, 47.903347], [106.721009, 47.9031743], [106.7216259, 47.9030664], [106.7222267, 47.9030017], [106.7228597, 47.9029586], [106.7234069, 47.9029478], [106.7245173, 47.9030161], [106.7284656, 47.9033865], [106.7290813, 47.9034469], [106.7297464, 47.9035121], [106.7441014, 47.9049336], [106.7460032, 47.9051245], [106.7461193, 47.9051318], [106.7466452, 47.9051816], [106.7620572, 47.9067017], [106.7626083, 47.9067559], [106.7627448, 47.9067694], [106.7668343, 47.9071652], [106.7674315, 47.9072202], [106.7675778, 47.9072375], [106.7681216, 47.9072952], [106.7835762, 47.9087971], [106.7837411, 47.9088119], [106.785282, 47.9089712], [106.7854755, 47.9089896], [106.7869474, 47.9091285], [106.7877597, 47.909181], [106.7884138, 47.9092101], [106.7891581, 47.9092443], [106.7895182, 47.9092535], [106.7898264, 47.9092526], [106.7918604, 47.9092366], [106.8015711, 47.9091162], [106.8017862, 47.9091141], [106.8165275, 47.9089382], [106.825564, 47.9088395], [106.8301374, 47.9088007], [106.8306202, 47.9087935], [106.8306927, 47.9087928], [106.8331105, 47.9087677], [106.8353892, 47.9087467], [106.835562, 47.9087402], [106.85433, 47.908518], [106.8557386, 47.908499], [106.8559652, 47.9084971], [106.8762041, 47.9082612], [106.8763362, 47.9082584], [106.8772869, 47.9082446], [106.8791123, 47.9082132], [106.8806607, 47.9082085], [106.8838558, 47.9081767], [106.8916229, 47.9080644], [106.8927307, 47.9080557], [106.8935341, 47.9080369], [106.8938667, 47.9080308], [106.8958166, 47.9080056], [106.8985377, 47.9079769], [106.9057161, 47.9078817], [106.9107517, 47.9077985], [106.9182211, 47.9077168], [106.930439, 47.9075526], [106.9326524, 47.9075229], [106.933251, 47.9075149], [106.9345978, 47.9074992], [106.9378737, 47.9074609], [106.9390297, 47.9074447], [106.9430952, 47.9073872], [106.9431961, 47.9073874], [106.9433672, 47.9073877], [106.9434401, 47.9073868], [106.9442359, 47.907362], [106.9461001, 47.9073398], [106.9503137, 47.9072883], [106.9560268, 47.9072073], [106.9612867, 47.9071408], [106.9627029, 47.9071192], [106.9636698, 47.9070926], [106.9639286, 47.9070941], [106.9654146, 47.9070779], [106.9674209, 47.9070491], [106.9691521, 47.9070224], [106.969749, 47.9070132], [106.9706798, 47.9069754], [106.9713336, 47.9069394], [106.9718393, 47.9069005], [106.9724102, 47.9068432], [106.9729497, 47.906781], [106.9734612, 47.9067156], [106.9810965, 47.9056534], [106.982967, 47.9053932], [106.9969613, 47.9034668], [106.9980272, 47.9033482], [107.0000041, 47.9032117], [107.005406, 47.9031545], [107.0058158, 47.9031554], [107.0070785, 47.9031478], [107.0077466, 47.9031438], [107.0088955, 47.9031355], [107.0095227, 47.9031632], [107.0098961, 47.9031715], [107.0135017, 47.9031576], [107.0143645, 47.9031471], [107.0157456, 47.9031432], [107.0182651, 47.9031089], [107.0187996, 47.9030869], [107.0193705, 47.9030837], [107.0205816, 47.9030791], [107.020882, 47.9030633], [107.0216257, 47.9030401], [107.0223387, 47.9030321], [107.0229424, 47.9030082], [107.0232052, 47.9029791], [107.0234286, 47.902959], [107.0238324, 47.9029155], [107.0243371, 47.9028318], [107.0249776, 47.9027242], [107.0256213, 47.9025692], [107.0260106, 47.9024495], [107.026353, 47.9023288], [107.0267913, 47.9021621], [107.0272476, 47.9019664], [107.0283133, 47.9015291], [107.0283754, 47.9015021], [107.0284682, 47.9014663], [107.0285222, 47.9014455], [107.029039, 47.901243], [107.0304832, 47.9006373], [107.0318259, 47.9000715], [107.0330692, 47.8994284], [107.033418, 47.8992134], [107.0346303, 47.8983159], [107.0356173, 47.897397], [107.0371142, 47.8955677], [107.0379569, 47.8945532], [107.0394565, 47.8926703], [107.039999, 47.8919563], [107.0407332, 47.8912897], [107.041535, 47.8907702], [107.042482, 47.8902789], [107.0435442, 47.8898835], [107.0444084, 47.8896573], [107.0453036, 47.8895044], [107.0494012, 47.8890955], [107.0508709, 47.8887067], [107.0540089, 47.8874591], [107.0557486, 47.8869931], [107.0656442, 47.8853054], [107.0675601, 47.8850275], [107.0696262, 47.8847927], [107.0710866, 47.8847073], [107.074049, 47.8846363], [107.0748989, 47.884486], [107.0756883, 47.8842323], [107.0761986, 47.8839271], [107.0767007, 47.883562], [107.0773834, 47.8826048], [107.0780048, 47.8816708], [107.0783757, 47.881192], [107.0789015, 47.8807183], [107.0795574, 47.8803068], [107.0802116, 47.8800122], [107.081001, 47.8797382], [107.0820366, 47.8794733], [107.0823871, 47.8793836], [107.082612, 47.8793237], [107.0837758, 47.8790169], [107.0845424, 47.878783], [107.0853211, 47.878474], [107.085781, 47.8782422], [107.0861998, 47.8780216], [107.0867958, 47.8776308], [107.0886369, 47.8761967], [107.0892633, 47.875792], [107.0899057, 47.875426], [107.0903924, 47.8751957], [107.0908949, 47.8749947], [107.0910524, 47.8749389], [107.0914604, 47.8747832], [107.0919042, 47.8746372], [107.0956865, 47.8733106], [107.0989451, 47.8721723], [107.0995232, 47.8719703], [107.1000815, 47.8717723], [107.1007443, 47.8715349], [107.1017218, 47.8711331], [107.1025518, 47.8706974], [107.103136, 47.8703473], [107.1041996, 47.8695447], [107.1050173, 47.8687015], [107.1055714, 47.8679031], [107.1058126, 47.867463], [107.1058935, 47.8673155], [107.1061378, 47.8668697], [107.106606, 47.8659641], [107.1070925, 47.865091], [107.1074165, 47.8646599], [107.1076385, 47.8644006], [107.1080038, 47.8640429], [107.108653, 47.863507], [107.1092171, 47.863162], [107.1096899, 47.8629101], [107.1102634, 47.8626529], [107.110883, 47.862437], [107.1120118, 47.8621224], [107.1133088, 47.8619151], [107.1137981, 47.8618805], [107.114752, 47.8618688], [107.1156461, 47.8619497], [107.1161015, 47.8619533], [107.118595, 47.8619748], [107.1197337, 47.8618667], [107.12106, 47.86159], [107.122175, 47.8611984], [107.123175, 47.860687], [107.124088, 47.860153], [107.124863, 47.859518], [107.125593, 47.858883], [107.126372, 47.858278], [107.127222, 47.857733], [107.1289622, 47.8566941], [107.129777, 47.856087], [107.130423, 47.855443], [107.1309, 47.854745], [107.13127, 47.854022], [107.131582, 47.853285], [107.131943, 47.852572], [107.1324216, 47.8518666], [107.1330968, 47.8511284], [107.1336839, 47.8506741], [107.1345601, 47.8501372], [107.1354767, 47.8497], [107.1373965, 47.8488835], [107.1382849, 47.848411], [107.1387105, 47.8481628], [107.1391127, 47.847867], [107.1396936, 47.8473324], [107.1399576, 47.8470171], [107.140212, 47.8466965], [107.14064, 47.846022], [107.141262, 47.844605], [107.14168, 47.843925], [107.142253, 47.843287], [107.142983, 47.842705], [107.14386, 47.84226], [107.144857, 47.841857], [107.145928, 47.841592], [107.147033, 47.841437], [107.148162, 47.841332], [107.1484181, 47.8413007], [107.1486555, 47.8412645], [107.1491875, 47.8411831], [107.1495239, 47.8411182], [107.1498061, 47.8410434], [107.1501144, 47.8409479], [107.1504232, 47.8408346], [107.1507258, 47.84071], [107.1510024, 47.840577], [107.1512451, 47.8404492], [107.15144, 47.8403291], [107.1516319, 47.8401986], [107.1518893, 47.8399978], [107.152109, 47.8398039], [107.1523134, 47.8396006], [107.1524922, 47.8393926], [107.1526848, 47.8391597], [107.1531542, 47.8385671], [107.154197, 47.83723], [107.1545192, 47.8368346], [107.1545987, 47.8367351], [107.16104, 47.828462], [107.1629984, 47.8259677], [107.1631126, 47.82582], [107.1632498, 47.8256247], [107.1633474, 47.8254695], [107.1634372, 47.8252999], [107.1634973, 47.8251541], [107.163539, 47.824998], [107.1635758, 47.8248214], [107.1635988, 47.8246303], [107.1635916, 47.8244244], [107.1635675, 47.8242309], [107.1635195, 47.8240364], [107.1634638, 47.8238666], [107.1633954, 47.8237003], [107.1632993, 47.8235154], [107.1631955, 47.8233521], [107.1630625, 47.8231835], [107.1629108, 47.8230147], [107.1627376, 47.8228573], [107.1625451, 47.822708], [107.1622996, 47.8225434], [107.1620618, 47.8224088], [107.161822, 47.8222915], [107.1615591, 47.8221855], [107.16124, 47.8220782], [107.1609302, 47.8219895], [107.1605839, 47.8219187], [107.1602329, 47.8218655], [107.1599301, 47.8218353], [107.1595811, 47.8218248], [107.1592775, 47.8218306], [107.1589319, 47.82185], [107.1585893, 47.8218828], [107.1582934, 47.8219216], [107.1579002, 47.8219645], [107.1575779, 47.8220003], [107.1573083, 47.8220164], [107.1570767, 47.8220205], [107.1568097, 47.8220132], [107.1565033, 47.8219921], [107.1562508, 47.821967], [107.1559551, 47.8219219], [107.1556779, 47.8218625], [107.1554556, 47.8218009], [107.1552278, 47.8217268], [107.1550005, 47.8216462], [107.1547853, 47.8215557], [107.1545503, 47.8214425], [107.1543569, 47.821336], [107.1541768, 47.8212221], [107.1540284, 47.8211129], [107.153888, 47.8209966], [107.15376, 47.8208791], [107.1536426, 47.8207625], [107.1535347, 47.8206364], [107.1534472, 47.8205157], [107.1533624, 47.8203842], [107.1532754, 47.8202306], [107.153206, 47.8200815], [107.1531433, 47.8199177], [107.1530995, 47.8197772], [107.1530619, 47.8196122], [107.1530404, 47.8194676], [107.153035, 47.8193185], [107.1530458, 47.8191561], [107.1530659, 47.8190145], [107.1530993, 47.8188739], [107.1531415, 47.8187423], [107.1532092, 47.8185738], [107.1532791, 47.8184254], [107.1533879, 47.8182527], [107.153491, 47.8181056], [107.1536062, 47.8179757], [107.1537637, 47.8178104], [107.153947, 47.8176475], [107.15412, 47.8175114], [107.1543212, 47.8173745], [107.1545244, 47.817253], [107.1547396, 47.8171351], [107.1549852, 47.8170261], [107.1552267, 47.8169262], [107.1555251, 47.8167997], [107.1557885, 47.8166903], [107.156092, 47.8165625], [107.1564037, 47.8164368], [107.1567269, 47.8162901], [107.1570233, 47.8161624], [107.1573165, 47.8160408], [107.1577169, 47.8158753], [107.1581059, 47.8157052], [107.1586167, 47.8154943], [107.1592426, 47.8152298], [107.1597896, 47.8149982], [107.1600853, 47.8148785], [107.1603852, 47.8147615], [107.1607132, 47.8146484], [107.161061, 47.814543], [107.1614128, 47.8144512], [107.1618254, 47.814359], [107.162241, 47.8142815], [107.1626302, 47.8142191], [107.1630275, 47.8141714], [107.163441, 47.81414], [107.1638605, 47.8141239], [107.164283, 47.8141211], [107.1647049, 47.8141331], [107.1651511, 47.8141588], [107.1656683, 47.8142086], [107.1659778, 47.814254], [107.1662506, 47.8142994], [107.1665801, 47.8143595], [107.1676736, 47.8145859], [107.168712, 47.8147986], [107.1689581, 47.8148504], [107.1701643, 47.8150975], [107.1709032, 47.8152514], [107.1712756, 47.815329], [107.1715349, 47.8153867], [107.1722749, 47.8155325], [107.1726407, 47.8155875], [107.1729421, 47.8156144], [107.1732602, 47.8156267], [107.1735843, 47.8156272], [107.173863, 47.8156147], [107.1741402, 47.8155856], [107.1744206, 47.8155376], [107.1747662, 47.815459], [107.1751781, 47.8153193], [107.1754885, 47.8151915], [107.1757681, 47.8150563], [107.1759715, 47.814946], [107.1761626, 47.8148316], [107.1763772, 47.8146812], [107.1765609, 47.8145307], [107.1767446, 47.8143554], [107.1769222, 47.8141367], [107.1770511, 47.813943], [107.1771956, 47.8136641], [107.1772802, 47.813446], [107.177334, 47.8131948], [107.1773536, 47.8129312], [107.1773312, 47.8126466], [107.1772742, 47.8124178], [107.1771955, 47.8122013], [107.1770882, 47.8120005], [107.1769652, 47.8118037], [107.1768, 47.8115939], [107.1766131, 47.8113924], [107.176389, 47.8111968], [107.1761496, 47.811015], [107.1758645, 47.8108427], [107.1755917, 47.8107034], [107.1752972, 47.8105831], [107.1749606, 47.8104772], [107.1746892, 47.8103945], [107.1745162, 47.8103534], [107.1743249, 47.8103206], [107.1740511, 47.8102869], [107.1737732, 47.8102654], [107.173355, 47.8102517], [107.1730401, 47.810263], [107.1727467, 47.8102887], [107.1723685, 47.8103409], [107.1720225, 47.8104039], [107.1700296, 47.8108218], [107.1696098, 47.8108948], [107.1692202, 47.8109511], [107.1688655, 47.8109804], [107.1684802, 47.8109975], [107.16814, 47.8109989], [107.1677275, 47.8109768], [107.167286, 47.8109286], [107.1668499, 47.8108534], [107.1664329, 47.8107571], [107.1660903, 47.8106586], [107.1657798, 47.8105492], [107.1653805, 47.8103829], [107.1650978, 47.8102511], [107.1647989, 47.8100833], [107.1645199, 47.8099004], [107.164182, 47.809667], [107.1634662, 47.8091484], [107.1624738, 47.8084495], [107.1614867, 47.8077073], [107.1612132, 47.8075091], [107.1596253, 47.806367], [107.1578819, 47.8050952], [107.1566458, 47.804197], [107.1564289, 47.804035], [107.1557844, 47.8036251], [107.1550977, 47.8032287], [107.1543252, 47.802854], [107.1534777, 47.8024865], [107.1524262, 47.8020397], [107.15104, 47.801383], [107.150205, 47.801063], [107.149408, 47.80072], [107.148455, 47.800388], [107.14739, 47.8002], [107.146425, 47.800243], [107.1459331, 47.8003268], [107.1455, 47.80042], [107.1450491, 47.8005836], [107.1446583, 47.8007419], [107.1443265, 47.8009396], [107.1439707, 47.801163], [107.1439433, 47.8011854], [107.143408, 47.80167], [107.142868, 47.802192], [107.142283, 47.80269], [107.141572, 47.803115], [107.140722, 47.803423], [107.139787, 47.803577], [107.138842, 47.803575], [107.137933, 47.80341], [107.137113, 47.803115], [107.136438, 47.80269], [107.135895, 47.802175], [107.135552, 47.801615], [107.1354, 47.801008], [107.135445, 47.80039], [107.135722, 47.799798], [107.136208, 47.799265], [107.1368652, 47.7987728], [107.1376974, 47.7984291], [107.1386405, 47.7982357], [107.1396572, 47.7982076], [107.1401306, 47.7982247], [107.1402236, 47.7982316], [107.1438218, 47.7985036], [107.1443519, 47.7985754], [107.1449378, 47.7986945], [107.1454546, 47.7988239], [107.1459018, 47.7989673], [107.14723, 47.799493], [107.148145, 47.799707], [107.1491, 47.799752], [107.150032, 47.799657], [107.150908, 47.79942], [107.151683, 47.799055], [107.152302, 47.798565], [107.15276, 47.798005], [107.15422, 47.79566], [107.154602, 47.795072], [107.155013, 47.7945], [107.155478, 47.7939399], [107.1560093, 47.79342], [107.1565934, 47.7929047], [107.1572088, 47.7924397], [107.1578317, 47.7919614], [107.158448, 47.791478], [107.15909, 47.791003], [107.1593854, 47.7907727], [107.1597671, 47.7905572], [107.1601787, 47.7903918], [107.1606142, 47.7902473], [107.1615008, 47.7900814], [107.1630106, 47.7898628], [107.1632511, 47.789828], [107.1639215, 47.7897309], [107.1644042, 47.7896579], [107.165155, 47.7895443], [107.1681907, 47.7890976], [107.1700715, 47.7887391], [107.1706008, 47.7885657], [107.1713685, 47.7883482], [107.1732831, 47.7877581], [107.174238, 47.7874481], [107.1752264, 47.7870919], [107.1763353, 47.7867568], [107.1768974, 47.7865526], [107.177337, 47.7863733], [107.1777131, 47.7861808], [107.1786055, 47.7856297], [107.1791741, 47.7852388], [107.1795437, 47.7848862], [107.1797755, 47.7846114], [107.1800227, 47.784172], [107.1801298, 47.7838016], [107.1801736, 47.783327], [107.1800795, 47.7826333], [107.1799942, 47.7820234], [107.1798433, 47.7810021], [107.1797865, 47.7803157], [107.1798652, 47.7796263], [107.1800476, 47.7791432], [107.1803266, 47.7785628], [107.1806002, 47.7780942], [107.1811954, 47.7771144], [107.1812461, 47.777031], [107.1812922, 47.776955], [107.181614, 47.7764251], [107.1821129, 47.7758411], [107.1826869, 47.7752282], [107.1837062, 47.7741503], [107.1847576, 47.7730218], [107.1852511, 47.772445], [107.1856213, 47.7718357], [107.1858627, 47.7712192], [107.1860236, 47.7705702], [107.1860558, 47.7699717], [107.1859807, 47.7693119], [107.1858036, 47.7686917], [107.1855408, 47.7681076], [107.1850043, 47.7671017], [107.1845323, 47.7662038], [107.1843392, 47.7656233], [107.1842211, 47.7649707], [107.1842158, 47.7643324], [107.1843231, 47.7636726], [107.1845216, 47.7630956], [107.1849239, 47.7623744], [107.1854657, 47.7617217], [107.1861899, 47.7610798], [107.1873218, 47.7601386], [107.18862, 47.7591469], [107.1896553, 47.7583175], [107.1902374, 47.7578396], [107.1907818, 47.7573384], [107.1912646, 47.7567614], [107.1916321, 47.7562222], [107.1918118, 47.7559238], [107.1919701, 47.7556289], [107.1920989, 47.7553588], [107.1922222, 47.7550177], [107.1926057, 47.7536869], [107.1930457, 47.7521829], [107.1932712, 47.7515147], [107.1933054, 47.7513901], [107.1936518, 47.7501938], [107.194425, 47.74768], [107.194598, 47.747078], [107.1953952, 47.7439625], [107.1956152, 47.7431761], [107.1964681, 47.7402794], [107.1967792, 47.7392043], [107.1969026, 47.7385982], [107.196967, 47.738021], [107.1969509, 47.7373536], [107.1968651, 47.7367619], [107.1966881, 47.7361666], [107.1964627, 47.7356038], [107.1960497, 47.7348281], [107.1954703, 47.7338648], [107.1951646, 47.7333019], [107.1949178, 47.7326705], [107.1948954, 47.7325696], [107.1948716, 47.7324626], [107.1947944, 47.7321149], [107.194773, 47.7313969], [107.1948427, 47.730834], [107.1950465, 47.7301881], [107.1953791, 47.7295603], [107.1958029, 47.7289649], [107.1963072, 47.7284309], [107.1970797, 47.7278139], [107.1987373, 47.7264787], [107.1993005, 47.7259591], [107.1997565, 47.7254395], [107.2004807, 47.7243244], [107.2009742, 47.7235017], [107.2019023, 47.7219752], [107.2023207, 47.7213725], [107.2028142, 47.7207951], [107.2032702, 47.7203259], [107.2038227, 47.7198387], [107.204445, 47.7193082], [107.2053409, 47.7185359], [107.2063118, 47.7177022], [107.2068214, 47.7171897], [107.2073125, 47.7166601], [107.2076874, 47.7161918], [107.2081051, 47.7157241], [107.208456, 47.7153313], [107.2092139, 47.7143853], [107.2097244, 47.7138093], [107.2103692, 47.7130404], [107.2107676, 47.712385], [107.2110333, 47.7117557], [107.2111827, 47.7111655], [107.2112353, 47.7107484], [107.2112381, 47.7102271], [107.2111716, 47.7097392], [107.2110416, 47.709216], [107.2108507, 47.7087784], [107.2106514, 47.7084321], [107.210167, 47.7076923], [107.2092153, 47.7062405], [107.2084073, 47.7049984], [107.2078732, 47.7041232], [107.2075854, 47.7035608], [107.2074194, 47.7030134], [107.2073309, 47.7024323], [107.2073143, 47.7019109], [107.2074277, 47.701274], [107.207638, 47.7006278], [107.2078898, 47.700192], [107.2083478, 47.6994248], [107.2089084, 47.6985171], [107.2092457, 47.6980205], [107.2095695, 47.6975065], [107.2098628, 47.6969701], [107.2099818, 47.6966368], [107.2100399, 47.6962512], [107.2099811, 47.6959167], [107.209906, 47.6955809], [107.2097665, 47.6952488], [107.2095787, 47.6950032], [107.2094178, 47.6947541], [107.2091764, 47.6945194], [107.2086185, 47.6940933], [107.2080338, 47.6938081], [107.2072828, 47.6935698], [107.206521, 47.6934542], [107.20578, 47.693435], [107.20501, 47.693482], [107.204262, 47.693503], [107.203517, 47.6934867], [107.2028035, 47.6933567], [107.2020793, 47.6931329], [107.2014892, 47.6928512], [107.2009098, 47.6924396], [107.2004861, 47.6919521], [107.2001052, 47.6912119], [107.1995097, 47.6900131], [107.1991503, 47.6894895], [107.1987319, 47.6889803], [107.1982169, 47.6884422], [107.1976224, 47.6878205], [107.1975034, 47.6876713], [107.1974015, 47.6874961], [107.1973211, 47.6873517], [107.1972345, 47.6871752], [107.1971226, 47.6868082], [107.1970957, 47.6865699], [107.1970989, 47.6862699], [107.1971869, 47.6857663], [107.1974444, 47.685333], [107.197718, 47.6849863], [107.1981096, 47.684654], [107.1984637, 47.6844193], [107.1987963, 47.6842387], [107.1991128, 47.6840979], [107.1996278, 47.6839426], [107.1999603, 47.6838667], [107.2002929, 47.6838162], [107.200842, 47.683778], [107.201203, 47.683775], [107.201575, 47.683793], [107.201978, 47.68384], [107.202418, 47.683923], [107.203917, 47.684263], [107.204482, 47.684337], [107.205108, 47.684332], [107.20576, 47.68424], [107.206405, 47.684098], [107.2084683, 47.6836103], [107.2092569, 47.6834623], [107.210024, 47.6834081], [107.2108769, 47.6834767], [107.2116923, 47.6836537], [107.2125024, 47.6839968], [107.213189, 47.6844301], [107.213852, 47.684987], [107.214503, 47.685547], [107.215335, 47.686028], [107.2158176, 47.6861961], [107.2163111, 47.6863152], [107.217447, 47.686423], [107.2180062, 47.6863875], [107.2186232, 47.6862827], [107.2195351, 47.685983], [107.2200394, 47.685723], [107.22052, 47.685363], [107.2208172, 47.6850513], [107.2210854, 47.6846251], [107.2212571, 47.6842784], [107.2213268, 47.6838631], [107.2213322, 47.6834406], [107.2212356, 47.6830325], [107.221064, 47.6826316], [107.2207743, 47.6822777], [107.2204202, 47.681949], [107.2199804, 47.6816421], [107.2195512, 47.6814073], [107.2189557, 47.6812014], [107.2184676, 47.6810786], [107.2178775, 47.6809884], [107.2169548, 47.6809053], [107.2165042, 47.6808403], [107.2159678, 47.6807247], [107.2150773, 47.6804105], [107.2143906, 47.679959], [107.2139239, 47.6795581], [107.2135806, 47.6790272], [107.2134197, 47.6785252], [107.2134465, 47.6778281], [107.2136557, 47.6773116], [107.2139615, 47.6769215], [107.214427, 47.67646], [107.2152436, 47.6757043], [107.2155493, 47.6752997], [107.2157746, 47.6748229], [107.2158658, 47.674422], [107.2158712, 47.6739994], [107.2158068, 47.6735912], [107.2156191, 47.6732119], [107.2151953, 47.672652], [107.2142082, 47.6714997], [107.2135109, 47.6707845], [107.2131246, 47.6704847], [107.2125077, 47.6701451], [107.2113651, 47.669708], [107.2104478, 47.6693793], [107.2097772, 47.6690072], [107.2091603, 47.6684834], [107.2088867, 47.6680679], [107.2086883, 47.6676091], [107.2086453, 47.6671937], [107.2086775, 47.6666735], [107.2088063, 47.6657486], [107.208758, 47.6652176], [107.2085971, 47.6648382], [107.2083718, 47.664448], [107.2079426, 47.6640326], [107.2074974, 47.6637183], [107.2069395, 47.663422], [107.2063118, 47.6632125], [107.2056949, 47.6630932], [107.2048044, 47.6629596], [107.2037959, 47.6628042], [107.203061, 47.6625585], [107.202487, 47.6622876], [107.201972, 47.6619154], [107.2016555, 47.661583], [107.2012961, 47.6610302], [107.2011834, 47.66051], [107.2011834, 47.6599102], [107.2012532, 47.6591695], [107.2012156, 47.6587359], [107.2010225, 47.6582698], [107.200824, 47.6579121], [107.2004539, 47.6575363], [107.2001266, 47.6572545], [107.1995902, 47.6569438], [107.1991396, 47.6567414], [107.1985334, 47.6565535], [107.197305, 47.6562825], [107.1962535, 47.655932], [107.1956259, 47.6555598], [107.1949553, 47.6550648], [107.1935391, 47.6539193], [107.19105, 47.6519716], [107.19024, 47.6513573], [107.1897197, 47.6507936], [107.1894407, 47.6503888], [107.1888614, 47.6494456], [107.1881801, 47.648347], [107.1875149, 47.6471905], [107.1869785, 47.6463087], [107.1865439, 47.6456112], [107.1862811, 47.645145], [107.1860665, 47.64448], [107.1861362, 47.6438222], [107.1864474, 47.6432114], [107.1869999, 47.6426151], [107.1878046, 47.6421054], [107.1885931, 47.6418235], [107.1895641, 47.6416356], [107.1905243, 47.6415741], [107.1911091, 47.6415416], [107.1918654, 47.641444], [107.1925199, 47.641285], [107.1930939, 47.6410537], [107.1936035, 47.6407717], [107.1941239, 47.640385], [107.1945101, 47.6399296], [107.1947139, 47.6395175], [107.1948212, 47.6391055], [107.194789, 47.638585], [107.1945852, 47.6379886], [107.1942526, 47.6375006], [107.1936518, 47.6369692], [107.1930885, 47.6364849], [107.1926433, 47.635939], [107.1924233, 47.635404], [107.1923482, 47.6349883], [107.1924126, 47.6344172], [107.1926755, 47.6338641], [107.19311, 47.6332749], [107.1936518, 47.6325338], [107.1938181, 47.6321542], [107.1938986, 47.6317674], [107.1938664, 47.6312179], [107.1936732, 47.6306395], [107.193287, 47.6300756], [107.1927828, 47.6296417], [107.1923804, 47.6294031], [107.1916455, 47.6290959], [107.1910447, 47.628944], [107.1901327, 47.6288428], [107.1893388, 47.6288717], [107.18862, 47.6290344], [107.1880084, 47.6292224], [107.187311, 47.6295694], [107.186225, 47.630327], [107.1857661, 47.6306829], [107.185107, 47.631007], [107.1845216, 47.6311854], [107.183697, 47.631353], [107.1832555, 47.6314059], [107.1827352, 47.6314168], [107.181893, 47.6313083], [107.1810615, 47.6310517], [107.1803588, 47.6306865], [107.1797848, 47.6302383], [107.1793985, 47.629808], [107.1791786, 47.6293887], [107.1790659, 47.6287994], [107.1791035, 47.6283366], [107.1792161, 47.6278088], [107.1793395, 47.6270604], [107.1794629, 47.6264494], [107.1796936, 47.6259867], [107.1801281, 47.6252889], [107.1804661, 47.6247719], [107.1809542, 47.6241536], [107.1814263, 47.6237631], [107.182047, 47.623455], [107.1826655, 47.6232208], [107.1834379, 47.6230183], [107.1847898, 47.6228881], [107.1857071, 47.6227652], [107.1863776, 47.6225085], [107.1872252, 47.6220746], [107.1879065, 47.6216841], [107.1885395, 47.621384], [107.1894515, 47.6211381], [107.190373, 47.621043], [107.1911842, 47.6210947], [107.192021, 47.6212828], [107.193346, 47.6216769], [107.1943921, 47.6219047], [107.1953416, 47.62193], [107.196334, 47.621789], [107.1969241, 47.6216118], [107.197423, 47.6214021], [107.1976774, 47.6212688], [107.1979412, 47.6211103], [107.1982554, 47.6208905], [107.1985086, 47.6206708], [107.1986541, 47.6205086], [107.1987621, 47.6203621], [107.198874, 47.6202129], [107.1989626, 47.6200478], [107.1990834, 47.6197683], [107.1992087, 47.6194424], [107.199334, 47.6191291], [107.1994545, 47.6188779], [107.1995937, 47.6186299], [107.1997965, 47.6183708], [107.1999852, 47.6181655], [107.2002457, 47.6179309], [107.2005953, 47.6176994], [107.2009153, 47.617529], [107.2012961, 47.6173776], [107.2016449, 47.6172705], [107.2020264, 47.6171823], [107.2024153, 47.6171304], [107.2027619, 47.6171037], [107.2031282, 47.6170919], [107.2034851, 47.6170928], [107.2044106, 47.6171094], [107.2052798, 47.6171324], [107.2056034, 47.6171379], [107.2059363, 47.6171498], [107.2061714, 47.6171672], [107.2063878, 47.6171846], [107.2066229, 47.6172146], [107.2068392, 47.6172509], [107.2075347, 47.6173776], [107.2082676, 47.6175043], [107.2086613, 47.6175517], [107.2090269, 47.6175738], [107.2094265, 47.6175738], [107.2098027, 47.6175485], [107.2101983, 47.617496], [107.2105471, 47.6174183], [107.2108884, 47.6173297], [107.2112203, 47.6172221], [107.2115127, 47.6170896], [107.2118425, 47.6169256], [107.2123575, 47.6165495], [107.2126258, 47.6162904], [107.2129691, 47.6158986], [107.2131394, 47.6157245], [107.2133238, 47.6155315], [107.2135207, 47.6153426], [107.2137317, 47.6151789], [107.2140662, 47.6149647], [107.2144397, 47.6147726], [107.2148788, 47.6145678], [107.2153325, 47.6143525], [107.2153964, 47.6143221], [107.2160717, 47.6139868], [107.217924, 47.61311], [107.2189628, 47.6126192], [107.2199275, 47.6121563], [107.2206924, 47.6118024], [107.2217016, 47.6113299], [107.2227197, 47.6108504], [107.2236346, 47.6104109], [107.2244116, 47.6100021], [107.2247738, 47.6097817], [107.2251731, 47.6095196], [107.2263179, 47.6087263], [107.2269088, 47.6083172], [107.2274504, 47.6079268], [107.2278822, 47.6076775], [107.2284632, 47.6073902], [107.2290874, 47.6071218], [107.2295482, 47.606928], [107.2300645, 47.6067154], [107.2301554, 47.6066747], [107.2307793, 47.6063951], [107.2309066, 47.606338], [107.2313422, 47.6061353], [107.2317132, 47.6059398], [107.2321005, 47.6056961], [107.2324986, 47.6053943], [107.2331078, 47.6048602], [107.2336147, 47.6043986], [107.2338592, 47.6042134], [107.234115, 47.6040555], [107.2342831, 47.6039609], [107.2344821, 47.6038663], [107.2347275, 47.6037684], [107.2349831, 47.6036757], [107.2352294, 47.6036018], [107.2354639, 47.6035428], [107.2357168, 47.603488], [107.2361014, 47.6034027], [107.2365045, 47.6033217], [107.2372506, 47.6031573], [107.2379751, 47.6029866], [107.2382949, 47.6029052], [107.2386773, 47.6027916], [107.239103, 47.602653], [107.2402255, 47.6022612], [107.2413642, 47.6018649], [107.2424751, 47.6014562], [107.2435921, 47.6010537], [107.2441753, 47.6008459], [107.244777, 47.6006047], [107.2452919, 47.6003613], [107.2458469, 47.6000657], [107.2469, 47.599498], [107.2474625, 47.5992017], [107.2476943, 47.5990911], [107.2479446, 47.5989888], [107.2482824, 47.5988555], [107.2486614, 47.5987305], [107.249025, 47.5986264], [107.251803, 47.597943], [107.253072, 47.597498], [107.254295, 47.596983], [107.25567, 47.596422], [107.258185, 47.595432], [107.259513, 47.594772], [107.260505, 47.594052], [107.262065, 47.592363], [107.262788, 47.591488], [107.26331, 47.590545], [107.263782, 47.58957], [107.264417, 47.588623], [107.265272, 47.587713], [107.266193, 47.586837], [107.268002, 47.585013], [107.268793, 47.584182], [107.269375, 47.583385], [107.2697622, 47.5827064], [107.2702476, 47.5819754], [107.270886, 47.5810346], [107.27146, 47.5802096], [107.2719777, 47.5793845], [107.2726375, 47.5783749], [107.2731578, 47.5775987], [107.2735655, 47.5772042], [107.2739384, 47.5768948], [107.2745284, 47.57658], [107.2749844, 47.5763972], [107.275427, 47.5762814], [107.2760224, 47.5761783], [107.2767305, 47.5761294], [107.2772616, 47.576162], [107.2779188, 47.5762543], [107.2784203, 47.5763936], [107.2788575, 47.5765547], [107.279438, 47.576865], [107.2799465, 47.5772947], [107.280308, 47.57771], [107.2805634, 47.5782356], [107.28064, 47.57875], [107.280687, 47.579828], [107.281103, 47.58087], [107.282117, 47.581733], [107.2825831, 47.58197], [107.2831061, 47.5821419], [107.2835889, 47.5822667], [107.2840717, 47.5823391], [107.2847128, 47.5823662], [107.2852278, 47.5823373], [107.285724, 47.5822685], [107.2867539, 47.5819809], [107.2872609, 47.5817258], [107.2876444, 47.5814743], [107.2880843, 47.5810835], [107.2883472, 47.5807325], [107.2885483, 47.580329], [107.2886395, 47.5799364], [107.288653, 47.5795673], [107.28861, 47.5791276], [107.2883606, 47.5777109], [107.28802, 47.5757838], [107.2879261, 47.5752374], [107.2878939, 47.5746403], [107.2879368, 47.5741553], [107.2880575, 47.5736016], [107.288287, 47.573052], [107.288792, 47.572118], [107.2889987, 47.5717681], [107.289277, 47.571297], [107.289765, 47.570527], [107.2899619, 47.5701308], [107.2901416, 47.5697073], [107.2902274, 47.5693635], [107.2903106, 47.5688568], [107.2903347, 47.5685129], [107.2902864, 47.5679375], [107.2898546, 47.5653097], [107.2897527, 47.5646129], [107.2897755, 47.5641568], [107.2898586, 47.5636573], [107.290137, 47.562832], [107.290563, 47.562045], [107.291138, 47.56132], [107.291693, 47.560578], [107.292775, 47.559062], [107.2932959, 47.5583016], [107.2937116, 47.5577079], [107.2939047, 47.557335], [107.2940066, 47.5570056], [107.294063, 47.5566182], [107.294004, 47.5560462], [107.2939664, 47.5556154], [107.2940254, 47.5550072], [107.2941971, 47.5545401], [107.294458, 47.554172], [107.2948247, 47.553807], [107.295277, 47.553447], [107.2956052, 47.5532857], [107.2960237, 47.5531046], [107.2966298, 47.5529073], [107.2974613, 47.5527679], [107.2992477, 47.5526267], [107.2998056, 47.5524982], [107.3001784, 47.5524004], [107.3007578, 47.5521488], [107.3011279, 47.5519316], [107.3015007, 47.5516673], [107.3018199, 47.5513233], [107.3020908, 47.5509142], [107.30233, 47.550343], [107.302525, 47.549243], [107.3026809, 47.54874], [107.3029196, 47.5483851], [107.3032039, 47.5480647], [107.303558, 47.5477877], [107.3040569, 47.5474781], [107.3044029, 47.5473043], [107.3049045, 47.5471522], [107.3055536, 47.5469712], [107.3064011, 47.5469096], [107.3069054, 47.5469332], [107.3075035, 47.5470038], [107.3081017, 47.5471721], [107.308785, 47.547433], [107.3090699, 47.5476157], [107.3095447, 47.5479253], [107.309888, 47.548267], [107.310588, 47.549265], [107.3111996, 47.550219], [107.3116529, 47.5507857], [107.312022, 47.551102], [107.3123503, 47.5513432], [107.3128036, 47.551584], [107.3132408, 47.5517487], [107.3136914, 47.5518827], [107.3142922, 47.5519931], [107.314775, 47.55201], [107.3152095, 47.5520275], [107.3158371, 47.5519696], [107.3163468, 47.55187], [107.316961, 47.5516781], [107.3176771, 47.5513469], [107.3180124, 47.5510844], [107.3183584, 47.550782], [107.318645, 47.55041], [107.3188278, 47.5500452], [107.31903, 47.549308], [107.319059, 47.5491236], [107.319208, 47.548177], [107.319405, 47.54704], [107.319712, 47.5459], [107.320225, 47.544765], [107.320795, 47.543625], [107.321293, 47.542475], [107.321547, 47.541373], [107.3219, 47.539355], [107.322257, 47.538365], [107.322813, 47.537382], [107.323425, 47.536388], [107.32402, 47.53536], [107.324607, 47.534302], [107.325255, 47.53324], [107.325817, 47.53214], [107.326158, 47.531033], [107.326768, 47.530098], [107.327733, 47.529412], [107.329055, 47.528993], [107.330483, 47.528695], [107.33175, 47.528137], [107.332642, 47.527313], [107.3333144, 47.5263968], [107.3340909, 47.5253128], [107.3347199, 47.5244334], [107.3352094, 47.5237524], [107.3355031, 47.523363], [107.3359068, 47.5229844], [107.3362917, 47.5227272], [107.3366162, 47.5225552], [107.337044, 47.5223849], [107.3374879, 47.5222418], [107.3380633, 47.5221241], [107.3390114, 47.5219855], [107.3428054, 47.5214358], [107.3457921, 47.5209992], [107.3467496, 47.5209159], [107.3472968, 47.5209304], [107.3478091, 47.5209847], [107.348367, 47.5211043], [107.3488712, 47.5212673], [107.3494586, 47.5215245], [107.3500916, 47.5219484], [107.351017, 47.5230496], [107.3522673, 47.5246107], [107.3523348, 47.524695], [107.3531467, 47.5257085], [107.3534417, 47.5261142], [107.3539621, 47.5265743], [107.354445, 47.526833], [107.3548499, 47.5270488], [107.3554239, 47.5272299], [107.3559469, 47.5273404], [107.3573711, 47.5275432], [107.3583582, 47.5276718], [107.3590019, 47.5277243], [107.359584, 47.5277026], [107.3603296, 47.5275921], [107.360917, 47.5274165], [107.3613998, 47.527219], [107.3617458, 47.5270162], [107.3621428, 47.5267554], [107.3624352, 47.5264783], [107.3626766, 47.5261921], [107.3628402, 47.5259078], [107.362977, 47.5255147], [107.3630655, 47.5251942], [107.3630494, 47.5248283], [107.3628777, 47.5241183], [107.3626586, 47.5235392], [107.3625687, 47.5233016], [107.362521, 47.5231755], [107.3622434, 47.5222201], [107.3621321, 47.5218098], [107.3621401, 47.5210409], [107.3621803, 47.5206315], [107.3623145, 47.5200754], [107.362411, 47.5198472], [107.3625773, 47.5194976], [107.3628589, 47.5189977], [107.363357, 47.518378], [107.364072, 47.517708], [107.3655522, 47.5164451], [107.3679093, 47.5143729], [107.3690015, 47.5134067], [107.3695908, 47.5127451], [107.3711701, 47.5104028], [107.3718336, 47.5096445], [107.372472, 47.5090557], [107.3731411, 47.5085604], [107.3737675, 47.5080845], [107.3745901, 47.5076197], [107.3753228, 47.5071686], [107.3764658, 47.5065119], [107.3771444, 47.5060698], [107.377941, 47.5054501], [107.379163, 47.504245], [107.380187, 47.502895], [107.3811865, 47.5014867], [107.3815755, 47.5009593], [107.3822697, 47.5001476], [107.38355, 47.498828], [107.384928, 47.497532], [107.386315, 47.496203], [107.3873488, 47.4950027], [107.387832, 47.4941473], [107.388265, 47.493205], [107.388453, 47.491692], [107.388398, 47.490187], [107.38829, 47.488663], [107.38785, 47.487148], [107.385788, 47.482673], [107.385167, 47.481145], [107.384798, 47.479562], [107.384452, 47.477952], [107.383535, 47.47335], [107.383087, 47.471918], [107.3810151, 47.4676641], [107.3796258, 47.4647205], [107.3782335, 47.4617405], [107.3775293, 47.4601581], [107.3773639, 47.4594381], [107.3773567, 47.4589912], [107.3773806, 47.4585464], [107.3774483, 47.4581827], [107.3775699, 47.457762], [107.3777315, 47.4573645], [107.3801375, 47.4531706], [107.3804068, 47.452694], [107.3805759, 47.4522874], [107.3808113, 47.4515466], [107.3808729, 47.450911], [107.3807904, 47.4494831], [107.3806944, 47.4476856], [107.3807255, 47.4471334], [107.381087, 47.446087], [107.381672, 47.445075], [107.3820161, 47.4446371], [107.3825945, 47.4439386], [107.3827617, 47.4437366], [107.3831018, 47.4433259], [107.383352, 47.4429934], [107.3840775, 47.4421551], [107.3848786, 47.4414766], [107.3856896, 47.4409475], [107.3878967, 47.4398013], [107.3931471, 47.4370592], [107.3957874, 47.4356546], [107.3966333, 47.4351781], [107.3969793, 47.4349476], [107.397282, 47.434713], [107.3976098, 47.4344615], [107.39843, 47.43365], [107.3990815, 47.4329211], [107.3994691, 47.4324874], [107.4005788, 47.4312933], [107.401595, 47.430045], [107.4046325, 47.4268488], [107.4098312, 47.4211723], [107.4140046, 47.4165935], [107.4165346, 47.4139495], [107.4206715, 47.41028], [107.422065, 47.409], [107.4335645, 47.3987599], [107.43906, 47.39386], [107.4431313, 47.3902126], [107.4485646, 47.3853635], [107.4555152, 47.3791473], [107.459415, 47.37572], [107.4728212, 47.3636963], [107.4734021, 47.3631766], [107.4748265, 47.3619027], [107.4749941, 47.3617496], [107.4863475, 47.3515845], [107.4864774, 47.3514674], [107.4889115, 47.3492805], [107.4893414, 47.3488942], [107.4901204, 47.348169], [107.4903135, 47.3479728], [107.490629, 47.3476099], [107.4912989, 47.346687], [107.4918583, 47.3455548], [107.4922403, 47.3443312], [107.492277, 47.3430754], [107.4921873, 47.3417848], [107.4919299, 47.3404654], [107.491844, 47.3390915], [107.4920218, 47.3377542], [107.492513, 47.336437], [107.493222, 47.335115], [107.499348, 47.323875], [107.504293, 47.31481], [107.510138, 47.30409], [107.514342, 47.2964], [107.515998, 47.293335], [107.5240022, 47.278557], [107.52725, 47.272653], [107.52786, 47.271133], [107.528227, 47.269587], [107.528568, 47.26805], [107.528942, 47.26651], [107.5301645, 47.2611831], [107.5301943, 47.2610532], [107.5308978, 47.2579878], [107.5309969, 47.257556], [107.5311514, 47.2570011], [107.5317449, 47.2543095], [107.5321224, 47.2530712], [107.5325233, 47.2520513], [107.533228, 47.250717], [107.5334679, 47.2502893], [107.5339503, 47.2495483], [107.5373728, 47.2445449], [107.5376653, 47.2441133], [107.5387837, 47.2424536], [107.5388325, 47.2423811], [107.5405908, 47.2397717], [107.541402, 47.238732], [107.542482, 47.237723], [107.543907, 47.236868], [107.546948, 47.235132], [107.5485, 47.234205], [107.54974, 47.233053], [107.5516469, 47.2304326], [107.554847, 47.226383], [107.555887, 47.224952], [107.556548, 47.223415], [107.556995, 47.221862], [107.5572527, 47.2207858], [107.5578374, 47.2188001], [107.5581593, 47.2179256], [107.5584436, 47.2173244], [107.5589103, 47.2165228], [107.559382, 47.215935], [107.5624723, 47.211866], [107.5630463, 47.2111882], [107.563748, 47.210563], [107.565372, 47.209453], [107.568805, 47.207273], [107.5696177, 47.2066658], [107.5703419, 47.2060353], [107.5731689, 47.2034004], [107.5738019, 47.2027407], [107.5740809, 47.2023799], [107.5743116, 47.2020008], [107.5746924, 47.2012354], [107.5750036, 47.2004627], [107.5755937, 47.1989356], [107.5767846, 47.1959212], [107.5819398, 47.182717], [107.5871057, 47.1694877], [107.5884951, 47.1659318], [107.5908557, 47.1598789], [107.5908889, 47.1597936], [107.5912148, 47.158958], [107.5921322, 47.1566673], [107.5933767, 47.1534425], [107.5946266, 47.1502103], [107.5950343, 47.1491815], [107.595442, 47.1481746], [107.595678, 47.147693], [107.5959624, 47.1471931], [107.596663, 47.146208], [107.5980652, 47.1441466], [107.5995082, 47.1420778], [107.601025, 47.139923], [107.6013321, 47.139363], [107.6016165, 47.1387609], [107.602152, 47.137587], [107.604128, 47.132805], [107.6059652, 47.128518], [107.6060657, 47.1282835], [107.6085258, 47.1225423], [107.6094807, 47.1202974], [107.6104087, 47.1180561], [107.6108754, 47.1169354], [107.6113851, 47.1157782], [107.6134611, 47.1108971], [107.6137186, 47.1102728], [107.6139493, 47.1096594], [107.6141316, 47.1090314], [107.614212, 47.10838], [107.614272, 47.107097], [107.614228, 47.100888], [107.61438, 47.099712], [107.614785, 47.098575], [107.61968, 47.08601], [107.621043, 47.082483], [107.625598, 47.070852], [107.62615, 47.069723], [107.62684, 47.068652], [107.6289696, 47.0655662], [107.6346033, 47.057289], [107.6347457, 47.0570797], [107.635128, 47.056518], [107.6357127, 47.0556702], [107.6361418, 47.0550269], [107.636697, 47.054193], [107.637293, 47.053338], [107.63981, 47.049645], [107.6399476, 47.0494525], [107.6410114, 47.0479646], [107.6410724, 47.0478728], [107.6426516, 47.0454986], [107.6433221, 47.044508], [107.6441134, 47.0433546], [107.6448456, 47.0422726], [107.6455913, 47.0411814], [107.646345, 47.0400883], [107.6470799, 47.0389916], [107.6474179, 47.0384889], [107.6476566, 47.0381544], [107.6478095, 47.037924], [107.6485524, 47.0368364], [107.6489199, 47.036277], [107.6492686, 47.035703], [107.6495502, 47.035118], [107.649772, 47.034522], [107.6503592, 47.0323469], [107.6507921, 47.0307433], [107.651476, 47.0281362], [107.651983, 47.0262], [107.6524926, 47.0242601], [107.6531739, 47.0216819], [107.6539839, 47.0185624], [107.6546518, 47.0160169], [107.6549388, 47.0149142], [107.6556656, 47.0121856], [107.6560251, 47.0108139], [107.6563818, 47.0094331], [107.6565535, 47.0087802], [107.6567439, 47.0081272], [107.6570094, 47.0074779], [107.6573152, 47.0068451], [107.660095, 47.001752], [107.661548, 46.999082], [107.6619581, 46.9984126], [107.6621968, 46.9981016], [107.662465, 46.9977943], [107.663098, 46.9972235], [107.6637713, 46.9966747], [107.6707209, 46.9911772], [107.673558, 46.988933], [107.6792825, 46.9844019], [107.6833407, 46.9811996], [107.6865566, 46.9786487], [107.6913605, 46.9748586], [107.6934231, 46.9732573], [107.701213, 46.967083], [107.703409, 46.965343], [107.70762, 46.962042], [107.7113376, 46.9590861], [107.7150766, 46.9561332], [107.7246842, 46.948513], [107.725843, 46.9475847], [107.7263445, 46.9471818], [107.7269561, 46.9466124], [107.7274201, 46.946118], [107.7278519, 46.9455595], [107.730378, 46.94225], [107.733765, 46.937807], [107.7373175, 46.9331357], [107.7379987, 46.9322474], [107.740457, 46.92901], [107.743742, 46.924703], [107.748749, 46.9181369], [107.7525497, 46.9131351], [107.7544568, 46.9106432], [107.7563692, 46.908131], [107.7572141, 46.9070114], [107.7576486, 46.9064415], [107.7580509, 46.9058515], [107.7584103, 46.9052376], [107.7587403, 46.9046109], [107.7588034, 46.9044929], [107.7589266, 46.9042624], [107.759418, 46.903343], [107.7597729, 46.902705], [107.76009, 46.902052], [107.7602208, 46.9017227], [107.7603147, 46.9013855], [107.7603737, 46.9010392], [107.7603979, 46.9006836], [107.7603764, 46.9003446], [107.7603228, 46.9000037], [107.7602235, 46.8996628], [107.7601001, 46.8993164], [107.7599204, 46.8989792], [107.7597139, 46.8986548], [107.7594698, 46.8983488], [107.7591775, 46.8980482], [107.7588824, 46.8977879], [107.7585364, 46.8975204], [107.7581582, 46.8972821], [107.7577344, 46.8970585], [107.7573321, 46.8968807], [107.7559213, 46.8963657], [107.7540196, 46.8957096], [107.7535931, 46.8955574], [107.7531827, 46.895387], [107.7526946, 46.8951304], [107.7522574, 46.8948591], [107.7518228, 46.8945347], [107.7515251, 46.8942708], [107.7512569, 46.8939885], [107.7509994, 46.8936714], [107.7507956, 46.8933818], [107.7505944, 46.8929859], [107.7504495, 46.8926303], [107.750353, 46.8922784], [107.7502806, 46.8918312], [107.7502806, 46.8914701], [107.7503208, 46.891131], [107.7503959, 46.8907955], [107.7506668, 46.8900788], [107.7510048, 46.8893566], [107.7516807, 46.8879158], [107.7520401, 46.8872009], [107.7522493, 46.8868398], [107.7524773, 46.8864786], [107.7529601, 46.8857967], [107.7534724, 46.8851056], [107.7544916, 46.8837417], [107.7555189, 46.8823686], [107.7565301, 46.8810101], [107.7594832, 46.8770463], [107.7614278, 46.8744354], [107.7621681, 46.8734452], [107.7642388, 46.8706728], [107.7647484, 46.8699778], [107.7652768, 46.8692828], [107.7663175, 46.8678965], [107.7676962, 46.8660333], [107.7690855, 46.8641738], [107.7720842, 46.8601335], [107.7736024, 46.858105], [107.7751017, 46.8560838], [107.776754, 46.8538644], [107.7783982, 46.8516559], [107.7803803, 46.8489997], [107.7813325, 46.8476514], [107.7817268, 46.8469506], [107.7820406, 46.8462223], [107.782528, 46.84478], [107.7840681, 46.8405185], [107.7840922, 46.840449], [107.7842199, 46.8400814], [107.7842707, 46.8399353], [107.78729, 46.8312805], [107.7874312, 46.8308759], [107.7885091, 46.8277532], [107.7886898, 46.8272295], [107.7894281, 46.8251072], [107.789988, 46.82337], [107.790317, 46.822315], [107.7903769, 46.8217846], [107.7903447, 46.821234], [107.790216, 46.8207201], [107.7900497, 46.8201934], [107.7896795, 46.8191582], [107.7895267, 46.8186498], [107.7893952, 46.8181358], [107.7893496, 46.8176384], [107.7893818, 46.8171281], [107.7895025, 46.8166491], [107.789695, 46.816175], [107.7898888, 46.8158139], [107.7902535, 46.8153256], [107.7906076, 46.8149548], [107.7910153, 46.8146006], [107.7914444, 46.814305], [107.791902, 46.814033], [107.7924261, 46.8137892], [107.7929062, 46.8135983], [107.7934319, 46.8134405], [107.7939791, 46.8133065], [107.795087, 46.81313], [107.7986488, 46.8128439], [107.8012211, 46.8125906], [107.802581, 46.8124639], [107.8032649, 46.8123721], [107.8039489, 46.8122601], [107.8046382, 46.8121133], [107.8053168, 46.8119499], [107.8065828, 46.8115846], [107.808018, 46.811125], [107.8133178, 46.8094588], [107.8193823, 46.8075606], [107.8321899, 46.8035234], [107.8363902, 46.8022052], [107.8372163, 46.801939], [107.8438441, 46.7998532], [107.8454319, 46.7993189], [107.8463358, 46.7989792], [107.8469447, 46.7987203], [107.8541974, 46.7955363], [107.8573973, 46.7941408], [107.8577325, 46.7939994], [107.8584487, 46.7936817], [107.8623272, 46.7919831], [107.8652615, 46.7906939], [107.867943, 46.789517], [107.869298, 46.78892], [107.8705911, 46.7882716], [107.8718624, 46.7875627], [107.874383, 46.786157], [107.878348, 46.7839538], [107.8797937, 46.7831512], [107.880019, 46.7830355], [107.8810839, 46.7824202], [107.8824974, 46.7816488], [107.88388, 46.780862], [107.885328, 46.780058], [107.8935291, 46.7754849], [107.8936257, 46.7754311], [107.896052, 46.774078], [107.8968633, 46.7736309], [107.8976894, 46.7731919], [107.8981132, 46.7730045], [107.8985719, 46.77283], [107.8990466, 46.7726867], [107.8995482, 46.7725636], [107.9000283, 46.7724828], [107.9005433, 46.7724203], [107.9013345, 46.7723781], [107.9021151, 46.7723909], [107.9037405, 46.7724846], [107.9080186, 46.7727547], [107.9101536, 46.7729035], [107.9144398, 46.7731625], [107.9165346, 46.7732727], [107.9186267, 46.7734068], [107.9192463, 46.7734527], [107.9201247, 46.77349], [107.9206974, 46.7734895], [107.9212821, 46.7734546], [107.9222622, 46.7733134], [107.9229503, 46.7731417], [107.9241782, 46.7726773], [107.9259867, 46.771748], [107.9303651, 46.7695139], [107.9330973, 46.7681251], [107.9369516, 46.7661538], [107.9382203, 46.7655144], [107.9388452, 46.7651948], [107.9394997, 46.7648879], [107.9402212, 46.7646123], [107.9409186, 46.7644029], [107.9413638, 46.7642963], [107.9418463, 46.7642062], [107.9424743, 46.7641071], [107.9457573, 46.7636698], [107.9491798, 46.7632196], [107.956344, 46.7622716], [107.9570869, 46.7621705], [107.9578215, 46.7620269], [107.9583021, 46.7619318], [107.9587205, 46.761807], [107.9592783, 46.7616376], [107.9599301, 46.7613822], [107.9627893, 46.7601695], [107.9736095, 46.7555971], [107.9769916, 46.754157], [107.980398, 46.7527236], [107.981149, 46.7523947], [107.9818893, 46.7520419], [107.9824712, 46.7516958], [107.9825864, 46.7516215], [107.983099, 46.7512388], [107.9843311, 46.7501399], [107.9864303, 46.7482192], [107.988518, 46.7463], [107.996253, 46.739168], [107.997132, 46.738343], [107.997868, 46.737477], [107.9981355, 46.7370273], [107.99835, 46.736548], [107.998598, 46.735587], [107.9988865, 46.7328102], [107.9990313, 46.7319223], [107.9991842, 46.7315105], [107.9993639, 46.7310913], [107.9998628, 46.7303246], [108.0010376, 46.7288649], [108.002714, 46.7267744], [108.0032933, 46.726107], [108.0039559, 46.7254948], [108.004735, 46.72496], [108.0056349, 46.7245], [108.0066112, 46.724079], [108.011028, 46.7221878], [108.016345, 46.7200117], [108.021492, 46.717815], [108.0269262, 46.7155428], [108.0270104, 46.7155076], [108.0274907, 46.7153068], [108.030042, 46.71424], [108.0311399, 46.7137619], [108.0325214, 46.7131918], [108.0419477, 46.7092516], [108.045248, 46.707888], [108.057652, 46.702677], [108.064002, 46.70003], [108.068387, 46.698192], [108.072653, 46.696385], [108.074093, 46.695792], [108.0785, 46.693948], [108.088962, 46.689568], [108.09614, 46.686553], [108.10628, 46.6823], [108.123478, 46.675088], [108.126205, 46.673948], [108.13178, 46.671603], [108.133228, 46.671022], [108.134703, 46.6704], [108.136197, 46.669735], [108.137612, 46.668948], [108.143118, 46.665442], [108.145917, 46.663717], [108.147322, 46.662823], [108.15003, 46.661155], [108.156905, 46.656835], [108.159767, 46.655032], [108.161272, 46.654108], [108.16436, 46.65217], [108.165888, 46.651148], [108.167207, 46.649955], [108.1710226, 46.646321], [108.1717522, 46.6457391], [108.1724898, 46.6452236], [108.1756896, 46.6432974], [108.180677, 46.640355], [108.1812874, 46.6399699], [108.1823657, 46.6393419], [108.1857855, 46.6372922], [108.1892831, 46.6352166], [108.1961025, 46.6311384], [108.2012278, 46.628103], [108.2047002, 46.6260208], [108.2056571, 46.6254832], [108.2066061, 46.625075], [108.2073799, 46.624821], [108.2080478, 46.624657], [108.2087291, 46.6245336], [108.2097296, 46.6244249], [108.210852, 46.624387], [108.2130126, 46.6243918], [108.2152174, 46.6243789], [108.2160837, 46.6243549], [108.2167167, 46.6243126], [108.2174382, 46.624226], [108.2196323, 46.6239073], [108.2230145, 46.6233749], [108.22645, 46.622863], [108.2278264, 46.6225939], [108.2286686, 46.6223802], [108.2307098, 46.6217373], [108.234635, 46.620447], [108.237705, 46.6194474], [108.2396952, 46.6187971], [108.240743, 46.61842], [108.2412455, 46.6182297], [108.2417498, 46.6180012], [108.2421762, 46.6177507], [108.2425893, 46.6174872], [108.2429782, 46.6171998], [108.2433645, 46.6168792], [108.2436836, 46.6165513], [108.2439733, 46.6162105], [108.2444964, 46.6154809], [108.2450006, 46.6147384], [108.2470123, 46.6118881], [108.2489653, 46.6090815], [108.2499124, 46.6077152], [108.2505923, 46.6067737], [108.2506496, 46.6066871], [108.2544883, 46.6011885], [108.2580966, 46.5960282], [108.263785, 46.58788], [108.2640016, 46.5875611], [108.2647819, 46.5864555], [108.265265, 46.585735], [108.270117, 46.578815], [108.272607, 46.575263], [108.2731336, 46.5745015], [108.273313, 46.5742252], [108.274333, 46.572767], [108.275493, 46.571127], [108.2766239, 46.5695068], [108.2775697, 46.5681193], [108.277758, 46.567843], [108.2800785, 46.5645352], [108.2811437, 46.5630151], [108.2813428, 46.562731], [108.2816603, 46.5622778], [108.281892, 46.561947], [108.2842574, 46.5585544], [108.287093, 46.554528], [108.288195, 46.5529], [108.2893643, 46.5512652], [108.2909603, 46.5489465], [108.292583, 46.546643], [108.294248, 46.54425], [108.299747, 46.536323], [108.300315, 46.535382], [108.300752, 46.534423], [108.304812, 46.524345], [108.308658, 46.514752], [108.309058, 46.513843], [108.309582, 46.512982], [108.310392, 46.51216], [108.311372, 46.511423], [108.3135176, 46.509885], [108.3156929, 46.5083694], [108.316291, 46.5079319], [108.3168865, 46.5075055], [108.3174256, 46.5070329], [108.3179004, 46.5065233], [108.3184314, 46.50582], [108.3187238, 46.5053843], [108.320382, 46.503025], [108.3245067, 46.4968785], [108.328965, 46.490362], [108.3333338, 46.4838985], [108.33762, 46.47763], [108.3380491, 46.4769613], [108.338371, 46.4763887], [108.3385856, 46.4757496], [108.338725, 46.4750938], [108.338823, 46.473818], [108.3388887, 46.4716072], [108.338972, 46.470175], [108.339008, 46.4692306], [108.3389544, 46.4685697], [108.33877, 46.467865], [108.3385145, 46.4673338], [108.3381926, 46.4668092], [108.3377983, 46.4663344], [108.337337, 46.465878], [108.3344965, 46.4633118], [108.3340325, 46.4628647], [108.3336195, 46.4623844], [108.3332922, 46.4618763], [108.3330401, 46.4613552], [108.3328658, 46.4608176], [108.3327558, 46.4602614], [108.332627, 46.4591473], [108.33193, 46.453365], [108.33142, 46.4490967], [108.331328, 46.448253], [108.3312779, 46.4476867], [108.331278, 46.446942], [108.331365, 46.445637], [108.331583, 46.444355], [108.3317365, 46.4437335], [108.331933, 46.443098], [108.333603, 46.438235], [108.3340245, 46.4369353], [108.3355936, 46.4323417], [108.3379807, 46.4253221], [108.342847, 46.411115], [108.343193, 46.409908], [108.343358, 46.408683], [108.343435, 46.40746], [108.343713, 46.40389], [108.345277, 46.382023], [108.3454425, 46.3796875], [108.345898, 46.37326], [108.34598, 46.372477], [108.346147, 46.371738], [108.3464, 46.371057], [108.346723, 46.370435], [108.34711, 46.36987], [108.3481566, 46.3685864], [108.348678, 46.367947], [108.349057, 46.367505], [108.3491179, 46.3674435], [108.34947, 46.367088], [108.34973, 46.3667943], [108.3502461, 46.3661359], [108.353893, 46.361723], [108.35479, 46.360658], [108.3570695, 46.3577971], [108.3580349, 46.3566869], [108.3584946, 46.3560064], [108.3587753, 46.3556622], [108.359262, 46.3550653], [108.3604037, 46.3536767], [108.3662396, 46.3465641], [108.368573, 46.34379], [108.3686689, 46.3436824], [108.369382, 46.342883], [108.370267, 46.341988], [108.371948, 46.340355], [108.37813, 46.334148], [108.378947, 46.333433], [108.379923, 46.332803], [108.381078, 46.332292], [108.382347, 46.331925], [108.383707, 46.331645], [108.385085, 46.331345], [108.386397, 46.330885], [108.387578, 46.330247], [108.397247, 46.324013], [108.4012544, 46.3213832], [108.4019065, 46.320893], [108.4025469, 46.320376], [108.4080564, 46.3153182], [108.40939, 46.314457], [108.410928, 46.313808], [108.412642, 46.313417], [108.414468, 46.31324], [108.416343, 46.313112], [108.418235, 46.312892], [108.427917, 46.310993], [108.43203, 46.310163], [108.434062, 46.309608], [108.435938, 46.308805], [108.4376, 46.307783], [108.439045, 46.306622], [108.444677, 46.302025], [108.450208, 46.297527], [108.451468, 46.296323], [108.454822, 46.292388], [108.458272, 46.288342], [108.464107, 46.281523], [108.467527, 46.277515], [108.46964, 46.27503], [108.47401, 46.26991], [108.478477, 46.264683], [108.481858, 46.26071], [108.486455, 46.255308], [108.48984, 46.251342], [108.490927, 46.250063], [108.491937, 46.248798], [108.492788, 46.247508], [108.494297, 46.244903], [108.4964215, 46.2412246], [108.49659, 46.2409329], [108.499827, 46.235328], [108.500433, 46.234243], [108.500698, 46.233708], [108.500913, 46.233173], [108.501072, 46.232648], [108.501303, 46.231652], [108.502005, 46.229058], [108.502195, 46.228237], [108.502438, 46.227317], [108.50278, 46.226288], [108.503005, 46.225732], [108.503257, 46.225148], [108.503575, 46.22453], [108.50436, 46.223205], [108.504857, 46.222502], [108.505415, 46.22178], [108.506065, 46.221045], [108.506793, 46.2203], [108.507603, 46.219557], [108.508488, 46.218828], [108.509457, 46.218113], [108.519637, 46.211115], [108.5246335, 46.2076401], [108.5256618, 46.2069178], [108.5271693, 46.2058947], [108.5277023, 46.205533], [108.5291506, 46.2045321], [108.5322975, 46.2023618], [108.539232, 46.19762], [108.540569, 46.1966919], [108.5407765, 46.1965478], [108.5412861, 46.1961941], [108.5457949, 46.1930852], [108.5476544, 46.1918019], [108.548558, 46.191227], [108.56015, 46.183245], [108.564813, 46.180038], [108.569562, 46.176767], [108.571283, 46.17575], [108.573127, 46.174862], [108.576885, 46.173272], [108.580663, 46.171647], [108.586217, 46.16925], [108.596832, 46.164652], [108.601762, 46.162508], [108.603397, 46.161827], [108.605118, 46.161412], [108.606935, 46.161248], [108.608783, 46.161205], [108.610638, 46.161127], [108.612473, 46.16087], [108.614222, 46.16041], [108.615815, 46.15974], [108.617262, 46.158922], [108.6207747, 46.156757], [108.6242526, 46.1547157], [108.6263423, 46.1534811], [108.6284413, 46.1522336], [108.6291658, 46.1518108], [108.6295607, 46.1516026], [108.629965, 46.1514204], [108.6303296, 46.1512511], [108.6307129, 46.1510948], [108.6312036, 46.1509029], [108.631685, 46.1507368], [108.6344113, 46.1498815], [108.6372216, 46.1490068], [108.6381741, 46.1487178], [108.6391826, 46.1483965], [108.6411343, 46.1477991], [108.6440836, 46.146884], [108.6470376, 46.1459656], [108.6479624, 46.1456794], [108.6489339, 46.1453673], [108.6493973, 46.1452129], [108.6499354, 46.1450067], [108.6508623, 46.1445943], [108.6516918, 46.144162], [108.6524933, 46.1436715], [108.6531439, 46.1431769], [108.6538133, 46.1425982], [108.6555304, 46.1410162], [108.6568832, 46.1397698], [108.660072, 46.1368318], [108.66217, 46.1348917], [108.6645229, 46.1327118], [108.6654273, 46.1318786], [108.6663456, 46.1310229], [108.6666072, 46.1307789], [108.6668968, 46.1305478], [108.6672097, 46.1303086], [108.667504, 46.1300889], [108.6681758, 46.1296646], [108.6688383, 46.1292791], [108.6693593, 46.129004], [108.6697973, 46.1287725], [108.6702353, 46.1285282], [108.6709675, 46.1281689], [108.6717183, 46.1278162], [108.6724916, 46.1274948], [108.6732743, 46.1271929], [108.6796412, 46.1247337], [108.6805137, 46.1243841], [108.6812261, 46.1240601], [108.6818266, 46.1237051], [108.6822409, 46.1234337], [108.6826552, 46.123111], [108.6831913, 46.1225842], [108.6836904, 46.1219804], [108.6869748, 46.1175962], [108.6902914, 46.1131897], [108.6906454, 46.1127619], [108.6910155, 46.112403], [108.6913964, 46.1120738], [108.6917066, 46.1118464], [108.6920597, 46.111619], [108.6927951, 46.111224], [108.6935533, 46.1108921], [108.6940612, 46.1107336], [108.694612, 46.11059], [108.696463, 46.110153], [108.698322, 46.109748], [108.702098, 46.1089], [108.705933, 46.108028], [108.711767, 46.106698], [108.7212368, 46.1045036], [108.7221081, 46.1042854], [108.7230786, 46.1039985], [108.7239025, 46.1036546], [108.7247405, 46.1032715], [108.7253756, 46.102889], [108.7260391, 46.1024378], [108.7265292, 46.1020116], [108.7269768, 46.1015756], [108.7274601, 46.1010649], [108.7282224, 46.0999535], [108.7331074, 46.0921505], [108.735649, 46.0880687], [108.739278, 46.08235], [108.741073, 46.079468], [108.7413883, 46.0787959], [108.7416757, 46.0780657], [108.7419385, 46.077102], [108.7435529, 46.0657943], [108.7441116, 46.0617162], [108.7442769, 46.0606466], [108.744417, 46.0598559], [108.7445694, 46.0593003], [108.7447639, 46.0587521], [108.7449795, 46.058307], [108.7451942, 46.0579231], [108.7454273, 46.0575776], [108.7456537, 46.0572655], [108.7459419, 46.0569448], [108.7462852, 46.0566099], [108.7466347, 46.0562877], [108.74733, 46.0557471], [108.7481341, 46.0552491], [108.74894, 46.054863], [108.7498346, 46.0544953], [108.750765, 46.054183], [108.752687, 46.053655], [108.754568, 46.053167], [108.7562088, 46.0526892], [108.7571436, 46.0523342], [108.7578866, 46.0519823], [108.758566, 46.0515763], [108.7588427, 46.0513774], [108.759107, 46.0511614], [108.7595731, 46.0507148], [108.7599291, 46.0503059], [108.7602729, 46.0497943], [108.7604921, 46.049368], [108.7606448, 46.0489496], [108.7607729, 46.0484884], [108.7610389, 46.0471537], [108.7611873, 46.0464457], [108.7613727, 46.0457419], [108.7615689, 46.0451643], [108.7617899, 46.0446637], [108.7620824, 46.0441831], [108.7623027, 46.0438573], [108.7625845, 46.0435314], [108.7631016, 46.0430621], [108.7637295, 46.0425756], [108.7649626, 46.0416449], [108.766254, 46.0406884], [108.7670681, 46.0400936], [108.7675495, 46.0397595], [108.7679078, 46.0395515], [108.7682983, 46.0393435], [108.7687129, 46.0391671], [108.7691597, 46.0389908], [108.7696185, 46.0388332], [108.770088, 46.0387054], [108.770571, 46.0385851], [108.7710861, 46.038502], [108.7715752, 46.0384321], [108.7720858, 46.0383844], [108.773048, 46.0383152], [108.7741915, 46.0382275], [108.7752116, 46.0381324], [108.7756817, 46.0380701], [108.7761302, 46.0379929], [108.7766002, 46.0379008], [108.777081, 46.0377863], [108.7776413, 46.0376301], [108.7782016, 46.0374479], [108.778782, 46.0372246], [108.7793517, 46.0369826], [108.780098, 46.0365933], [108.7810629, 46.035973], [108.7814951, 46.0356147], [108.7818468, 46.0353011], [108.7821941, 46.034968], [108.782477, 46.0346275], [108.7828256, 46.0341709], [108.7831098, 46.0337292], [108.7832715, 46.0334367], [108.7834707, 46.0329878], [108.7836094, 46.0325995], [108.7837029, 46.0322713], [108.7838072, 46.0319207], [108.7841683, 46.0303776], [108.7854343, 46.025358], [108.785543, 46.0249948], [108.7856947, 46.0246167], [108.7858737, 46.0242618], [108.7860741, 46.0238921], [108.786357, 46.0235065], [108.7866409, 46.0231926], [108.7871744, 46.0226866], [108.787847, 46.022185], [108.7920568, 46.0192298], [108.7962323, 46.0162957], [108.796688, 46.0159785], [108.8005531, 46.0132982], [108.8093558, 46.0071332], [108.8097542, 46.0068564], [108.8100387, 46.0066574], [108.8104509, 46.0063706], [108.8107696, 46.0061239], [108.8109964, 46.005938], [108.8112651, 46.0056802], [108.8115058, 46.0054301], [108.8117181, 46.0051747], [108.811948, 46.0048583], [108.8121419, 46.0045509], [108.8122992, 46.0042407], [108.8124175, 46.0039541], [108.8125113, 46.0036393], [108.8126038, 46.0031891], [108.8126493, 46.0026398], [108.8126704, 46.0020029], [108.8126823, 46.0014678], [108.8127248, 46.0010591], [108.8127827, 46.0007559], [108.812869, 46.0004442], [108.8130343, 46.000051], [108.8132227, 45.9996765], [108.8134436, 45.9993133], [108.8137654, 45.9988787], [108.8140402, 45.9985738], [108.8143597, 45.9982492], [108.8148503, 45.9978502], [108.8152339, 45.9975773], [108.8156337, 45.9972959], [108.8175878, 45.9959163], [108.8185973, 45.9952209], [108.819615, 45.9945311], [108.8208973, 45.9935431], [108.8215437, 45.9930184], [108.8221697, 45.9924654], [108.8234211, 45.9913599], [108.824697, 45.9902601], [108.8262389, 45.9888763], [108.8277778, 45.9875279], [108.8296172, 45.985915], [108.8299998, 45.9856195], [108.8305041, 45.9852853], [108.8308782, 45.985056], [108.8313337, 45.9848268], [108.8320859, 45.9845122], [108.8330413, 45.9841835], [108.8349009, 45.9835326], [108.8366264, 45.9829298], [108.8371215, 45.9827773], [108.8376085, 45.9826588], [108.8379181, 45.982584], [108.8382276, 45.9825318], [108.8385555, 45.9824796], [108.8388996, 45.9824387], [108.8392991, 45.9824044], [108.8396904, 45.9823872], [108.8401259, 45.98238], [108.8405289, 45.9823954], [108.8410011, 45.9824277], [108.8414407, 45.9824798], [108.8419942, 45.9825686], [108.8425151, 45.9826744], [108.8429975, 45.9828084], [108.8434473, 45.9829481], [108.8440365, 45.9831758], [108.8445606, 45.9834261], [108.8450319, 45.9836849], [108.8454829, 45.9839663], [108.8467609, 45.9848242], [108.8472756, 45.9851345], [108.847774, 45.9853939], [108.8483822, 45.9856534], [108.8490026, 45.9858648], [108.8496926, 45.9860449], [108.8503221, 45.9861774], [108.8509842, 45.9862674], [108.8517233, 45.9863163], [108.8521541, 45.9863151], [108.8525604, 45.9863026], [108.8530074, 45.9862788], [108.85343, 45.9862324], [108.8540937, 45.9861355], [108.8546045, 45.9860305], [108.8551851, 45.9858763], [108.8557657, 45.9856883], [108.8562581, 45.9854923], [108.8566261, 45.9853268], [108.8569616, 45.9851697], [108.8576814, 45.9847992], [108.8595769, 45.9838291], [108.8614887, 45.9828676], [108.8623762, 45.982402], [108.8628443, 45.9821834], [108.8633328, 45.9819789], [108.863957, 45.9817566], [108.8644317, 45.9816144], [108.8649512, 45.9814892], [108.8653522, 45.981411], [108.866069, 45.981321], [108.8667445, 45.9812732], [108.86742, 45.981265], [108.868237, 45.981322], [108.8689179, 45.9814042], [108.8696029, 45.981509], [108.8706764, 45.9816685], [108.8714167, 45.9817715], [108.8720394, 45.9818149], [108.8726048, 45.9818323], [108.8732535, 45.98181], [108.8739183, 45.981765], [108.8745076, 45.9816833], [108.8751743, 45.9815436], [108.8755889, 45.9814286], [108.8759954, 45.9813022], [108.8800536, 45.9798663], [108.8820868, 45.9791456], [108.8840875, 45.9784417], [108.8848481, 45.9781682], [108.8855194, 45.9779342], [108.8862545, 45.9777154], [108.886888, 45.9775673], [108.8875954, 45.9774525], [108.8883994, 45.9773699], [108.8892149, 45.9773574], [108.890285, 45.9774242], [108.8912651, 45.9775875], [108.892413, 45.977887], [108.8944318, 45.978281], [108.8953058, 45.9784149], [108.8967734, 45.9784836], [108.8986055, 45.9782826], [108.8998561, 45.977917], [108.901117, 45.977485], [108.903062, 45.976613], [108.904852, 45.975677], [108.90617, 45.974483], [108.90701, 45.973108], [108.910062, 45.96745], [108.910913, 45.966022], [108.9114524, 45.9653084], [108.9120268, 45.9646508], [108.9127021, 45.9640077], [108.913455, 45.963423], [108.915142, 45.962333], [108.91705, 45.961422], [108.919092, 45.960745], [108.920431, 45.9604093], [108.9211683, 45.9602689], [108.9240887, 45.9597909], [108.9255605, 45.9595482], [108.9270218, 45.959308], [108.9306483, 45.9587027], [108.9340093, 45.9581401], [108.936241, 45.9577834], [108.9365896, 45.957728], [108.9386, 45.9574081], [108.9434528, 45.9566045], [108.9440963, 45.956491], [108.9446573, 45.9563746], [108.9450685, 45.9562742], [108.9455004, 45.9561423], [108.9459185, 45.9559922], [108.9463184, 45.9558305], [108.946745, 45.9556365], [108.9470923, 45.9554594], [108.9474453, 45.955245], [108.9477939, 45.9550101], [108.9480744, 45.9547992], [108.9483491, 45.9545761], [108.9486102, 45.9543296], [108.9488977, 45.9540263], [108.949195, 45.9536926], [108.9496745, 45.953145], [108.952816, 45.9495364], [108.9534981, 45.9487468], [108.9545865, 45.9474868], [108.9549951, 45.9470139], [108.9558921, 45.9459753], [108.9567777, 45.9450087], [108.9573578, 45.9444908], [108.9579176, 45.9441125], [108.9585675, 45.9437513], [108.9592803, 45.9434351], [108.9600715, 45.9431544], [108.9611457, 45.9428327], [108.9624023, 45.9424522], [108.9639258, 45.9420298], [108.9646433, 45.9418889], [108.9653783, 45.9417994], [108.9658463, 45.9417593], [108.9667086, 45.9417602], [108.9672531, 45.9417836], [108.9677842, 45.9418367], [108.9687458, 45.9420055], [108.9694874, 45.9421808], [108.9701795, 45.9423554], [108.9707829, 45.942511], [108.9713542, 45.9426322], [108.972124, 45.9427842], [108.9729863, 45.9428877], [108.973669, 45.9429288], [108.9745554, 45.9429054], [108.9753118, 45.9428364], [108.9758201, 45.942745], [108.9761768, 45.9426807], [108.9768286, 45.9425184], [108.9775448, 45.9422778], [108.9784433, 45.9418908], [108.986797, 45.937097], [108.988495, 45.936095], [108.990048, 45.934958], [108.991243, 45.933603], [108.993432, 45.930782], [108.994818, 45.929633], [108.996555, 45.928845], [108.998595, 45.928405], [109.00079, 45.928335], [109.005202, 45.928467], [109.011755, 45.92864], [109.016048, 45.928733], [109.018185, 45.928765], [109.020328, 45.928688], [109.022468, 45.928473], [109.024593, 45.928118], [109.026683, 45.927643], [109.030885, 45.926617], [109.037352, 45.92501], [109.043437, 45.92349], [109.0478136, 45.9223446], [109.0519686, 45.9213369], [109.0543092, 45.9207432], [109.0572916, 45.9199839], [109.057995, 45.9198222], [109.0597126, 45.9193934], [109.0612512, 45.9190109], [109.0641405, 45.9182888], [109.0654384, 45.9179679], [109.068722, 45.9171537], [109.0718504, 45.9163779], [109.0753649, 45.9155076], [109.0801873, 45.9143114], [109.0805896, 45.9142095], [109.0811631, 45.9140642], [109.0830864, 45.9135841], [109.0847161, 45.9131744], [109.0857029, 45.9129335], [109.0865643, 45.9127506], [109.0875862, 45.9125591], [109.09662, 45.911065], [109.100542, 45.910397], [109.110633, 45.908672], [109.116833, 45.907612], [109.12549, 45.906135], [109.136448, 45.904265], [109.138643, 45.903837], [109.140682, 45.903133], [109.142487, 45.90216], [109.147673, 45.899122], [109.152892, 45.896088], [109.159785, 45.89208], [109.166682, 45.888072], [109.173525, 45.884095], [109.175322, 45.883135], [109.17738, 45.88245], [109.179513, 45.881848], [109.18152, 45.881053], [109.183217, 45.879953], [109.18638, 45.877765], [109.191085, 45.874525], [109.195767, 45.871312], [109.204255, 45.866233], [109.2087737, 45.8634912], [109.2110842, 45.8621336], [109.2179306, 45.8580621], [109.2248132, 45.8539609], [109.2282385, 45.8519254], [109.233367, 45.848913], [109.236877, 45.846832], [109.24037, 45.844755], [109.245528, 45.841678], [109.248968, 45.839628], [109.255785, 45.835575], [109.260898, 45.83253], [109.265962, 45.829513], [109.272518, 45.8255673], [109.2771102, 45.8228165], [109.278526, 45.8218844], [109.279819, 45.8209055], [109.2846557, 45.8171634], [109.28906, 45.8137652], [109.2931753, 45.8105427], [109.2948317, 45.8092648], [109.2961091, 45.8082823], [109.2967946, 45.8077539], [109.3067263, 45.8000808], [109.3098629, 45.7976684], [109.3116521, 45.7962761], [109.3119582, 45.796034], [109.3163445, 45.7926733], [109.3170332, 45.7921457], [109.322758, 45.787778], [109.323922, 45.786733], [109.324927, 45.785632], [109.32775, 45.782407], [109.328892, 45.781485], [109.330287, 45.780772], [109.331828, 45.780227], [109.339635, 45.777602], [109.34963, 45.774233], [109.356982, 45.771742], [109.362837, 45.769772], [109.368838, 45.767747], [109.374885, 45.765705], [109.376988, 45.765143], [109.379225, 45.764895], [109.397402, 45.765052], [109.399625, 45.764998], [109.401742, 45.764575], [109.403573, 45.76375], [109.405173, 45.76273], [109.406817, 45.76179], [109.408657, 45.761147], [109.41065, 45.760855], [109.412647, 45.760658], [109.414518, 45.760218], [109.416127, 45.759445], [109.419047, 45.757658], [109.4200408, 45.7571977], [109.4210388, 45.7569172], [109.4267898, 45.7556746], [109.428007, 45.7553524], [109.4291721, 45.7548587], [109.4305028, 45.7541126], [109.433955, 45.75218], [109.4391223, 45.7491307], [109.44609, 45.745165], [109.451117, 45.74225], [109.456058, 45.739422], [109.461073, 45.736545], [109.466132, 45.733632], [109.473112, 45.729655], [109.482632, 45.725315], [109.484455, 45.724418], [109.48995, 45.721932], [109.500952, 45.716867], [109.50266, 45.715972], [109.50412, 45.714937], [109.507808, 45.711642], [109.509278, 45.710747], [109.515522, 45.707253], [109.518765, 45.705432], [109.52379, 45.702623], [109.528908, 45.699742], [109.530475, 45.698643], [109.531753, 45.697353], [109.532698, 45.695915], [109.533278, 45.694362], [109.535875, 45.685462], [109.53852, 45.676542], [109.540257, 45.670722], [109.541945, 45.665005], [109.543582, 45.659423], [109.5440499, 45.6578531], [109.545412, 45.653283], [109.5477347, 45.6454908], [109.5498288, 45.6383929], [109.5524592, 45.6295341], [109.5527547, 45.6285389], [109.5550418, 45.6208044], [109.5554683, 45.6194312], [109.5556641, 45.6189865], [109.5559216, 45.6184444], [109.5573243, 45.6160993], [109.559107, 45.61291], [109.559862, 45.611085], [109.560737, 45.608255], [109.562805, 45.601478], [109.564782, 45.595133], [109.566498, 45.589717], [109.568267, 45.584158], [109.570413, 45.577147], [109.572178, 45.571518], [109.57441, 45.564393], [109.576522, 45.557562], [109.578235, 45.552062], [109.579945, 45.546522], [109.58212, 45.539435], [109.583898, 45.533763], [109.58559, 45.52831], [109.5867575, 45.5245572], [109.5876701, 45.5216239], [109.5893676, 45.5161199], [109.59113, 45.510425], [109.593283, 45.503405], [109.5939661, 45.5017271], [109.5942858, 45.5011149], [109.5946146, 45.5005739], [109.5952902, 45.4996294], [109.596322, 45.49848], [109.5988932, 45.4960593], [109.599602, 45.495392], [109.602923, 45.492315], [109.606403, 45.489092], [109.60882, 45.48683], [109.612573, 45.48336], [109.618878, 45.477503], [109.624732, 45.472027], [109.627997, 45.468973], [109.630203, 45.466935], [109.632483, 45.464813], [109.636075, 45.461477], [109.638498, 45.45921], [109.64213, 45.455823], [109.645595, 45.452582], [109.648842, 45.449545], [109.653848, 45.444868], [109.659367, 45.439698], [109.662997, 45.43527], [109.665265, 45.432518], [109.668417, 45.428688], [109.673342, 45.422638], [109.677503, 45.417582], [109.682837, 45.411167], [109.684745, 45.40889], [109.685783, 45.407752], [109.691363, 45.40179], [109.694817, 45.398058], [109.697145, 45.395557], [109.701787, 45.39057], [109.705215, 45.386857], [109.707545, 45.384357], [109.709935, 45.381798], [109.71362, 45.377887], [109.718585, 45.372637], [109.722158, 45.368785], [109.724575, 45.3662], [109.729342, 45.36114], [109.73585, 45.354168], [109.739773, 45.350015], [109.744777, 45.344703], [109.74772, 45.34153], [109.750618, 45.338403], [109.7520711, 45.3368523], [109.7524372, 45.3364616], [109.757739, 45.3308035], [109.7593306, 45.3290889], [109.7620869, 45.3261403], [109.7624067, 45.3257983], [109.7629004, 45.3252701], [109.76427, 45.323793], [109.769431, 45.3182907], [109.774141, 45.3132543], [109.77814, 45.308912], [109.782365, 45.304403], [109.78785, 45.298518], [109.79117, 45.294962], [109.796522, 45.289248], [109.801582, 45.283822], [109.802643, 45.282783], [109.806033, 45.279707], [109.808428, 45.277557], [109.812195, 45.274203], [109.819503, 45.267632], [109.824512, 45.263143], [109.827007, 45.260898], [109.83055, 45.257718], [109.83793, 45.251057], [109.842793, 45.246678], [109.850077, 45.240163], [109.855867, 45.234923], [109.86059, 45.23067], [109.864222, 45.22739], [109.866692, 45.225165], [109.871453, 45.22092], [109.876632, 45.216245], [109.880988, 45.212325], [109.882073, 45.211365], [109.88322, 45.210448], [109.884415, 45.209595], [109.885678, 45.208802], [109.887038, 45.208058], [109.888507, 45.207378], [109.890033, 45.206773], [109.898102, 45.204032], [109.89969, 45.203427], [109.901242, 45.202738], [109.902695, 45.201985], [109.904053, 45.201172], [109.905322, 45.200292], [109.913195, 45.19376], [109.91545, 45.191887], [109.921065, 45.187233], [109.92532, 45.183707], [109.928528, 45.181037], [109.931817, 45.178308], [109.935153, 45.175542], [109.939545, 45.171893], [109.943768, 45.168378], [109.950985, 45.16237], [109.956237, 45.15799], [109.9586953, 45.1559907], [109.9593438, 45.1553967], [109.9597577, 45.1550435], [109.9646858, 45.150926], [109.9705984, 45.1460013], [109.9710398, 45.1456905], [109.973755, 45.14338], [109.977865, 45.139953], [109.982177, 45.136348], [109.98522, 45.133807], [109.989667, 45.13009], [109.993053, 45.127258], [109.99762, 45.123438], [110.000963, 45.120645], [110.005275, 45.117033], [110.009453, 45.113542], [110.017078, 45.107162], [110.021485, 45.103467], [110.023632, 45.10167], [110.027608, 45.098348], [110.032383, 45.09435], [110.033683, 45.09318], [110.034828, 45.092017], [110.038565, 45.087795], [110.042117, 45.083778], [110.047393, 45.077822], [110.049442, 45.0755], [110.052465, 45.072088], [110.057675, 45.066205], [110.0616246, 45.0617584], [110.0617499, 45.0616166], [110.070768, 45.051405], [110.0716743, 45.0503798], [110.074372, 45.047328], [110.07889, 45.042215], [110.081442, 45.039328], [110.082208, 45.038422], [110.082862, 45.037503], [110.083257, 45.036545], [110.083383, 45.035588], [110.083272, 45.034663], [110.082175, 45.030482], [110.079395, 45.019838], [110.078952, 45.01864], [110.07827, 45.017475], [110.077363, 45.01638], [110.07416, 45.013303], [110.073182, 45.012232], [110.072418, 45.011143], [110.071873, 45.010097], [110.071478, 45.009013], [110.070207, 45.004395], [110.069915, 45.0032], [110.06981, 45.001985], [110.069935, 45.000763], [110.070293, 44.999555], [110.070892, 44.998378], [110.074822, 44.9919148], [110.0749546, 44.9916968], [110.075073, 44.991502], [110.078438, 44.985928], [110.082628, 44.978985], [110.084767, 44.975432], [110.085423, 44.974243], [110.085727, 44.973005], [110.085618, 44.97177], [110.085133, 44.97061], [110.084318, 44.969575], [110.083257, 44.968692], [110.082147, 44.96787], [110.08113, 44.967015], [110.080378, 44.966047], [110.079923, 44.964998], [110.079782, 44.963915], [110.079852, 44.96283], [110.080178, 44.95854], [110.080473, 44.957503], [110.081055, 44.95653], [110.081883, 44.955637], [110.0844, 44.953005], [110.085275, 44.952145], [110.086255, 44.951345], [110.087315, 44.950605], [110.092682, 44.946948], [110.099068, 44.942575], [110.100117, 44.94183], [110.101078, 44.941022], [110.101903, 44.940133], [110.104838, 44.93648], [110.109232, 44.931038], [110.113508, 44.925762], [110.114232, 44.924917], [110.115082, 44.92414], [110.116062, 44.923458], [110.117175, 44.922882], [110.118382, 44.922415], [110.119648, 44.922033], [110.1216249, 44.9214873], [110.1252482, 44.9204588], [110.1268972, 44.9199977], [110.1288264, 44.9195035], [110.1349178, 44.9177705], [110.1351324, 44.9177027], [110.1377057, 44.9169632], [110.1378114, 44.9169361], [110.1503412, 44.9134182], [110.1542256, 44.9123313], [110.1552985, 44.9120241], [110.1567281, 44.9116007], [110.1573126, 44.9114295], [110.1578851, 44.9112691], [110.158361, 44.9111639], [110.1587862, 44.9110886], [110.1593487, 44.9110201], [110.1608203, 44.9108763], [110.1616688, 44.9107861], [110.165663, 44.910375], [110.1690363, 44.910107], [110.1707278, 44.9099311], [110.172577, 44.909578], [110.174313, 44.909157], [110.175992, 44.908607], [110.177587, 44.907948], [110.179082, 44.907202], [110.1832196, 44.9050779], [110.1868685, 44.9032105], [110.1880065, 44.9026478], [110.189208, 44.90214], [110.190503, 44.901832], [110.191877, 44.901698], [110.193285, 44.901738], [110.194685, 44.901967], [110.196088, 44.902292], [110.19753, 44.902647], [110.199015, 44.902942], [110.200557, 44.903067], [110.202137, 44.903037], [110.203573, 44.902862], [110.204762, 44.902637], [110.210915, 44.901403], [110.212072, 44.901138], [110.213253, 44.900803], [110.220107, 44.898643], [110.221693, 44.89812], [110.2232, 44.897402], [110.224427, 44.896412], [110.225302, 44.895235], [110.225822, 44.893952], [110.227605, 44.888582], [110.228342, 44.887288], [110.229503, 44.88618], [110.23103, 44.88531], [110.2327964, 44.8847484], [110.239852, 44.882675], [110.2413894, 44.8823023], [110.2424193, 44.8821468], [110.2427342, 44.8821232], [110.2435621, 44.8820919], [110.245473, 44.882217], [110.2493901, 44.8828297], [110.2516683, 44.8831414], [110.2537773, 44.8831963], [110.2594004, 44.8829179], [110.26136, 44.882723], [110.263287, 44.8823], [110.269012, 44.880708], [110.276785, 44.878552], [110.286865, 44.87579], [110.29289, 44.874138], [110.29489, 44.873552], [110.296827, 44.872885], [110.29869, 44.872153], [110.300477, 44.871355], [110.302175, 44.870495], [110.303785, 44.869588], [110.305302, 44.868633], [110.306727, 44.867632], [110.310742, 44.864583], [110.319613, 44.857897], [110.320782, 44.856972], [110.321687, 44.855918], [110.32219, 44.854752], [110.322305, 44.853543], [110.3220974, 44.8523508], [110.3218697, 44.85183], [110.3214878, 44.85121], [110.321375, 44.8510656], [110.3207669, 44.8503251], [110.3206569, 44.8501901], [110.3204825, 44.8499762], [110.3197691, 44.8491357], [110.316267, 44.84498], [110.31258, 44.840572], [110.3120872, 44.839897], [110.3118083, 44.8393758], [110.3116152, 44.83879], [110.3114408, 44.838092], [110.3113545, 44.8375534], [110.311304, 44.837238], [110.3112423, 44.8368025], [110.3110921, 44.836249], [110.3108454, 44.8355662], [110.3105342, 44.835123], [110.310028, 44.834455], [110.309192, 44.833382], [110.3086402, 44.8324976], [110.3084208, 44.8320298], [110.3082343, 44.8313557], [110.3081864, 44.8308329], [110.3081961, 44.8302572], [110.3083121, 44.8296253], [110.3085867, 44.8288405], [110.309957, 44.8253727], [110.3104639, 44.8244006], [110.310803, 44.8239065], [110.311187, 44.8234091], [110.314638, 44.819602], [110.315573, 44.818725], [110.316738, 44.817997], [110.318027, 44.817408], [110.320703, 44.816303], [110.322113, 44.81585], [110.323608, 44.815575], [110.327407, 44.8150747], [110.331215, 44.814525], [110.340673, 44.81321], [110.342288, 44.812907], [110.343853, 44.812452], [110.3503267, 44.8102025], [110.357127, 44.807793], [110.360389, 44.8066864], [110.3666651, 44.8044868], [110.374238, 44.801797], [110.3831, 44.798718], [110.384643, 44.798143], [110.386035, 44.797363], [110.387153, 44.796363], [110.3879, 44.795175], [110.388227, 44.793872], [110.38811, 44.792538], [110.38722, 44.788502], [110.3871783, 44.7871637], [110.3873823, 44.7867282], [110.3876152, 44.7863954], [110.3878334, 44.7861601], [110.3880518, 44.7859764], [110.3883702, 44.7857504], [110.3887664, 44.7855301], [110.3891205, 44.7853775], [110.3894961, 44.7852486], [110.390013, 44.7851411], [110.3905029, 44.7850791], [110.391014, 44.7850616], [110.3914714, 44.7850963], [110.3918853, 44.7851525], [110.3923327, 44.7852568], [110.3928959, 44.7854612], [110.393768, 44.785847], [110.3985144, 44.7880382], [110.401525, 44.789428], [110.407015, 44.79195], [110.4076047, 44.7922226], [110.4085406, 44.7925848], [110.409059, 44.7927094], [110.4095849, 44.7928003], [110.4102543, 44.7928702], [110.4108494, 44.7928571], [110.4114335, 44.7928042], [110.4120705, 44.7926899], [110.4128113, 44.792466], [110.4135437, 44.7922128], [110.4151904, 44.7915505], [110.416104, 44.7912295], [110.416957, 44.791033], [110.4175492, 44.7909341], [110.4181414, 44.7908692], [110.418967, 44.7908362], [110.4252187, 44.7910412], [110.42962, 44.791213], [110.4363854, 44.791429], [110.4385059, 44.7914951], [110.4406261, 44.7915825], [110.4415647, 44.7916982], [110.4424068, 44.7918788], [110.4429966, 44.7920529], [110.4436033, 44.7922715], [110.444463, 44.792677], [110.446167, 44.793575], [110.447912, 44.794457], [110.4486175, 44.7947065], [110.4493484, 44.7949162], [110.449952, 44.7950352], [110.4506231, 44.795136], [110.451277, 44.7951895], [110.4521054, 44.7952021], [110.4543047, 44.7950521], [110.4587786, 44.794737], [110.4631, 44.794442], [110.4641174, 44.7943569], [110.4650719, 44.7943424], [110.4657446, 44.7943868], [110.4663737, 44.7944626], [110.4672642, 44.7946509], [110.469202, 44.795195], [110.4702982, 44.79551], [110.471233, 44.795718], [110.4726112, 44.7958247], [110.4732475, 44.7958338], [110.480128, 44.79572], [110.484558, 44.795635], [110.493008, 44.795485], [110.501362, 44.79533], [110.502428, 44.7953056], [110.503515, 44.795355], [110.505658, 44.79557], [110.5099786, 44.7960503], [110.5108435, 44.7961318], [110.5113434, 44.7961474], [110.5123081, 44.7961326], [110.5130221, 44.7960492], [110.5140647, 44.7958767], [110.519722, 44.794763], [110.525588, 44.793593], [110.5348981, 44.7917647], [110.543847, 44.789983], [110.5548207, 44.787828], [110.5551689, 44.7877596], [110.5556174, 44.7876711], [110.562897, 44.786235], [110.564785, 44.785895], [110.5656078, 44.7858193], [110.566748, 44.785817], [110.56873, 44.786028], [110.5741099, 44.7866769], [110.574783, 44.786772], [110.57682, 44.786998], [110.578885, 44.787038], [110.58091, 44.786835], [110.582843, 44.786403], [110.584638, 44.785768], [110.58628, 44.78498], [110.587882, 44.784182], [110.59258, 44.781867], [110.594108, 44.781117], [110.595643, 44.7804], [110.597305, 44.779913], [110.599067, 44.779727], [110.600863, 44.779747], [110.604413, 44.77982], [110.606162, 44.779768], [110.607838, 44.779443], [110.609352, 44.778855], [110.610637, 44.778045], [110.611635, 44.77705], [110.612303, 44.775937], [110.612832, 44.774795], [110.613385, 44.773667], [110.614155, 44.772603], [110.615165, 44.771642], [110.61638, 44.770818], [110.617763, 44.770147], [110.627915, 44.766007], [110.6293317, 44.7653862], [110.6298858, 44.7650744], [110.6303787, 44.764741], [110.6308153, 44.7643907], [110.6315329, 44.7636633], [110.6324072, 44.7626629], [110.6333123, 44.761656], [110.6338274, 44.7611873], [110.6341089, 44.7609666], [110.6344097, 44.7607565], [110.6350718, 44.760378], [110.6357604, 44.7600584], [110.6364786, 44.7598069], [110.6369746, 44.7596596], [110.6376579, 44.7595184], [110.6382732, 44.7594201], [110.6390112, 44.7593651], [110.6397543, 44.7593615], [110.6408193, 44.7594275], [110.644213, 44.759842], [110.657312, 44.761447], [110.666365, 44.762548], [110.674413, 44.76351], [110.6754799, 44.7635627], [110.6763133, 44.7635574], [110.6773177, 44.7634572], [110.6783074, 44.7633195], [110.6792361, 44.7630965], [110.6805734, 44.7626726], [110.6817983, 44.762105], [110.6829058, 44.761404], [110.6837389, 44.7607042], [110.6844985, 44.7599242], [110.687775, 44.756448], [110.6911156, 44.7528442], [110.694477, 44.749257], [110.699201, 44.744195], [110.6997813, 44.7435776], [110.7003833, 44.7429806], [110.7006736, 44.7427237], [110.701077, 44.7424114], [110.70181, 44.741893], [110.7023596, 44.741551], [110.7030148, 44.7411941], [110.7038446, 44.7408132], [110.7050646, 44.7403594], [110.7153635, 44.7372147], [110.72143, 44.735338], [110.7296617, 44.7328566], [110.7326687, 44.7319331], [110.735665, 44.730997], [110.7384496, 44.7301647], [110.7412281, 44.72931], [110.742969, 44.7287833], [110.747833, 44.727303], [110.7485514, 44.7270922], [110.7494051, 44.7268815], [110.7499297, 44.726798], [110.7504706, 44.7267393], [110.7510329, 44.7267054], [110.7518199, 44.7267154], [110.7526472, 44.7267622], [110.754238, 44.726872], [110.7546788, 44.7269033], [110.7551357, 44.7269206], [110.7555926, 44.7269141], [110.7560669, 44.7268902], [110.7566348, 44.7268284], [110.757425, 44.7267005], [110.7581582, 44.7265124], [110.7589353, 44.7262434], [110.7601738, 44.7257727], [110.760461, 44.7256635], [110.7614739, 44.7252702], [110.7621663, 44.7250457], [110.76286, 44.724863], [110.764308, 44.7246231], [110.7665472, 44.7242803], [110.7687673, 44.7239256], [110.7702674, 44.7237184], [110.7710702, 44.723668], [110.7718088, 44.7236566], [110.7723171, 44.7236723], [110.7725524, 44.7236908], [110.7733452, 44.7237571], [110.7741401, 44.7238808], [110.7749393, 44.7240447], [110.7754316, 44.7241775], [110.776397, 44.7244714], [110.7776731, 44.724865], [110.777909, 44.7249377], [110.7783223, 44.7250742], [110.7793867, 44.7254182], [110.7805472, 44.7257742], [110.780953, 44.72586], [110.7815007, 44.7259457], [110.7820325, 44.7259935], [110.7826825, 44.7259812], [110.7831632, 44.7259305], [110.7836965, 44.7258426], [110.7842032, 44.7257231], [110.7845629, 44.7256027], [110.784919, 44.7254594], [110.785165, 44.7253464], [110.7856121, 44.7251035], [110.7860176, 44.724809], [110.7863966, 44.7244747], [110.7866204, 44.7242244], [110.7868412, 44.7239199], [110.7870261, 44.7235996], [110.7872169, 44.72314], [110.7872813, 44.7227755], [110.7873165, 44.7223782], [110.7872603, 44.7217607], [110.7870384, 44.720882], [110.7865049, 44.7186961], [110.7863355, 44.7181524], [110.7861036, 44.717635], [110.785477, 44.7166204], [110.7835477, 44.7135711], [110.7822495, 44.7115245], [110.7801302, 44.7081603], [110.7796851, 44.7074167], [110.7793826, 44.7067355], [110.7793037, 44.7065013], [110.7791769, 44.705884], [110.7791676, 44.7056858], [110.7791622, 44.7052703], [110.7791913, 44.7049147], [110.7792168, 44.7047273], [110.7793826, 44.7041222], [110.7796, 44.7035842], [110.7799369, 44.7030225], [110.780328, 44.702503], [110.785555, 44.69606], [110.789918, 44.69067], [110.7965326, 44.682427], [110.7965862, 44.6823602], [110.7971319, 44.68168], [110.7976343, 44.6811054], [110.7981635, 44.6805556], [110.80034, 44.678408], [110.803385, 44.675375], [110.8053726, 44.6734122], [110.805477, 44.6733094], [110.8091187, 44.669694], [110.8122861, 44.6665428], [110.8125204, 44.6662833], [110.8128914, 44.665792], [110.8132081, 44.6652462], [110.8134295, 44.664709], [110.8135183, 44.6643838], [110.81358, 44.6640554], [110.8136281, 44.6634682], [110.8134252, 44.6613483], [110.8133981, 44.6607196], [110.8134611, 44.6602235], [110.8135482, 44.65977], [110.8137811, 44.6591296], [110.8141119, 44.6585813], [110.814467, 44.658095], [110.815478, 44.65713], [110.816815, 44.656318], [110.819901, 44.654952], [110.8206241, 44.6545743], [110.8212859, 44.6541569], [110.8217216, 44.6538016], [110.8220949, 44.6534562], [110.8225426, 44.6529502], [110.8232784, 44.651831], [110.8255982, 44.648082], [110.8258421, 44.6477473], [110.8261003, 44.6474398], [110.826645, 44.646903], [110.8273746, 44.6463914], [110.8281396, 44.645963], [110.8291064, 44.6455686], [110.8299371, 44.6453189], [110.8308832, 44.6451313], [110.8318797, 44.6449659], [110.8376175, 44.6440479], [110.84328, 44.643115], [110.8490216, 44.642195], [110.8499586, 44.6419819], [110.85086, 44.641687], [110.852553, 44.640908], [110.860773, 44.636863], [110.8682931, 44.633179], [110.869647, 44.63245], [110.8702733, 44.6320694], [110.870938, 44.63164], [110.872162, 44.630767], [110.8734015, 44.629887], [110.8785126, 44.6262219], [110.8852025, 44.6214657], [110.8878871, 44.6195271], [110.8956826, 44.6139625], [110.902092, 44.60936], [110.90806, 44.605067], [110.911738, 44.602447], [110.913037, 44.601602], [110.914575, 44.600982], [110.9154333, 44.6008158], [110.9162868, 44.6006853], [110.9180281, 44.600561], [110.9248223, 44.6001743], [110.926517, 44.600043], [110.92827, 44.599928], [110.9300564, 44.5999249], [110.93194, 44.599893], [110.933852, 44.599995], [110.935777, 44.600125], [110.939645, 44.6003], [110.941597, 44.600312], [110.943543, 44.600138], [110.945453, 44.599772], [110.947268, 44.599253], [110.948973, 44.598585], [110.953847, 44.596547], [110.9567912, 44.5952849], [110.9600217, 44.593977], [110.9648499, 44.5919898], [110.9655693, 44.5916934], [110.9754988, 44.5876026], [110.978228, 44.586488], [110.980765, 44.585443], [110.9810422, 44.5853318], [110.983158, 44.584483], [110.984057, 44.584165], [110.985028, 44.583922], [110.987143, 44.583567], [110.988265, 44.583393], [110.989583, 44.583125], [110.990885, 44.582668], [110.992115, 44.582002], [110.993138, 44.581235], [110.99532, 44.579653], [110.996503, 44.57883], [110.9971717, 44.5784666], [110.9976606, 44.5781946], [110.9985235, 44.5778399], [110.999413, 44.577572], [111.0002401, 44.5774215], [111.001128, 44.577323], [111.0112151, 44.5767228], [111.0128975, 44.5765293], [111.0138041, 44.5763421], [111.0154869, 44.5759256], [111.016932, 44.575362], [111.018477, 44.57451], [111.019857, 44.573497], [111.021043, 44.57234], [111.023347, 44.569957], [111.02469, 44.56886], [111.02631, 44.567977], [111.028135, 44.56734], [111.037245, 44.564693], [111.044172, 44.562673], [111.051017, 44.560672], [111.057967, 44.55864], [111.059617, 44.558072], [111.06108, 44.55732], [111.062327, 44.556395], [111.063453, 44.555367], [111.064608, 44.554357], [111.066072, 44.553523], [111.067797, 44.552983], [111.069683, 44.55274], [111.071638, 44.552605], [111.07356, 44.552255], [111.075322, 44.551553], [111.076882, 44.550623], [111.081245, 44.547948], [111.084208, 44.546138], [111.085612, 44.545115], [111.093275, 44.53865], [111.095792, 44.536532], [111.096862, 44.535373], [111.097495, 44.534038], [111.097765, 44.532638], [111.098535, 44.52841], [111.099343, 44.524213], [111.0997434, 44.5214244], [111.0998769, 44.5206985], [111.0998601, 44.5199852], [111.099668, 44.518797], [111.098525, 44.5151], [111.098193, 44.51392], [111.098072, 44.512735], [111.098103, 44.509313], [111.098062, 44.508172], [111.097808, 44.507013], [111.097312, 44.505848], [111.096572, 44.504695], [111.095617, 44.503597], [111.094448, 44.50257], [111.093168, 44.501572], [111.091905, 44.500557], [111.090735, 44.499467], [111.089788, 44.498255], [111.089127, 44.49696], [111.088767, 44.495635], [111.08859, 44.494307], [111.088287, 44.491668], [111.088053, 44.490405], [111.087897, 44.48912], [111.087545, 44.486622], [111.087548, 44.48541], [111.087678, 44.484243], [111.087857, 44.483088], [111.088088, 44.481953], [111.088505, 44.48084], [111.089118, 44.479758], [111.089937, 44.478725], [111.090882, 44.477717], [111.096928, 44.471413], [111.097957, 44.470287], [111.098728, 44.469053], [111.099167, 44.467727], [111.1004843, 44.4580938], [111.1005414, 44.457574], [111.1005631, 44.4569246], [111.100445, 44.4559], [111.1002255, 44.4549869], [111.1000249, 44.4537437], [111.099995, 44.4534022], [111.0999865, 44.4528595], [111.099553, 44.45004], [111.099247, 44.44773], [111.0988744, 44.4452645], [111.0987322, 44.444264], [111.0985431, 44.4432232], [111.0983808, 44.4420934], [111.0980523, 44.4398835], [111.0979383, 44.4390628], [111.0977897, 44.4383824], [111.0977344, 44.4381292], [111.0973482, 44.4355285], [111.0971752, 44.4344607], [111.0970786, 44.4337032], [111.0970585, 44.4332895], [111.0970813, 44.4329208], [111.097194, 44.4322783], [111.0973683, 44.4317496], [111.0976097, 44.4312517], [111.0983178, 44.4303016], [111.0987362, 44.4299013], [111.0993049, 44.429455], [111.1004582, 44.4287712], [111.1017886, 44.4282502], [111.1093685, 44.4254], [111.1140731, 44.4236453], [111.119812, 44.42151], [111.125845, 44.419247], [111.12735, 44.418663], [111.128695, 44.417915], [111.129768, 44.416975], [111.137672, 44.408157], [111.138743, 44.407105], [111.140002, 44.40617], [111.14144, 44.405383], [111.154227, 44.399453], [111.155585, 44.398832], [111.156973, 44.398267], [111.158412, 44.39777], [111.159888, 44.397343], [111.161397, 44.396982], [111.162928, 44.396688], [111.164483, 44.396462], [111.166053, 44.39631], [111.167627, 44.396235], [111.169215, 44.396223], [111.174078, 44.396202], [111.175752, 44.396228], [111.17743, 44.396415], [111.179073, 44.396778], [111.180673, 44.397268], [111.185558, 44.398855], [111.188837, 44.399892], [111.190502, 44.400313], [111.192243, 44.40044], [111.193965, 44.400293], [111.195587, 44.399868], [111.197027, 44.399188], [111.198325, 44.398355], [111.206542, 44.392982], [111.208105, 44.39212], [111.209878, 44.391433], [111.211772, 44.390947], [111.224882, 44.38824], [111.226795, 44.387685], [111.228595, 44.386963], [111.231923, 44.38558], [111.233532, 44.385022], [111.235288, 44.384733], [111.237117, 44.384583], [111.238958, 44.384363], [111.240708, 44.38384], [111.242285, 44.383042], [111.248708, 44.379557], [111.250298, 44.378657], [111.251652, 44.377655], [111.252725, 44.376585], [111.253568, 44.375413], [111.254178, 44.37415], [111.25452, 44.372822], [111.255077, 44.368775], [111.255138, 44.367452], [111.254905, 44.36616], [111.254415, 44.364932], [111.253803, 44.36379], [111.250168, 44.357435], [111.248972, 44.35531], [111.247775, 44.353232], [111.247321, 44.3524603], [111.2470403, 44.3519877], [111.2466411, 44.3511889], [111.246065, 44.350157], [111.2445349, 44.3474792], [111.2438571, 44.3463061], [111.2429761, 44.3447815], [111.2423012, 44.3436601], [111.2418676, 44.3428928], [111.2417064, 44.3426116], [111.2402801, 44.3401353], [111.23332, 44.32784], [111.228728, 44.319758], [111.220985, 44.306168], [111.215685, 44.296847], [111.21497, 44.295682], [111.213968, 44.294642], [111.212683, 44.29382], [111.211205, 44.293232], [111.209673, 44.292757], [111.208215, 44.292222], [111.206958, 44.291502], [111.205962, 44.290603], [111.20519, 44.289595], [111.196212, 44.277275], [111.190487, 44.269447], [111.1896, 44.268448], [111.188433, 44.267603], [111.187013, 44.266965], [111.185432, 44.266567], [111.183778, 44.266413], [111.182135, 44.266302], [111.18052, 44.26617], [111.178958, 44.265997], [111.177527, 44.265577], [111.176303, 44.26493], [111.175348, 44.264112], [111.174707, 44.263163], [111.174265, 44.262172], [111.17385, 44.261182], [111.173517, 44.26019], [111.1735059, 44.2590725], [111.1736439, 44.2581871], [111.1737978, 44.2574108], [111.1738133, 44.2573293], [111.174233, 44.255112], [111.1744557, 44.2540427], [111.17461, 44.2532496], [111.1751046, 44.2507064], [111.1757863, 44.2472767], [111.176253, 44.24494], [111.176508, 44.2435365], [111.176687, 44.2425967], [111.1768159, 44.2420554], [111.1770319, 44.241441], [111.1773313, 44.2408999], [111.177695, 44.2403986], [111.1781191, 44.2399108], [111.1786576, 44.2394573], [111.1798633, 44.2387071], [111.181113, 44.237997], [111.182297, 44.237228], [111.1832236, 44.2362855], [111.1848248, 44.2343544], [111.1855391, 44.2334882], [111.186295, 44.2325128], [111.1865755, 44.2319729], [111.1867344, 44.2314376], [111.1867663, 44.2313302], [111.187072, 44.230242], [111.187527, 44.228057], [111.1877173, 44.2270478], [111.1878557, 44.2265658], [111.1880827, 44.2261945], [111.1883464, 44.2258484], [111.1888064, 44.2254616], [111.1892916, 44.2251648], [111.18996, 44.2248798], [111.1906533, 44.2247183], [111.1912899, 44.2246559], [111.1919388, 44.2246923], [111.1924417, 44.2247632], [111.193645, 44.225053], [111.1947682, 44.2252958], [111.1956348, 44.2253659], [111.1966086, 44.2252893], [111.201125, 44.224722], [111.204097, 44.22437], [111.20705, 44.22399], [111.208455, 44.22363], [111.20976, 44.22311], [111.216178, 44.22041], [111.21746, 44.21989], [111.218827, 44.219502], [111.220258, 44.219328], [111.221722, 44.219285], [111.2261, 44.219262], [111.233328, 44.219245], [111.23477, 44.21923], [111.236173, 44.219027], [111.237445, 44.218553], [111.23848, 44.217832], [111.239183, 44.216923], [111.239482, 44.21591], [111.239368, 44.214873], [111.238813, 44.2128], [111.237978, 44.209578], [111.23734, 44.207343], [111.236462, 44.203933], [111.23619, 44.202813], [111.236282, 44.20172], [111.236978, 44.200762], [111.238135, 44.200075], [111.239508, 44.199743], [111.240945, 44.199805], [111.24223, 44.200248], [111.243392, 44.200957], [111.244553, 44.20157], [111.245757, 44.202118], [111.247133, 44.202353], [111.248533, 44.202202], [111.249777, 44.201648], [111.25066, 44.200808], [111.251045, 44.199813], [111.250852, 44.198778], [111.250213, 44.197833], [111.249537, 44.196908], [111.249232, 44.195908], [111.2493451, 44.1953849], [111.2495104, 44.1949335], [111.2504553, 44.1929621], [111.250937, 44.19198], [111.2510944, 44.191678], [111.2513794, 44.1913141], [111.2516327, 44.1910757], [111.2519378, 44.190859], [111.2522854, 44.1906629], [111.252763, 44.19045], [111.2534182, 44.1902617], [111.25412, 44.190123], [111.255538, 44.189888], [111.256913, 44.189563], [111.258185, 44.189038], [111.2616682, 44.1871325], [111.2645055, 44.1855483], [111.2673703, 44.1839923], [111.274819, 44.1798906], [111.277458, 44.1784448], [111.2793659, 44.1773868], [111.283042, 44.175413], [111.2844091, 44.1745744], [111.2856904, 44.1737046], [111.2868673, 44.1727567], [111.293188, 44.166792], [111.2942312, 44.1657654], [111.29527, 44.1647804], [111.296033, 44.1640318], [111.2965292, 44.1633817], [111.2969448, 44.1626709], [111.2971989, 44.1620357], [111.2974089, 44.1613933], [111.2987036, 44.1575466], [111.2992001, 44.1562307], [111.2995371, 44.1555423], [111.2997785, 44.1551285], [111.3000617, 44.1547295], [111.3004088, 44.1542799], [111.3009148, 44.1536876], [111.3064723, 44.1471638], [111.3080128, 44.1453514], [111.3085118, 44.1447649], [111.3090106, 44.1442269], [111.3094445, 44.1438679], [111.3100303, 44.1434593], [111.3103259, 44.1432797], [111.3118198, 44.1424345], [111.3132769, 44.1416056], [111.3247514, 44.1351484], [111.3254955, 44.1347479], [111.3262862, 44.1343541], [111.327078, 44.134053], [111.327872, 44.1338123], [111.3286968, 44.1336441], [111.329817, 44.13348], [111.331682, 44.133313], [111.3329025, 44.1331698], [111.3338721, 44.1329768], [111.3346633, 44.132742], [111.3355191, 44.1323794], [111.3361144, 44.1320566], [111.3367463, 44.131651], [111.3377735, 44.130855], [111.340115, 44.128997], [111.341312, 44.128047], [111.345135, 44.125065], [111.346507, 44.124045], [111.355845, 44.11665], [111.35735, 44.11572], [111.359108, 44.11509], [111.363122, 44.114355], [111.365067, 44.11383], [111.366688, 44.112978], [111.367963, 44.111973], [111.369098, 44.111028], [111.371287, 44.10924], [111.375953, 44.105473], [111.377362, 44.104638], [111.379047, 44.104127], [111.380853, 44.10399], [111.382507, 44.104203], [111.3837485, 44.1044842], [111.3839894, 44.1045388], [111.3846978, 44.1047107], [111.3855502, 44.1048858], [111.3863523, 44.1049755], [111.3872801, 44.1050175], [111.3887687, 44.1050368], [111.3911348, 44.1050692], [111.3935136, 44.1051048], [111.3974955, 44.1051438], [111.401691, 44.1052001], [111.4022393, 44.1052074], [111.4028893, 44.1052161], [111.4046945, 44.1052593], [111.4096827, 44.1053091], [111.4101949, 44.1052998], [111.4109771, 44.1052301], [111.4116948, 44.1051351], [111.4134627, 44.1048608], [111.4143968, 44.1047341], [111.415079, 44.1046931], [111.4157627, 44.1046895], [111.4165576, 44.1047443], [111.417357, 44.104843], [111.4193321, 44.1051434], [111.4203599, 44.105224], [111.4211238, 44.1052489], [111.4221696, 44.1051645], [111.42342, 44.104983], [111.425393, 44.104427], [111.427373, 44.1038403], [111.42801, 44.1036006], [111.4291721, 44.1029477], [111.4299225, 44.1023912], [111.43057, 44.101733], [111.4309844, 44.101106], [111.43143, 44.10026], [111.4315781, 44.0994722], [111.43163, 44.098657], [111.431458, 44.097038], [111.431228, 44.095458], [111.4310472, 44.0948781], [111.43061, 44.094013], [111.4302622, 44.093523], [111.429582, 44.092768], [111.42695, 44.090558], [111.425865, 44.08932], [111.425377, 44.087887], [111.425573, 44.086395], [111.426478, 44.085017], [111.427825, 44.083815], [111.433528, 44.078975], [111.437878, 44.07525], [111.440687, 44.07286], [111.442197, 44.0718], [111.445677, 44.070232], [111.447157, 44.069288], [111.448292, 44.068153], [111.44904, 44.066887], [111.44946, 44.065563], [111.450502, 44.061687], [111.45089, 44.060387], [111.451238, 44.059062], [111.451692, 44.057712], [111.452408, 44.056372], [111.45345, 44.05512], [111.454785, 44.053977], [111.456368, 44.052992], [111.458212, 44.052212], [111.46052, 44.051505], [111.468802, 44.048993], [111.470863, 44.048392], [111.472912, 44.047802], [111.47497, 44.047323], [111.477028, 44.046988], [111.479068, 44.046758], [111.48509, 44.04612], [111.495323, 44.045], [111.497383, 44.04499], [111.499403, 44.045243], [111.50141, 44.045408], [111.503398, 44.045162], [111.505228, 44.044537], [111.506773, 44.043557], [111.507917, 44.04231], [111.508635, 44.040917], [111.509282, 44.039515], [111.50984, 44.038112], [111.510205, 44.036682], [111.511183, 44.032317], [111.51155, 44.03083], [111.51235, 44.029413], [111.513678, 44.02819], [111.515265, 44.027105], [111.516788, 44.02598], [111.517887, 44.024632], [111.518403, 44.023123], [111.518263, 44.02157], [111.51769, 44.020057], [111.517213, 44.018522], [111.517328, 44.016945], [111.518107, 44.015453], [111.519445, 44.014178], [111.522515, 44.0119], [111.533192, 44.003895], [111.53473, 44.002695], [111.536097, 44.001438], [111.537257, 44.000145], [111.538267, 43.9988], [111.540233, 43.996088], [111.541258, 43.994747], [111.542653, 43.993587], [111.544472, 43.992753], [111.546595, 43.992332], [111.548808, 43.9922], [111.550967, 43.991912], [111.552888, 43.99119], [111.554437, 43.990105], [111.555788, 43.988915], [111.55962, 43.98563], [111.567305, 43.979078], [111.568375, 43.978177], [111.5690263, 43.9776436], [111.56948, 43.977272], [111.571702, 43.97539], [111.575098, 43.972452], [111.576232, 43.971418], [111.577072, 43.97024], [111.577558, 43.968958], [111.577867, 43.967645], [111.578215, 43.966352], [111.578638, 43.965063], [111.578827, 43.963763], [111.578625, 43.962487], [111.578003, 43.961295], [111.572977, 43.954912], [111.572225, 43.953875], [111.571688, 43.952787], [111.57139, 43.951657], [111.571333, 43.950513], [111.5714, 43.949377], [111.571468, 43.948238], [111.5718, 43.943393], [111.571957, 43.942062], [111.572532, 43.940743], [111.573612, 43.939537], [111.57515, 43.938565], [111.584647, 43.934532], [111.5932611, 43.9308195], [111.602076, 43.9270382], [111.6174117, 43.9204791], [111.63272, 43.9139323], [111.640175, 43.9107405], [111.647607, 43.9075454], [111.6480748, 43.9073358], [111.6484996, 43.9071221], [111.6488664, 43.9069408], [111.649365, 43.9066631], [111.6497798, 43.9063999], [111.6501426, 43.9061446], [111.6505195, 43.905869], [111.6508778, 43.905593], [111.6515118, 43.9050015], [111.6521052, 43.9043756], [111.6582661, 43.8970601], [111.665802, 43.888095], [111.6663022, 43.8875508], [111.6665608, 43.8873059], [111.6668472, 43.8870681], [111.6674819, 43.8866101], [111.668188, 43.886237], [111.6689692, 43.8858975], [111.66979, 43.8855875], [111.671463, 43.8849643], [111.6732051, 43.8843165], [111.6768395, 43.8829715], [111.6777621, 43.8826003], [111.6782157, 43.8824093], [111.6786758, 43.882183], [111.6790831, 43.8819577], [111.6794856, 43.8817105], [111.6798584, 43.881448], [111.6802282, 43.8811691], [111.6809058, 43.8805959], [111.6815802, 43.879998], [111.6855475, 43.8763835], [111.6862265, 43.8757922], [111.6869596, 43.8752259], [111.6877587, 43.8747122], [111.6886209, 43.8742593], [111.6895488, 43.8738407], [111.6905285, 43.8734804], [111.6915883, 43.8731633], [111.6926474, 43.8729543], [111.6937514, 43.8727957], [111.6948711, 43.8726805], [111.6971269, 43.8724964], [111.6992948, 43.8723253], [111.7014188, 43.8721476], [111.7020811, 43.8720606], [111.7024103, 43.8720137], [111.7027866, 43.8719467], [111.7035208, 43.8717943], [111.7042026, 43.8716196], [111.7045615, 43.8715192], [111.7048757, 43.8714217], [111.7052017, 43.8713148], [111.7055275, 43.8711971], [111.7060235, 43.8709912], [111.7065141, 43.8707814], [111.7069532, 43.8705623], [111.7074115, 43.8703161], [111.707926, 43.8700015], [111.7080889, 43.8698991], [111.7082395, 43.8697943], [111.7086481, 43.8695106], [111.7090252, 43.8692262], [111.7105561, 43.8679799], [111.7150709, 43.8642405], [111.7163774, 43.8631664], [111.7185553, 43.8613762], [111.7207221, 43.8595774], [111.722977, 43.8577102], [111.725245, 43.855845], [111.7291885, 43.8525994], [111.7331222, 43.849354], [111.7342439, 43.8484336], [111.7352754, 43.8475669], [111.737291, 43.8458927], [111.738312, 43.845068], [111.7423595, 43.841731], [111.7425978, 43.8415362], [111.7445294, 43.8399567], [111.7457057, 43.8389616], [111.7469071, 43.8379844], [111.7481237, 43.836985], [111.7492705, 43.836028], [111.7499233, 43.8354928], [111.7505856, 43.8349765], [111.7512623, 43.8344794], [111.7519307, 43.8339869], [111.753267, 43.8330081], [111.7545997, 43.8320346], [111.7559176, 43.8310674], [111.7572519, 43.8300885], [111.7586019, 43.8291], [111.7599444, 43.8281119], [111.7659744, 43.8236857], [111.7721024, 43.8191808], [111.7774057, 43.8152894], [111.7826944, 43.8114024], [111.7867215, 43.8084373], [111.7906873, 43.8055133], [111.7986927, 43.7996244], [111.8009935, 43.7979374], [111.8032121, 43.7962961], [111.8047158, 43.7951928], [111.806218, 43.7940851], [111.8092097, 43.7918878], [111.8151808, 43.7874759], [111.8181702, 43.7852699], [111.8213015, 43.7829601], [111.8220918, 43.7823814], [111.8228791, 43.7817947], [111.8244703, 43.7806281], [111.826001, 43.7794953], [111.8275342, 43.7783672], [111.8291492, 43.7771732], [111.8305254, 43.7761665], [111.8320534, 43.7750353], [111.8350592, 43.7728178], [111.8370993, 43.7713073], [111.8396374, 43.769444], [111.8411527, 43.7683135], [111.8451923, 43.7653266], [111.84671, 43.7642117], [111.8472647, 43.7637999], [111.8498918, 43.761862], [111.8524581, 43.7599272], [111.8536969, 43.759012], [111.8549261, 43.7581153], [111.8579218, 43.7558813], [111.858644, 43.7553597], [111.8588722, 43.7551993], [111.8648761, 43.7507425], [111.8731452, 43.7446474], [111.8734844, 43.7443947], [111.8759034, 43.7425921], [111.8763475, 43.7422611], [111.8900532, 43.7321242], [111.890411, 43.7318572], [111.891007, 43.7314858], [111.8913015, 43.7312597], [111.8916385, 43.7310119], [111.8931366, 43.7299179], [111.8936205, 43.7295559], [111.8964083, 43.7275255], [111.8980954, 43.726272], [111.8986165, 43.7258849], [111.8988684, 43.7256977], [111.9022049, 43.7232187], [111.9026331, 43.7229065], [111.9028897, 43.7227185], [111.9058107, 43.7205744], [111.9063686, 43.7201585], [111.9078261, 43.7190824], [111.9128911, 43.7153137], [111.913239, 43.7150603], [111.9136422, 43.7146853], [111.9141883, 43.7142817], [111.9145428, 43.7140176], [111.9153788, 43.7133934], [111.9157559, 43.7131118], [111.9169148, 43.7122529], [111.9191434, 43.7106011], [111.9207205, 43.7094401], [111.9312584, 43.7016362], [111.9385274, 43.6962456], [111.9434934, 43.6925772], [111.9441641, 43.6920669], [111.9464547, 43.6904017], [111.9827081, 43.6530597], [111.9830432, 43.6526835], [111.9833339, 43.6523561], [111.9836345, 43.6519832], [111.9838578, 43.6517568], [111.9841295, 43.6514944], [111.984361, 43.6513208], [111.9846386, 43.6511374], [111.9849425, 43.6509591], [111.9854755, 43.6506615], [111.9856879, 43.65053], [111.9858621, 43.6504136], [111.9860886, 43.6502327], [111.9865513, 43.6498052], [111.9867692, 43.6495874], [111.9870133, 43.6493371], [111.9882424, 43.6478863], [111.9911666, 43.6444402], [111.9926865, 43.6426689], [111.9929532, 43.642358], [111.9942828, 43.6407882], [111.9945215, 43.6404932], [111.9953719, 43.6395137], [111.99581, 43.6389951], [111.9961449, 43.638621], [111.9967314, 43.637938], [112.0632711, 43.5597256], [112.0643542, 43.5584501], [112.0726416, 43.548689], [112.0729694, 43.5483029], [112.0730965, 43.5481531], [112.118638, 43.494442], [112.1322858, 43.4783297], [112.139828, 43.469478], [112.142983, 43.465702], [112.147093, 43.460855], [112.15376, 43.452925], [112.154698, 43.451797], [112.158617, 43.44721], [112.159537, 43.446083], [112.160493, 43.444947], [112.164335, 43.44045], [112.167152, 43.437112], [112.17649, 43.426103], [112.179702, 43.422268], [112.183035, 43.418275], [112.184212, 43.416935], [112.185488, 43.41562], [112.186877, 43.41433], [112.188352, 43.413087], [112.189902, 43.411885], [112.191427, 43.410683], [112.200268, 43.403642], [112.204543, 43.400245], [112.207305, 43.397997], [112.210113, 43.395798], [112.211482, 43.394713], [112.222107, 43.386223], [112.223445, 43.385152], [112.231705, 43.378543], [112.243063, 43.369472], [112.247217, 43.366168], [112.252887, 43.361633], [112.257262, 43.358128], [112.264283, 43.352518], [112.269457, 43.348383], [112.275553, 43.343508], [112.27901, 43.340748], [112.280087, 43.339807], [112.281102, 43.338808], [112.282087, 43.337772], [112.283013, 43.336673], [112.283893, 43.335525], [112.284735, 43.3343], [112.285408, 43.333117], [112.288872, 43.32773], [112.293633, 43.320253], [112.296603, 43.315542], [112.299637, 43.310865], [112.306045, 43.300868], [112.310328, 43.294197], [112.312922, 43.290158], [112.319103, 43.280577], [112.319917, 43.279277], [112.320805, 43.277915], [112.323402, 43.27385], [112.32598, 43.26989], [112.329215, 43.264837], [112.331572, 43.261072], [112.334012, 43.257292], [112.33812, 43.250902], [112.345073, 43.240007], [112.347665, 43.235972], [112.348502, 43.234585], [112.34935, 43.233245], [112.350407, 43.2316326], [112.351135, 43.230522], [112.352912, 43.227772], [112.3582134, 43.2193017], [112.36075, 43.215457], [112.36242, 43.212822], [112.364102, 43.210263], [112.364918, 43.208998], [112.366472, 43.206562], [112.367198, 43.205372], [112.367958, 43.204197], [112.36866, 43.203063], [112.370155, 43.200762], [112.370913, 43.19966], [112.371732, 43.19859], [112.373367, 43.196553], [112.374928, 43.19455], [112.37653, 43.192578], [112.378782, 43.189732], [112.382612, 43.185035], [112.38478, 43.182272], [112.386978, 43.179555], [112.391172, 43.17428], [112.391837, 43.173422], [112.394635, 43.169923], [112.39533, 43.169018], [112.396792, 43.16719], [112.39904, 43.164303], [112.401433, 43.16138], [112.409218, 43.15156], [112.41322, 43.146553], [112.416273, 43.142677], [112.425445, 43.13099], [112.431452, 43.123457], [112.43345, 43.120888], [112.434447, 43.11966], [112.436398, 43.117167], [112.437323, 43.11603], [112.438135, 43.114807], [112.43885, 43.113563], [112.439492, 43.112245], [112.442565, 43.105522], [112.44507, 43.100045], [112.448353, 43.092857], [112.451707, 43.085513], [112.455197, 43.077877], [112.458493, 43.07068], [112.4613072, 43.0643433], [112.4641154, 43.0580585], [112.467021, 43.0518121], [112.4671833, 43.0514562], [112.469874, 43.0455537], [112.471652, 43.041675], [112.472262, 43.04043], [112.472842, 43.039193], [112.47397, 43.036735], [112.47505, 43.034262], [112.477372, 43.029147], [112.477945, 43.02784], [112.478555, 43.026523], [112.47921, 43.025185], [112.481043, 43.021182], [112.482882, 43.017178], [112.487967, 43.005995], [112.488635, 43.004605], [112.489378, 43.003237], [112.490213, 43.001867], [112.49402, 42.996233], [112.495888, 42.993385], [112.499713, 42.987722], [112.504375, 42.980847], [112.506227, 42.978068], [112.50912, 42.973712], [112.512003, 42.969362], [112.514938, 42.965095], [112.517853, 42.960808], [112.522565, 42.953743], [112.526335, 42.948107], [112.529153, 42.943855], [112.532035, 42.939628], [112.53388, 42.93686], [112.536627, 42.932767], [112.539387, 42.928617], [112.545118, 42.920085], [112.551068, 42.91114], [112.554947, 42.905325], [112.55891, 42.899422], [112.560853, 42.896525], [112.565545, 42.889477], [112.568378, 42.885213], [112.570317, 42.882393], [112.573135, 42.878193], [112.575988, 42.873945], [112.577923, 42.87102], [112.581997, 42.865067], [112.58493, 42.860645], [112.589795, 42.853338], [112.593735, 42.847492], [112.596662, 42.843115], [112.599573, 42.838755], [112.604347, 42.83163], [112.607135, 42.82746], [112.610028, 42.823148], [112.61458, 42.816282], [112.617318, 42.81217], [112.621057, 42.806575], [112.625763, 42.799458], [112.629538, 42.793842], [112.63139, 42.791078], [112.634112, 42.786978], [112.6434126, 42.7728559], [112.6480097, 42.7661369], [112.6480899, 42.7660164], [112.652608, 42.759223], [112.6569913, 42.7525562], [112.6583031, 42.7506585], [112.6608641, 42.7468344], [112.6622383, 42.7447438], [112.6632473, 42.7432335], [112.67987, 42.71822], [112.690182, 42.703012], [112.719557, 42.6602], [112.732673, 42.640952], [112.736785, 42.635028], [112.759175, 42.602103], [112.765582, 42.592562], [112.780662, 42.570708], [112.786005, 42.56275], [112.79092, 42.555552], [112.800132, 42.542085], [112.806477, 42.532657], [112.813513, 42.522388], [112.8245329, 42.506159], [112.866377, 42.444497], [112.869308, 42.439733], [112.8832133, 42.4131921], [112.8833213, 42.4129859], [112.8842043, 42.4112547], [112.8843617, 42.4109212], [112.8865437, 42.4067502], [112.8874511, 42.4050215], [112.8883854, 42.4032361], [112.8892533, 42.4015761], [112.8893728, 42.4013486], [112.8894909, 42.4011236], [112.8898594, 42.4004205], [112.8941129, 42.3922944], [112.8945044, 42.391544], [112.8946455, 42.3912757], [112.8950166, 42.3905701], [112.8953661, 42.3899006], [112.8961167, 42.3884472], [112.8962991, 42.3880529], [112.8965083, 42.387526], [112.8966263, 42.3871515], [112.8967304, 42.3867851], [112.8967953, 42.3865136], [112.8968368, 42.3862581], [112.8968664, 42.386049], [112.8968905, 42.3857598], [112.8969106, 42.3853854], [112.8969079, 42.3850872], [112.8968959, 42.3847009], [112.8965043, 42.3799033], [112.8965029, 42.3796031], [112.8965163, 42.3792712], [112.8965458, 42.3789225], [112.8966022, 42.3785034], [112.8966773, 42.3781409], [112.896947, 42.377205], [112.897522, 42.376022], [112.899237, 42.373835], [112.902047, 42.370593], [112.904117, 42.368488], [112.906557, 42.366633], [112.912853, 42.362477], [112.917653, 42.359307], [112.923378, 42.355417], [112.92429, 42.354513], [112.927115, 42.350567], [112.927997, 42.34968], [112.92905, 42.348907], [112.932687, 42.347032], [112.933815, 42.346337], [112.934733, 42.345495], [112.935393, 42.344537], [112.93768, 42.338202], [112.940487, 42.330043], [112.940653, 42.328798], [112.94042, 42.32756], [112.937192, 42.320598], [112.936972, 42.319422], [112.937097, 42.318243], [112.93757, 42.317123], [112.938355, 42.316103], [112.941312, 42.313352], [112.942055, 42.31233], [112.942475, 42.31122], [112.942607, 42.310075], [112.943117, 42.271312], [112.94339, 42.255212], [112.943425, 42.253812], [112.943583, 42.252412], [112.943907, 42.251028], [112.944372, 42.249677], [112.944978, 42.24836], [112.945712, 42.247083], [112.948032, 42.243235], [112.950415, 42.239267], [112.951255, 42.237927], [112.952313, 42.236673], [112.95366, 42.235555], [112.955238, 42.234593], [112.963607, 42.229862], [112.965248, 42.228828], [112.966632, 42.227598], [112.967683, 42.226195], [112.972798, 42.215962], [112.973307, 42.21452], [112.973633, 42.213058], [112.9738, 42.211587], [112.974548, 42.193165], [112.97469, 42.191817], [112.975053, 42.19048], [112.975688, 42.189193], [112.976583, 42.187975], [112.977637, 42.186827], [112.981093, 42.183417], [112.98228, 42.182285], [112.983527, 42.181205], [112.984837, 42.180183], [112.986223, 42.179223], [112.987672, 42.178323], [112.99483, 42.173995], [112.996082, 42.173033], [112.997122, 42.17195], [112.997943, 42.170778], [112.999732, 42.167115], [113.00278, 42.160828], [113.005385, 42.155422], [113.00737, 42.1513], [113.011137, 42.143495], [113.013495, 42.138603], [113.016797, 42.131655], [113.017148, 42.13049], [113.017285, 42.129312], [113.017203, 42.128137], [113.01695, 42.126982], [113.01409, 42.115382], [113.012862, 42.110373], [113.012492, 42.10911], [113.011905, 42.107897], [113.011072, 42.106763], [113.010077, 42.10572], [113.006007, 42.101772], [113.005142, 42.10074], [113.004478, 42.09964], [113.004038, 42.098493], [113.002488, 42.091558], [113.00229, 42.09042], [113.002267, 42.089282], [113.00244, 42.088153], [113.002812, 42.087052], [113.003352, 42.085992], [113.004057, 42.08499], [113.005613, 42.083043], [113.010948, 42.076397], [113.011642, 42.075428], [113.01229, 42.074427], [113.016812, 42.066738], [113.021017, 42.059605], [113.024648, 42.05344], [113.02907, 42.04593], [113.031198, 42.042363], [113.032045, 42.04127], [113.033058, 42.040287], [113.034255, 42.039427], [113.035548, 42.038667], [113.045483, 42.032967], [113.050142, 42.0303], [113.054665, 42.027728], [113.060137, 42.024597], [113.064395, 42.022153], [113.071743, 42.017947], [113.075903, 42.01555], [113.079037, 42.013752], [113.081098, 42.012528], [113.082037, 42.011845], [113.082872, 42.011095], [113.083612, 42.010292], [113.086467, 42.00701], [113.091572, 42.001167], [113.092378, 42.000337], [113.093298, 41.999567], [113.094342, 41.998872], [113.09552, 41.998267], [113.096812, 41.997755], [113.098193, 41.99732], [113.102465, 41.996033], [113.103843, 41.995525], [113.105057, 41.994837], [113.106035, 41.99396], [113.106777, 41.99296], [113.108683, 41.989892], [113.10939, 41.988923], [113.110327, 41.98807], [113.111462, 41.987373], [113.112757, 41.98687], [113.114153, 41.986572], [113.115597, 41.986488], [113.11704, 41.986622], [113.119883, 41.987095], [113.121332, 41.98728], [113.122772, 41.987253], [113.124175, 41.987013], [113.125482, 41.986587], [113.12664, 41.98598], [113.127613, 41.985207], [113.128403, 41.984318], [113.12984, 41.982487], [113.130497, 41.98155], [113.130957, 41.980558], [113.132288, 41.976518], [113.133993, 41.97143], [113.13422, 41.970588], [113.134447, 41.969457], [113.134552, 41.968457], [113.13484, 41.96343], [113.134863, 41.962432], [113.134755, 41.96144], [113.134485, 41.960462], [113.134048, 41.959508], [113.133502, 41.958585], [113.132347, 41.95676], [113.131793, 41.955835], [113.131378, 41.954877], [113.131217, 41.953878], [113.131288, 41.952872], [113.131628, 41.951885], [113.134498, 41.946803], [113.137648, 41.94127], [113.140983, 41.935428], [113.14513, 41.928165], [113.148043, 41.923065], [113.149583, 41.920395], [113.150233, 41.918998], [113.150563, 41.91752], [113.150557, 41.915998], [113.150285, 41.91446], [113.147532, 41.900487], [113.145308, 41.889138], [113.142777, 41.876218], [113.140242, 41.863233], [113.138208, 41.85288], [113.137322, 41.848397], [113.136757, 41.845338], [113.133418, 41.828282], [113.133155, 41.826732], [113.133028, 41.825188], [113.132998, 41.823655], [113.133132, 41.820667], [113.133253, 41.816225], [113.133683, 41.803388], [113.133765, 41.798952], [113.134093, 41.7895], [113.13425, 41.784868], [113.134462, 41.776992], [113.134637, 41.772213], [113.134675, 41.770657], [113.134757, 41.769112], [113.134888, 41.767583], [113.13509, 41.766088], [113.13589, 41.761727], [113.136947, 41.756117], [113.138245, 41.749415], [113.138602, 41.748135], [113.139132, 41.746913], [113.145355, 41.736333], [113.145952, 41.735072], [113.146112, 41.733735], [113.145818, 41.732363], [113.144002, 41.726858], [113.140753, 41.717278], [113.139317, 41.71307], [113.138337, 41.710255], [113.1379178, 41.7092067], [113.1378937, 41.7090946], [113.1378308, 41.7087656], [113.137805, 41.707422], [113.138213, 41.70606], [113.138888, 41.704792], [113.142297, 41.698512], [113.143602, 41.696013], [113.1443559, 41.6945956], [113.144927, 41.693522], [113.145562, 41.692248], [113.14593, 41.690922], [113.146232, 41.689548], [113.146762, 41.688212], [113.147773, 41.686967], [113.149172, 41.685978], [113.150853, 41.685285], [113.1518284, 41.6850678], [113.1527422, 41.684955], [113.154623, 41.6849479], [113.1577313, 41.685044], [113.1588538, 41.6849819], [113.159863, 41.6848161], [113.1608245, 41.6845449], [113.1617403, 41.6841841], [113.1626538, 41.6836435], [113.1633633, 41.6831129], [113.164588, 41.68215], [113.1659182, 41.681158], [113.1668058, 41.6806828], [113.1676122, 41.6803558], [113.1693536, 41.6799329], [113.1743492, 41.6787408], [113.1745217, 41.6786955], [113.176295, 41.6782747], [113.177929, 41.6778021], [113.1788099, 41.6774577], [113.180247, 41.676775], [113.181682, 41.675743], [113.182858, 41.674533], [113.18375, 41.673212], [113.18433, 41.671805], [113.1845781, 41.6710425], [113.1846829, 41.670314], [113.1847176, 41.6695579], [113.184675, 41.668765], [113.1842852, 41.664681], [113.183255, 41.647533], [113.1822616, 41.6320236], [113.1819891, 41.6265214], [113.1819763, 41.6263259], [113.181937, 41.6258325], [113.1820213, 41.6248705], [113.1821983, 41.6242458], [113.1825305, 41.6233401], [113.185128, 41.616958], [113.18568, 41.615688], [113.186077, 41.614453], [113.186348, 41.613213], [113.186522, 41.611962], [113.187255, 41.605702], [113.18871, 41.593527], [113.188875, 41.592028], [113.188942, 41.590487], [113.188885, 41.588927], [113.188485, 41.585792], [113.186783, 41.569895], [113.186705, 41.568438], [113.186602, 41.565645], [113.186478, 41.562972], [113.186377, 41.560248], [113.186308, 41.55738], [113.186063, 41.551382], [113.185965, 41.548237], [113.185698, 41.541775], [113.185317, 41.531732], [113.185245, 41.530167], [113.185055, 41.524655], [113.184937, 41.521895], [113.184685, 41.514685], [113.184732, 41.513253], [113.184933, 41.511838], [113.185292, 41.51043], [113.18702, 41.504702], [113.188367, 41.500355], [113.189205, 41.497553], [113.189425, 41.496168], [113.189297, 41.494815], [113.188853, 41.493543], [113.188187, 41.492375], [113.184128, 41.48623], [113.182257, 41.48334], [113.181767, 41.482362], [113.18144, 41.48135], [113.181245, 41.480342], [113.180673, 41.475468], [113.180173, 41.470863], [113.179852, 41.468118], [113.179772, 41.467178], [113.17966, 41.466255], [113.1792764, 41.463505], [113.1790148, 41.4605779], [113.1789988, 41.4604332], [113.1785658, 41.4577455], [113.1785007, 41.4569436], [113.1783699, 41.4558655], [113.1781087, 41.4535818], [113.1778688, 41.4515411], [113.1775624, 41.4485895], [113.1770017, 41.4432413], [113.1769815, 41.4430732], [113.1766704, 41.4413632], [113.1761375, 41.436528], [113.1759851, 41.4354535], [113.1756305, 41.432174], [113.1755135, 41.431074], [113.1745543, 41.422971], [113.1744105, 41.421723], [113.1744475, 41.420446], [113.1746935, 41.419148], [113.1751455, 41.417859], [113.1758005, 41.416609], [113.1822055, 41.405473], [113.1850875, 41.400448], [113.1886755, 41.394171], [113.1945575, 41.383873], [113.1969135, 41.379799], [113.1994693, 41.3754091], [113.1995358, 41.375348], [113.200883, 41.37286], [113.205003, 41.365635], [113.206665, 41.362718], [113.20925, 41.358207], [113.212388, 41.352737], [113.216118, 41.346213], [113.221213, 41.337315], [113.225765, 41.329362], [113.228892, 41.323895], [113.233933, 41.315075], [113.235195, 41.312867], [113.235805, 41.311833], [113.236428, 41.310857], [113.237062, 41.30993], [113.238955, 41.30734], [113.243419, 41.3012201], [113.246926, 41.2964429], [113.2472482, 41.2960183], [113.2477274, 41.2953597], [113.2478569, 41.2951867], [113.2496207, 41.2927659], [113.256903, 41.2828625], [113.2570272, 41.282693], [113.25752, 41.2820372], [113.2578142, 41.2816399], [113.2579371, 41.2814681], [113.2643551, 41.2727058], [113.272444, 41.2616344], [113.274637, 41.258573], [113.276957, 41.255438], [113.277673, 41.254427], [113.278435, 41.253398], [113.279137, 41.252357], [113.279647, 41.251348], [113.280042, 41.250307], [113.2803205, 41.2491734], [113.280732, 41.24714], [113.280957, 41.24608], [113.281307, 41.245038], [113.2818126, 41.2440456], [113.2820219, 41.2436627], [113.2824406, 41.2430802], [113.2831627, 41.2422125], [113.2840554, 41.2412948], [113.2858433, 41.2396473], [113.2894782, 41.2363112], [113.29143, 41.2345316], [113.2923942, 41.2335845], [113.2928498, 41.2330403], [113.2931787, 41.2325773], [113.293494, 41.2320047], [113.293724, 41.231463], [113.2938862, 41.2310019], [113.294035, 41.230368], [113.2940945, 41.2298776], [113.294093, 41.229167], [113.2940687, 41.2287019], [113.2939135, 41.2279435], [113.293443, 41.226745], [113.292675, 41.22563], [113.2916424, 41.2242223], [113.2910447, 41.2234174], [113.289353, 41.221233], [113.287682, 41.219042], [113.285227, 41.215757], [113.284465, 41.214658], [113.28304, 41.21246], [113.282295, 41.2114091], [113.2812597, 41.2099739], [113.2807455, 41.2092948], [113.2806324, 41.2091448], [113.2745467, 41.2011016], [113.2744296, 41.2009501], [113.2739105, 41.2002657], [113.268528, 41.193103], [113.267753, 41.192005], [113.267012, 41.190883], [113.266228, 41.189755], [113.263752, 41.186483], [113.262067, 41.184277], [113.258727, 41.179797], [113.255358, 41.175335], [113.253733, 41.17313], [113.252045, 41.170987], [113.250452, 41.16883], [113.2487905, 41.1667122], [113.247182, 41.1645], [113.244738, 41.16123], [113.244057, 41.160083], [113.243493, 41.1589], [113.243017, 41.157695], [113.2415108, 41.1529982], [113.2413397, 41.1524738], [113.238953, 41.145388], [113.23452, 41.132008], [113.234102, 41.130775], [113.233553, 41.129568], [113.23279, 41.12843], [113.231818, 41.127378], [113.23067, 41.126445], [113.228147, 41.12475], [113.2194335, 41.1187801], [113.218467, 41.117942], [113.217497, 41.116953], [113.216673, 41.115883], [113.21602, 41.114752], [113.21321, 41.108897], [113.2129076, 41.1082558], [113.2125756, 41.1075528], [113.212088, 41.106518], [113.2115, 41.10533], [113.210867, 41.104152], [113.210183, 41.102988], [113.2053476, 41.0949689], [113.2048438, 41.0941086], [113.2022231, 41.0897022], [113.199219, 41.0846822], [113.1988074, 41.0840567], [113.1983839, 41.083494], [113.197903, 41.082988], [113.197387, 41.0825375], [113.196765, 41.082087], [113.1961255, 41.0816777], [113.1953888, 41.0812983], [113.1945108, 41.0809443], [113.1939263, 41.0807229], [113.1932216, 41.0804454], [113.192895, 41.0803323], [113.1918542, 41.0799338], [113.190746, 41.0794982], [113.190538, 41.0794212], [113.1767813, 41.0741745], [113.176561, 41.0740906], [113.1756754, 41.0737525], [113.1747454, 41.0733976], [113.1735633, 41.0728999], [113.1727045, 41.0725141], [113.1719421, 41.0721481], [113.1710301, 41.0716455], [113.1561933, 41.0630671], [113.1527407, 41.0610889], [113.1520576, 41.0607223], [113.1513714, 41.0603727], [113.1506439, 41.0600213], [113.1472888, 41.0584658], [113.1450955, 41.057429], [113.1381202, 41.0540743], [113.1367682, 41.0534131], [113.1310687, 41.0507844], [113.1301909, 41.0503683], [113.1295909, 41.0500844], [113.1290398, 41.0498169], [113.1254952, 41.0480515], [113.1242815, 41.0474356], [113.1236325, 41.0471108], [113.1233762, 41.0469835], [113.1229499, 41.0467903], [113.1225809, 41.0466467], [113.1222027, 41.0465264], [113.1217995, 41.0464193], [113.1213954, 41.0463321], [113.1209966, 41.0462746], [113.12054, 41.0462212], [113.1056493, 40.9846407], [113.1051947, 40.9806434], [113.1035382, 40.9656273], [113.1028146, 40.9592228], [113.1027287, 40.9583675], [113.1024016, 40.9534182], [113.1022861, 40.9524407], [113.1022228, 40.9520851], [113.1019925, 40.9511915], [113.1017649, 40.9505498], [113.1014383, 40.9497673], [113.1011232, 40.9491201], [113.0902394, 40.9243031], [113.0899534, 40.92365], [113.089775, 40.9228633], [113.0897407, 40.922529], [113.089695, 40.9219588], [113.0896954, 40.9219014], [113.0896962, 40.9217906], [113.0896968, 40.9217041], [113.0899622, 40.9169916], [113.0899954, 40.9162915], [113.0900315, 40.9152011], [113.0902771, 40.9140349], [113.0906149, 40.9131963], [113.0910606, 40.9123698], [113.0915097, 40.9116588], [113.0919842, 40.9110571], [113.0924261, 40.9105723], [113.0929451, 40.9100822], [113.0995873, 40.9044067], [113.1020245, 40.9022681], [113.1049158, 40.8997942], [113.1053526, 40.899475], [113.1055958, 40.8992851], [113.115263, 40.891002], [113.1156296, 40.890677], [113.1159939, 40.8903297], [113.1163526, 40.8899277], [113.1167157, 40.8894838], [113.117011, 40.8890853], [113.1172396, 40.8887423], [113.1179818, 40.8875115], [113.1181051, 40.8872865], [113.1182918, 40.8868657], [113.1209391, 40.8824044], [113.1212514, 40.8818603], [113.1214867, 40.8812992], [113.1218126, 40.8803206], [113.1247912, 40.8680905], [113.1262272, 40.8622087], [113.126423, 40.8615491], [113.1267256, 40.8606707], [113.1270304, 40.8600549], [113.1274909, 40.8593212], [113.127927, 40.8587491], [113.1284988, 40.8581265], [113.1289838, 40.8576688], [113.1330842, 40.8542511], [113.1467296, 40.8428736], [113.1477191, 40.84205], [113.1485938, 40.8412693], [113.1493788, 40.8404981], [113.1500805, 40.8396971], [113.1507255, 40.8388544], [113.1589232, 40.8278665], [113.1594393, 40.8272554], [113.1598465, 40.8268109], [113.1604939, 40.8261779], [113.1612414, 40.8255281], [113.166378, 40.8215774], [113.1668075, 40.8212381], [113.1674053, 40.8207619], [113.1679151, 40.8202988], [113.168387, 40.8197809], [113.1687709, 40.819307], [113.1690855, 40.818776], [113.1693781, 40.8181879], [113.1702497, 40.8159281], [113.1705203, 40.8153614], [113.1708853, 40.8147899], [113.1713289, 40.8142803], [113.1718638, 40.8137945], [113.1724774, 40.8133444], [113.173183, 40.8128993], [113.1828914, 40.8068011], [113.1828502, 40.8067666], [113.1897158, 40.8024715], [113.1917951, 40.8011472], [113.1926313, 40.8006302], [113.193157, 40.8002618], [113.1936113, 40.7999299], [113.1942221, 40.7993985], [113.1947383, 40.798913], [113.1951164, 40.7984853], [113.1953945, 40.7981617], [113.195819, 40.7976165], [113.1961427, 40.7971075], [113.1964954, 40.7965299], [113.1967106, 40.7960699], [113.196929, 40.7955616], [113.1971242, 40.7950384], [113.1973613, 40.7944024], [113.1976989, 40.7934244], [113.1982053, 40.7920017], [113.1984482, 40.7911087], [113.1985609, 40.7903929], [113.198613, 40.7897232], [113.198639, 40.7889418], [113.1985436, 40.78797], [113.1981093, 40.7846236], [113.1973299, 40.7791106], [113.1972166, 40.7782837], [113.1971473, 40.7776926], [113.1971386, 40.7772198], [113.197208, 40.7764842], [113.1973727, 40.7757749], [113.1976676, 40.775013], [113.1981251, 40.7738287], [113.1982289, 40.77356], [113.1990118, 40.7714114], [113.200947, 40.7665341], [113.2012322, 40.7656993], [113.2013969, 40.7648585], [113.201449, 40.7640177], [113.2014663, 40.7628813], [113.2013449, 40.7620076], [113.2011107, 40.7611405], [113.2007725, 40.7600434], [113.1998965, 40.7574026], [113.1995583, 40.7566142], [113.1991073, 40.755931], [113.198447, 40.755112], [113.197173, 40.754278], [113.195768, 40.753662], [113.194257, 40.753035], [113.192797, 40.752498], [113.188262, 40.750742], [113.186728, 40.750135], [113.183593, 40.748947], [113.182072, 40.748255], [113.180612, 40.747493], [113.177727, 40.745862], [113.174902, 40.744237], [113.173422, 40.743462], [113.170567, 40.741808], [113.167643, 40.74023], [113.166207, 40.739433], [113.1649, 40.738562], [113.1644177, 40.7381078], [113.1641235, 40.7377838], [113.163912, 40.737508], [113.1636346, 40.7371244], [113.1632682, 40.7364722], [113.1631416, 40.7361843], [113.162891, 40.7352762], [113.162747, 40.733778], [113.162605, 40.731412], [113.162468, 40.730207], [113.162317, 40.729025], [113.16223, 40.7279], [113.162018, 40.725605], [113.162143, 40.724527], [113.162372, 40.723418], [113.162718, 40.722338], [113.163212, 40.721295], [113.163808, 40.720327], [113.164463, 40.719413], [113.165175, 40.718542], [113.16668, 40.716877], [113.167393, 40.716025], [113.16811, 40.715193], [113.169608, 40.713608], [113.171075, 40.712018], [113.171765, 40.711227], [113.174477, 40.708227], [113.175243, 40.707562], [113.176063, 40.70693], [113.182832, 40.702], [113.185145, 40.700285], [113.186595, 40.69924], [113.188748, 40.697658], [113.18941, 40.697147], [113.191475, 40.695628], [113.19299, 40.69457], [113.194525, 40.693467], [113.195288, 40.692877], [113.195982, 40.692232], [113.196595, 40.69153], [113.19716, 40.690795], [113.198257, 40.689267], [113.198803, 40.688482], [113.199962, 40.686882], [113.201705, 40.684417], [113.202353, 40.6836], [113.204127, 40.681087], [113.204745, 40.680257], [113.20708, 40.676933], [113.207677, 40.676115], [113.210005, 40.672813], [113.21117, 40.671107], [113.21175, 40.670227], [113.212377, 40.669363], [113.213095, 40.668525], [113.213893, 40.667715], [113.215595, 40.666138], [113.217278, 40.66452], [113.218133, 40.663727], [113.221563, 40.66047], [113.222417, 40.65964], [113.225112, 40.657138], [113.227742, 40.654622], [113.228592, 40.653768], [113.229283, 40.652842], [113.229702, 40.651843], [113.229882, 40.650797], [113.229948, 40.649727], [113.229997, 40.648643], [113.230075, 40.647542], [113.23018, 40.64641], [113.230507, 40.645297], [113.230933, 40.644195], [113.23187, 40.641947], [113.232283, 40.640778], [113.232513, 40.63958], [113.232598, 40.638368], [113.232655, 40.635948], [113.232662, 40.634712], [113.232695, 40.633463], [113.232797, 40.632185], [113.233067, 40.630923], [113.233453, 40.629658], [113.233923, 40.628392], [113.234808, 40.62582], [113.23576, 40.623172], [113.236237, 40.621803], [113.2367, 40.620407], [113.237227, 40.619017], [113.237912, 40.617627], [113.238825, 40.616328], [113.2404839, 40.6141958], [113.2410296, 40.6134594], [113.24177, 40.61246], [113.242558, 40.61109], [113.242975, 40.609638], [113.243335, 40.606615], [113.243635, 40.603658], [113.243763, 40.602258], [113.243927, 40.600882], [113.24411, 40.599513], [113.244395, 40.598185], [113.244827, 40.59695], [113.245268, 40.595622], [113.24575, 40.594392], [113.246578, 40.593278], [113.24765, 40.592338], [113.248768, 40.591418], [113.249962, 40.590543], [113.251328, 40.58983], [113.255573, 40.587792], [113.259823, 40.585737], [113.261217, 40.585022], [113.262407, 40.58413], [113.263267, 40.583052], [113.263767, 40.581845], [113.263932, 40.580572], [113.263682, 40.578055], [113.263483, 40.575507], [113.263233, 40.5748774], [113.2629645, 40.5743317], [113.2625946, 40.5738107], [113.2617809, 40.5729933], [113.2579072, 40.5698261], [113.2483875, 40.5631267], [113.2464642, 40.5617677], [113.2452278, 40.560926], [113.2444717, 40.5605141], [113.2437964, 40.5602431], [113.2418138, 40.5594621], [113.2408485, 40.5590295], [113.2403191, 40.5587591], [113.2397008, 40.5583164], [113.2391625, 40.5578703], [113.2385175, 40.5572112], [113.2377212, 40.555812], [113.2363948, 40.5532662], [113.2363072, 40.5530934], [113.2354073, 40.5513445], [113.2349809, 40.5505427], [113.2347897, 40.5501708], [113.234318, 40.5492697], [113.2333933, 40.5474435], [113.2328606, 40.5460596], [113.2326704, 40.5446142], [113.2328612, 40.541529], [113.2328729, 40.5407867], [113.2327597, 40.5399262], [113.232508, 40.5391134], [113.2321431, 40.5382815], [113.2315684, 40.5374137], [113.2311995, 40.5369428], [113.2304681, 40.5362266], [113.22975, 40.535453], [113.227402, 40.53337], [113.225127, 40.531297], [113.223977, 40.53027], [113.2225912, 40.529257], [113.2209162, 40.5285842], [113.219379, 40.5282593], [113.214347, 40.527248], [113.210787, 40.5265768], [113.205283, 40.525518], [113.2035089, 40.5250674], [113.199452, 40.5239441], [113.1985017, 40.523681], [113.197317, 40.523353], [113.1959457, 40.5229711], [113.19444, 40.522313], [113.193252, 40.5215], [113.192293, 40.520518], [113.1917, 40.519365], [113.191403, 40.518105], [113.191477, 40.51681], [113.191922, 40.515545], [113.193797, 40.511773], [113.194543, 40.510522], [113.195533, 40.50936], [113.196763, 40.508318], [113.199543, 40.506508], [113.200633, 40.505425], [113.201162, 40.504125], [113.201068, 40.502772], [113.20034, 40.501523], [113.199132, 40.500488], [113.196578, 40.498495], [113.195392, 40.497422], [113.194577, 40.496158], [113.194182, 40.49477], [113.193877, 40.493357], [113.193545, 40.491948], [113.19295, 40.490598], [113.191853, 40.489432], [113.190377, 40.48856], [113.18872, 40.487923], [113.1838, 40.486107], [113.1822, 40.485503], [113.168615, 40.48033], [113.167212, 40.47978], [113.1663767, 40.479309], [113.1653034, 40.4785916], [113.1645553, 40.4778247], [113.1640187, 40.4770207], [113.163417, 40.4753878], [113.1627665, 40.4738663], [113.1620185, 40.4726045], [113.1611078, 40.4716024], [113.1601484, 40.4709097], [113.1591727, 40.4704519], [113.1580506, 40.4700808], [113.1550423, 40.4693916], [113.1517807, 40.4686815], [113.1507615, 40.4683795], [113.1499675, 40.4681265], [113.1462232, 40.4665104], [113.1433908, 40.465237], [113.1421569, 40.4645677], [113.1414703, 40.4641596], [113.1407407, 40.4634576], [113.1400112, 40.4624699], [113.1396035, 40.4613516], [113.1394676, 40.4604613], [113.1394799, 40.4599222], [113.1395785, 40.4594439], [113.1397155, 40.4589882], [113.1400729, 40.4582005], [113.1403194, 40.4577785], [113.1405659, 40.4574597], [113.1420679, 40.4558962], [113.1441628, 40.4536509], [113.1445287, 40.4531993], [113.1448743, 40.4527352], [113.1451548, 40.45233], [113.1453459, 40.4520206], [113.1455329, 40.4517236], [113.1456183, 40.4515597], [113.1457118, 40.451405], [113.1458703, 40.4510894], [113.1461468, 40.450514], [113.1463013, 40.4501644], [113.1464395, 40.4498148], [113.1465289, 40.4495364], [113.1466265, 40.4492394], [113.1467566, 40.4487506], [113.1468704, 40.4482927], [113.1469883, 40.4475657], [113.1470371, 40.447148], [113.1470696, 40.4467582], [113.1470778, 40.4462477], [113.1468989, 40.4422317], [113.1468914, 40.4416654], [113.1469111, 40.441189], [113.1469355, 40.4409569], [113.1469883, 40.4407249], [113.1470575, 40.440465], [113.1471483, 40.4402331], [113.1473724, 40.4397852], [113.14769, 40.4392699], [113.1479574, 40.4388943], [113.1480738, 40.4387724], [113.1483096, 40.4385373], [113.1485268, 40.4383549], [113.1490819, 40.437913], [113.1495533, 40.4376058], [113.1503451, 40.4371368], [113.1508011, 40.4368859], [113.1527451, 40.4357547], [113.1530102, 40.4355984], [113.1534539, 40.4353475], [113.1538575, 40.4351177], [113.1539565, 40.4350604], [113.160459, 40.4312935], [113.1613495, 40.4307871], [113.1633612, 40.4296179], [113.1639204, 40.4293], [113.1641335, 40.429166], [113.1644078, 40.4290015], [113.1669479, 40.4275507], [113.1758274, 40.4224979], [113.1772604, 40.4217926], [113.179629, 40.4205084], [113.1802404, 40.4201428], [113.1811778, 40.4195856], [113.1820142, 40.4190174], [113.182938, 40.41817], [113.1838359, 40.4170397], [113.186622, 40.413537], [113.188235, 40.411625], [113.189002, 40.4106272], [113.190472, 40.408834], [113.1915563, 40.4078097], [113.196518, 40.403318], [113.198587, 40.401447], [113.19965, 40.400523], [113.202983, 40.397578], [113.204217, 40.39666], [113.205468, 40.395778], [113.206753, 40.394822], [113.210727, 40.391955], [113.216167, 40.388008], [113.221752, 40.38392], [113.2225247, 40.3833236], [113.236855, 40.372938], [113.238297, 40.372073], [113.23985, 40.371298], [113.241475, 40.370567], [113.244788, 40.369193], [113.249608, 40.367278], [113.252765, 40.365933], [113.254347, 40.365298], [113.256043, 40.364893], [113.259572, 40.364727], [113.261337, 40.364613], [113.263033, 40.364235], [113.264535, 40.363523], [113.265817, 40.362582], [113.270772, 40.358548], [113.2717463, 40.3573428], [113.272276, 40.3562556], [113.2726618, 40.3546959], [113.27363, 40.350692], [113.27453, 40.346722], [113.274865, 40.34542], [113.2752121, 40.3445057], [113.2753354, 40.3442456], [113.277245, 40.340555], [113.280242, 40.334673], [113.28203, 40.331252], [113.283753, 40.327887], [113.284335, 40.326792], [113.285455, 40.32462], [113.286508, 40.322505], [113.287057, 40.321463], [113.288642, 40.318337], [113.289732, 40.316245], [113.290427, 40.31525], [113.291318, 40.314343], [113.2915645, 40.3141431], [113.2917334, 40.3140061], [113.293365, 40.312683], [113.29443, 40.311853], [113.295505, 40.311058], [113.301005, 40.306793], [113.303175, 40.305172], [113.30418, 40.30439], [113.30532, 40.303638], [113.3064463, 40.3032454], [113.3074685, 40.3028858], [113.3108909, 40.3020881], [113.312838, 40.301341], [113.31537, 40.2995073], [113.3180141, 40.2968737], [113.3208208, 40.2928905], [113.3212821, 40.2921213], [113.322455, 40.29022], [113.323383, 40.287982], [113.32435, 40.285705], [113.324695, 40.284527], [113.324635, 40.28332], [113.32407, 40.282192], [113.323162, 40.281202], [113.322158, 40.28027], [113.321182, 40.279315], [113.32036, 40.278282], [113.319738, 40.27716], [113.319158, 40.276037], [113.318698, 40.274873], [113.318553, 40.273682], [113.318643, 40.271267], [113.3190015, 40.2701588], [113.3198726, 40.2686911], [113.3238808, 40.26245], [113.3246482, 40.2609563], [113.3253465, 40.2589299], [113.326382, 40.256328], [113.327138, 40.255317], [113.327943, 40.254368], [113.328457, 40.253135], [113.328707, 40.251937], [113.328932, 40.250725], [113.329183, 40.24951], [113.329683, 40.248348], [113.330525, 40.247358], [113.33151, 40.246413], [113.331889, 40.2457888], [113.33225, 40.2448607], [113.3323879, 40.2441834], [113.3324094, 40.2433632], [113.3321939, 40.242474], [113.332018, 40.24194], [113.3313318, 40.2410219], [113.329468, 40.238953], [113.3283782, 40.2374622], [113.32688, 40.235801], [113.3260781, 40.2346359], [113.3255975, 40.2335992], [113.32538, 40.232437], [113.325152, 40.22994], [113.324877, 40.227445], [113.324717, 40.226213], [113.324578, 40.224983], [113.324472, 40.223758], [113.3243005, 40.222964], [113.3241211, 40.2213053], [113.3239733, 40.2201678], [113.3237714, 40.2196721], [113.3234252, 40.2190123], [113.3231927, 40.218672], [113.3228869, 40.2183114], [113.3225268, 40.2179591], [113.3214657, 40.2172239], [113.3207074, 40.2168708], [113.3200837, 40.2166439], [113.318528, 40.216287], [113.31533, 40.2157527], [113.3144239, 40.2156004], [113.311995, 40.215192], [113.3112406, 40.2150575], [113.3103449, 40.2148821], [113.3094641, 40.2146109], [113.3086211, 40.2142931], [113.3073737, 40.2135774], [113.3067497, 40.2131072], [113.306195, 40.212532], [113.305387, 40.211342], [113.3049235, 40.2100274], [113.304864, 40.2095213], [113.3048875, 40.2087245], [113.305088, 40.207518], [113.305658, 40.204375], [113.3059413, 40.2022927], [113.3064881, 40.198892], [113.3065397, 40.197955], [113.3064849, 40.1974343], [113.3063342, 40.1968047], [113.305745, 40.195053], [113.3012803, 40.1828964], [113.3010794, 40.1822305], [113.3009054, 40.1815475], [113.3005189, 40.179428], [113.3003743, 40.1786567], [113.3003517, 40.1785369], [113.3002463, 40.1779905], [113.2981225, 40.1665692], [113.298053, 40.1661848], [113.2980177, 40.1659938], [113.2978839, 40.1652509], [113.297826, 40.1649397], [113.2976885, 40.1642139], [113.2973045, 40.1621748], [113.2972025, 40.1614594], [113.2971516, 40.160796], [113.2971504, 40.1601034], [113.2972111, 40.1593151], [113.2973025, 40.1583981], [113.2974905, 40.1559967], [113.29755, 40.1552137], [113.297566, 40.155034], [113.2983011, 40.1459143], [113.2983126, 40.1457373], [113.2983803, 40.1449608], [113.298393, 40.1447828], [113.298786, 40.1399021], [113.2987817, 40.1392131], [113.2987054, 40.1387591], [113.2985743, 40.138405], [113.2983987, 40.1380814], [113.298137, 40.137723], [113.29781, 40.1373397], [113.2942236, 40.1335032], [113.2939365, 40.1331754], [113.293664, 40.1328032], [113.2935005, 40.1325003], [113.2933951, 40.1322198], [113.2933333, 40.1319308], [113.2933115, 40.1315724], [113.2933406, 40.1312974], [113.2934169, 40.1309418], [113.2938602, 40.1292332], [113.2941194, 40.1283883], [113.2944659, 40.1271984], [113.2945114, 40.1270394], [113.2946824, 40.1264469], [113.2947359, 40.1262869], [113.2949752, 40.1254914], [113.2950899, 40.1250807], [113.2951611, 40.1248282], [113.2956996, 40.1230166], [113.2958854, 40.1223727], [113.2960155, 40.1219765], [113.2962054, 40.1215091], [113.29846, 40.1164616], [113.2984971, 40.1163746], [113.2989852, 40.1153691], [113.2991408, 40.1150706], [113.2993229, 40.114772], [113.2994811, 40.1145622], [113.2998162, 40.1141264], [113.3000905, 40.1137915], [113.3003543, 40.1135212], [113.3006498, 40.1132609], [113.3009821, 40.1130249], [113.3013119, 40.1128232], [113.3015968, 40.1126678], [113.3018636, 40.1125422], [113.3021948, 40.112407], [113.3025298, 40.112299], [113.3029219, 40.1121968], [113.3032965, 40.1121281], [113.303709, 40.1120666], [113.304117, 40.1120332], [113.304549, 40.1120131], [113.3122145, 40.1120307], [113.3179278, 40.112059], [113.3297618, 40.1120568], [113.3459575, 40.1121005], [113.3471946, 40.1121029], [113.3477819, 40.1121047], [113.3480034, 40.1121058], [113.3486598, 40.1121105], [113.349846, 40.1121139], [113.3631928, 40.1121596], [113.3637958, 40.1121576], [113.3645743, 40.1121619], [113.3652568, 40.1121816], [113.3657021, 40.1122127], [113.3661786, 40.1122782], [113.3665866, 40.1123524], [113.3669726, 40.1124498], [113.3675205, 40.11261], [113.3679034, 40.112748], [113.3684022, 40.1129695], [113.3687955, 40.1131669], [113.3691687, 40.1133996], [113.3696511, 40.1137317], [113.3707208, 40.1145371], [113.3737918, 40.1168438], [113.3742698, 40.1171952], [113.3748404, 40.1175653], [113.375441, 40.1178928], [113.3760156, 40.1181718], [113.3765593, 40.1184028], [113.3771971, 40.1186272], [113.3778948, 40.1188464], [113.3792287, 40.1192329], [113.3800894, 40.1194693], [113.3807251, 40.1196733], [113.3813307, 40.119893], [113.3819719, 40.1201411], [113.3824867, 40.120372], [113.3830165, 40.1206032], [113.3834398, 40.120824], [113.3838579, 40.1210794], [113.3876164, 40.1235173], [113.3882861, 40.1239841], [113.3891751, 40.1244889], [113.3898402, 40.1248297], [113.3906578, 40.1251844], [113.3916359, 40.1255352], [113.3921474, 40.1256802], [113.3926779, 40.1258002], [113.3959089, 40.1265101], [113.3991354, 40.1272374], [113.3996833, 40.1273772], [113.4016153, 40.1278003], [113.4025914, 40.1279746], [113.4033679, 40.1280597], [113.4043748, 40.1281446], [113.4055592, 40.128197], [113.4079212, 40.1282193], [113.4108575, 40.1282751], [113.4122236, 40.1282823], [113.4140054, 40.1281488], [113.4154696, 40.1278671], [113.4157284, 40.1278153], [113.429237, 40.124712], [113.430762, 40.124337], [113.4353764, 40.1231925], [113.4433213, 40.1213083], [113.4439774, 40.1211506], [113.4518013, 40.1193007], [113.4600159, 40.1173488], [113.465343, 40.116157], [113.46889, 40.115312], [113.474281, 40.11399], [113.4758962, 40.1135948], [113.4762723, 40.1135026], [113.4811534, 40.1123344], [113.4819179, 40.1121546], [113.483264, 40.1118531], [113.4843009, 40.111705], [113.4856959, 40.1116423], [113.489632, 40.111828], [113.491605, 40.111952], [113.494881, 40.112028], [113.4976608, 40.1121875], [113.5038146, 40.1124922], [113.5051501, 40.1125523], [113.506937, 40.112673], [113.508818, 40.112783], [113.510695, 40.112872], [113.51443, 40.11308], [113.516268, 40.113142], [113.5203234, 40.1133081], [113.5210875, 40.1133364], [113.527342, 40.11366], [113.52917, 40.113735], [113.530987, 40.113833], [113.532797, 40.113997], [113.534583, 40.114203], [113.536367, 40.114427], [113.541588, 40.11499], [113.543305, 40.11521], [113.544995, 40.115472], [113.546662, 40.115852], [113.551463, 40.117182], [113.563855, 40.120748], [113.571568, 40.122962], [113.57614, 40.124277], [113.577597, 40.124815], [113.578932, 40.125508], [113.582753, 40.127793], [113.58787, 40.130853], [113.589142, 40.131603], [113.590397, 40.132372], [113.59152, 40.133255], [113.592473, 40.134233], [113.593348, 40.135337], [113.594262, 40.136428], [113.59516, 40.137535], [113.596777, 40.13962], [113.597448, 40.140627], [113.597995, 40.141685], [113.598923, 40.145032], [113.599522, 40.147315], [113.599788, 40.148455], [113.600392, 40.150753], [113.600798, 40.151908], [113.601293, 40.153], [113.602597, 40.155197], [113.603317, 40.156315], [113.6039, 40.15743], [113.604593, 40.158567], [113.605268, 40.159717], [113.605992, 40.160888], [113.606697, 40.162093], [113.60699, 40.163407], [113.607137, 40.16478], [113.607345, 40.166167], [113.6075088, 40.1671579], [113.6075621, 40.1674803], [113.607815, 40.169012], [113.608023, 40.17046], [113.608075, 40.171928], [113.607925, 40.17343], [113.607062, 40.178002], [113.60672, 40.179543], [113.6064339, 40.1803896], [113.6062525, 40.1809265], [113.604972, 40.184175], [113.604328, 40.185697], [113.60369, 40.187157], [113.602977, 40.188598], [113.602392, 40.190005], [113.602092, 40.191448], [113.602158, 40.192968], [113.60264, 40.194473], [113.603495, 40.195873], [113.605633, 40.198525], [113.60673, 40.199917], [113.60809, 40.20114], [113.6108435, 40.2036308], [113.61222, 40.20473], [113.614517, 40.2069152], [113.614703, 40.2070765], [113.616172, 40.208198], [113.6175, 40.209362], [113.618898, 40.210475], [113.620382, 40.211585], [113.621703, 40.2127], [113.623208, 40.213828], [113.624692, 40.214998], [113.625925, 40.216283], [113.626923, 40.217663], [113.6279225, 40.2191165], [113.629915, 40.221638], [113.63077, 40.223018], [113.633182, 40.227377], [113.63397, 40.228852], [113.634815, 40.230332], [113.635637, 40.23182], [113.636362, 40.233308], [113.63684, 40.234827], [113.637212, 40.236318], [113.638095, 40.239228], [113.638785, 40.24066], [113.639833, 40.241967], [113.642518, 40.24432], [113.6466651, 40.2479214], [113.6470937, 40.2483092], [113.647697, 40.2489287], [113.6481119, 40.2494442], [113.6488596, 40.2506259], [113.64981, 40.25202], [113.650587, 40.25344], [113.651323, 40.254855], [113.652083, 40.256272], [113.652867, 40.257688], [113.6537384, 40.259156], [113.656637, 40.263157], [113.657593, 40.264568], [113.658595, 40.265972], [113.659713, 40.26734], [113.66092, 40.268655], [113.664475, 40.272432], [113.665573, 40.273672], [113.666533, 40.274992], [113.66737, 40.27636], [113.668018, 40.27779], [113.668388, 40.279258], [113.668937, 40.280777], [113.669668, 40.282263], [113.670788, 40.283608], [113.672287, 40.28474], [113.674012, 40.285685], [113.67761, 40.287348], [113.679323, 40.288157], [113.680907, 40.288998], [113.682318, 40.29001], [113.683542, 40.291182], [113.684693, 40.292468], [113.685732, 40.29383], [113.6866674, 40.2953882], [113.6867219, 40.2954764], [113.68758, 40.296675], [113.688235, 40.298173], [113.688573, 40.299748], [113.68903, 40.301325], [113.689422, 40.302882], [113.689607, 40.304432], [113.689652, 40.305955], [113.689668, 40.30894], [113.689702, 40.310443], [113.69005, 40.311962], [113.690783, 40.313413], [113.691615, 40.31488], [113.69265, 40.316282], [113.69657, 40.320173], [113.697765, 40.321482], [113.698735, 40.322865], [113.699635, 40.324262], [113.70143, 40.326985], [113.702155, 40.328318], [113.702648, 40.32977], [113.7028661, 40.3311361], [113.702893, 40.3313045], [113.703333, 40.334335], [113.703763, 40.33585], [113.704537, 40.337275], [113.705617, 40.338587], [113.709068, 40.342437], [113.711383, 40.345012], [113.7167723, 40.3512619], [113.7187099, 40.3533878], [113.721495, 40.356377], [113.723672, 40.358867], [113.724783, 40.360112], [113.726018, 40.361265], [113.7263446, 40.36146], [113.7269622, 40.3618289], [113.72902, 40.363058], [113.7322081, 40.3648109], [113.733782, 40.365765], [113.738553, 40.368467], [113.74177, 40.370272], [113.743428, 40.37114], [113.745217, 40.371883], [113.750752, 40.37382], [113.752597, 40.374458], [113.7547817, 40.3752132], [113.7553772, 40.3754138], [113.759908, 40.377035], [113.761833, 40.377597], [113.763828, 40.378045], [113.76788, 40.379025], [113.777883, 40.38141], [113.781942, 40.382378], [113.786005, 40.38334], [113.788043, 40.383758], [113.792072, 40.384545], [113.79612, 40.385362], [113.80021, 40.38616], [113.806323, 40.387318], [113.81032, 40.388108], [113.8143685, 40.3888144], [113.820926, 40.3901047], [113.8220952, 40.3903149], [113.830263, 40.391957], [113.8334891, 40.3925658], [113.8362796, 40.3930806], [113.841492, 40.394152], [113.845085, 40.394825], [113.84684, 40.395195], [113.848563, 40.395605], [113.851935, 40.39651], [113.8594152, 40.3984027], [113.86358, 40.399605], [113.873843, 40.402335], [113.87561, 40.402752], [113.886517, 40.404703], [113.88831, 40.405108], [113.8900655, 40.4057161], [113.8918197, 40.4065318], [113.8921944, 40.4066969], [113.921953, 40.420405], [113.923655, 40.421088], [113.92539, 40.421717], [113.927162, 40.422282], [113.9622413, 40.432461], [113.9640132, 40.4328637], [113.96939, 40.434158], [113.972903, 40.434877], [113.976395, 40.435712], [113.978128, 40.435972], [113.979862, 40.436363], [113.98163, 40.436647], [113.996467, 40.436787], [113.99835, 40.436752], [114.002092, 40.436847], [114.003947, 40.437013], [114.007588, 40.437528], [114.00943, 40.437743], [114.013157, 40.438348], [114.026158, 40.44018], [114.027955, 40.440468], [114.029718, 40.44085], [114.0345651, 40.4419599], [114.0425162, 40.4438345], [114.0452006, 40.4451061], [114.0493091, 40.4472403], [114.052848, 40.448997], [114.054528, 40.449593], [114.059545, 40.451203], [114.062827, 40.452305], [114.064402, 40.45291], [114.065827, 40.4537], [114.076377, 40.461057], [114.077597, 40.462033], [114.079995, 40.464112], [114.089058, 40.47162], [114.09049, 40.47293], [114.096332, 40.479315], [114.097413, 40.480618], [114.1114003, 40.5003316], [114.1124737, 40.5016189], [114.1159964, 40.5056568], [114.1161523, 40.5058355], [114.116643, 40.506398], [114.11757, 40.507645], [114.1211089, 40.5128812], [114.1213741, 40.5132549], [114.121745, 40.513973], [114.1228, 40.515212], [114.127457, 40.520333], [114.128932, 40.521495], [114.13071, 40.522493], [114.132598, 40.5231], [114.134605, 40.523405], [114.136633, 40.52361], [114.138633, 40.524092], [114.14058, 40.52471], [114.1443251, 40.5257431], [114.1451997, 40.525946], [114.1492728, 40.5266466], [114.1494829, 40.5266835], [114.163232, 40.529065], [114.165098, 40.529412], [114.17077, 40.530673], [114.172735, 40.531035], [114.174772, 40.531193], [114.17683, 40.53114], [114.178842, 40.530918], [114.185982, 40.529298], [114.1932085, 40.5277345], [114.195575, 40.527223], [114.19686, 40.527007], [114.198177, 40.526852], [114.199545, 40.526788], [114.20095, 40.526762], [114.208238, 40.526368], [114.2089563, 40.5263998], [114.2097673, 40.5264942], [114.2117757, 40.526843], [114.2120358, 40.5268882], [114.21272, 40.527007], [114.215677, 40.527537], [114.217153, 40.52784], [114.220045, 40.528347], [114.225917, 40.529308], [114.227402, 40.529573], [114.228903, 40.529638], [114.230388, 40.529542], [114.233257, 40.52909], [114.242207, 40.527747], [114.24362, 40.52762], [114.246337, 40.527467], [114.249133, 40.527287], [114.250578, 40.527168], [114.252053, 40.526992], [114.253513, 40.526667], [114.254955, 40.526245], [114.256348, 40.525783], [114.259048, 40.52496], [114.264152, 40.523373], [114.265505, 40.52301], [114.271083, 40.521292], [114.272533, 40.52088], [114.27401, 40.5206], [114.275503, 40.52054], [114.276937, 40.520715], [114.278255, 40.521097], [114.279502, 40.521518], [114.280793, 40.521842], [114.282165, 40.522045], [114.283597, 40.522112], [114.285047, 40.522203], [114.288025, 40.52243], [114.289542, 40.522585], [114.291045, 40.522763], [114.292458, 40.523112], [114.295102, 40.523958], [114.29641, 40.52432], [114.297828, 40.524433], [114.299277, 40.524333], [114.300697, 40.524092], [114.302137, 40.52378], [114.303652, 40.523732], [114.30672, 40.523817], [114.308222, 40.523823], [114.309675, 40.523647], [114.311037, 40.523303], [114.312267, 40.522922], [114.313622, 40.522738], [114.314995, 40.5224961], [114.3164035, 40.5222094], [114.3178303, 40.5219395], [114.31932, 40.5217548], [114.3208846, 40.5215701], [114.3224002, 40.5215082], [114.3239029, 40.5216825], [114.3252935, 40.5220807], [114.326478, 40.52266], [114.327498, 40.523383], [114.328398, 40.524138], [114.329212, 40.524973], [114.329803, 40.525935], [114.330143, 40.527052], [114.330465, 40.529373], [114.330558, 40.530522], [114.3306642, 40.5313914], [114.3306916, 40.5316158], [114.330838, 40.532815], [114.3310711, 40.5337238], [114.3315454, 40.5349081], [114.332077, 40.535797], [114.332825, 40.536602], [114.333718, 40.537307], [114.334612, 40.537967], [114.335437, 40.538702], [114.336078, 40.53957], [114.33659, 40.540525], [114.337075, 40.541533], [114.337567, 40.542502], [114.338067, 40.54343], [114.338652, 40.544358], [114.339412, 40.5452], [114.340268, 40.546017], [114.341182, 40.546803], [114.342172, 40.54753], [114.3432782, 40.5482589], [114.344447, 40.548942], [114.345545, 40.549628], [114.346457, 40.550488], [114.347118, 40.55146], [114.347587, 40.552622], [114.3488705, 40.555908], [114.3492639, 40.5570988], [114.34937, 40.558098], [114.349533, 40.559218], [114.349738, 40.560332], [114.350178, 40.561408], [114.35089, 40.56239], [114.3526, 40.56418], [114.353368, 40.56515], [114.3538171, 40.5658341], [114.3542261, 40.5666088], [114.354596, 40.5674774], [114.3548063, 40.5683698], [114.3549784, 40.5694675], [114.3550114, 40.5705702], [114.3550201, 40.5709843], [114.3551309, 40.576951], [114.3551441, 40.5780232], [114.35526, 40.579095], [114.355592, 40.580138], [114.3558219, 40.5807454], [114.35598, 40.581163], [114.35635, 40.5821786], [114.3565096, 40.5826067], [114.3566514, 40.5829151], [114.3569701, 40.5834412], [114.3572513, 40.5838307], [114.3576451, 40.5842668], [114.3579702, 40.5845878], [114.3582852, 40.5848362], [114.3587221, 40.5851384], [114.3596988, 40.5857191], [114.3610974, 40.5865122], [114.3622178, 40.5871211], [114.3635776, 40.5877476], [114.3661916, 40.5889355], [114.3677372, 40.589655], [114.3698148, 40.5905755], [114.3710879, 40.5911467], [114.3729703, 40.5919918], [114.3753293, 40.5930608], [114.3769244, 40.5938012], [114.3777624, 40.5941587], [114.3784275, 40.5944199], [114.3790641, 40.594645], [114.3799462, 40.5949192], [114.381441, 40.5953339], [114.3837066, 40.5959317], [114.3856468, 40.596475], [114.388151, 40.5971173], [114.3916318, 40.5980557], [114.3923537, 40.598255], [114.3928731, 40.5984245], [114.3934141, 40.5986311], [114.3939317, 40.5988714], [114.3948581, 40.5993455], [114.3967168, 40.600383], [114.3986023, 40.6014194], [114.4008804, 40.6026818], [114.4019677, 40.6032859], [114.4027174, 40.603704], [114.4039735, 40.6043683], [114.4059908, 40.6052546], [114.4085101, 40.6063435], [114.4102851, 40.6071057], [114.410752, 40.6073489], [114.4119387, 40.6080692], [114.4124995, 40.6084319], [114.4125407, 40.6083979], [114.4127536, 40.6085375], [114.4129428, 40.6086614], [114.4150081, 40.6099775], [114.4153693, 40.6102015], [114.415727, 40.6104011], [114.4160846, 40.6105911], [114.4163868, 40.6107296], [114.4168106, 40.610906], [114.4176921, 40.6112685], [114.4189581, 40.6118019], [114.420403, 40.6124182], [114.4213417, 40.6128092], [114.4216332, 40.6129395], [114.4217941, 40.6130141], [114.4220033, 40.6131187], [114.422293, 40.6132924], [114.4230208, 40.6137566], [114.4247124, 40.6148711], [114.425399, 40.6153434], [114.4256601, 40.6155253], [114.4258353, 40.6156733], [114.4259873, 40.6158212], [114.4261143, 40.6159502], [114.4262323, 40.6161022], [114.4263736, 40.6162841], [114.4264844, 40.61647], [114.4265738, 40.6166641], [114.4266346, 40.6168419], [114.4266722, 40.61707], [114.4266954, 40.6173143], [114.4267008, 40.6175437], [114.4266793, 40.6177541], [114.4266382, 40.6179875], [114.426581, 40.6182061], [114.426488, 40.6184327], [114.42637, 40.618639], [114.4261661, 40.6189186], [114.425877, 40.6192805], [114.4251172, 40.6201492], [114.4247609, 40.6205342], [114.424315, 40.6209551], [114.4230715, 40.621992], [114.4225808, 40.6223878], [114.4221985, 40.622694], [114.4218682, 40.6229286], [114.4214978, 40.6231686], [114.4211911, 40.6233405], [114.4208419, 40.6235089], [114.4203676, 40.6237166], [114.4197471, 40.6239798], [114.4190793, 40.6242521], [114.4185768, 40.624467], [114.4182229, 40.6246496], [114.4178312, 40.624877], [114.4175433, 40.6250794], [114.4172366, 40.6253498], [114.4169582, 40.6256435], [114.4167293, 40.6259139], [114.4163848, 40.626367], [114.4159063, 40.6270798], [114.4156414, 40.6274886], [114.4154196, 40.6279281], [114.4152445, 40.628357], [114.4151441, 40.6287859], [114.4150577, 40.6292838], [114.4149713, 40.6297676], [114.4148755, 40.6302177], [114.4147167, 40.6306678], [114.4145346, 40.6310754], [114.4142754, 40.6315131], [114.4138972, 40.6320501], [114.4136189, 40.6325557], [114.4133909, 40.6330257], [114.4132183, 40.6334839], [114.4122013, 40.6362537], [114.4119781, 40.6368374], [114.4117934, 40.6373835], [114.4116076, 40.6379233], [114.4114289, 40.6384725], [114.4112784, 40.6389949], [114.4111687, 40.6395522], [114.4110964, 40.6400683], [114.411015, 40.6405619], [114.4109886, 40.6408843], [114.4109724, 40.6412005], [114.4108002, 40.6441243], [114.4107758, 40.6444451], [114.4107657, 40.6447088], [114.4107413, 40.6450204], [114.4107087, 40.6452995], [114.4106864, 40.645844], [114.4107067, 40.6463684], [114.4107718, 40.6469236], [114.4108934, 40.6474769], [114.410968, 40.647746], [114.4110401, 40.6480248], [114.41116, 40.6485492], [114.411286, 40.6490396], [114.4114161, 40.6495147], [114.4115645, 40.6500976], [114.4117149, 40.6506682], [114.4118985, 40.651243], [114.4120473, 40.6518069], [114.4121639, 40.6523411], [114.4122276, 40.6528367], [114.4122551, 40.6533645], [114.4122445, 40.6539228], [114.412183, 40.6544602], [114.412094, 40.6549863], [114.4119794, 40.6555173], [114.4115154, 40.6573719], [114.4113818, 40.6578594], [114.4112821, 40.6582584], [114.411106, 40.6589181], [114.4108725, 40.6598204], [114.410754, 40.6602728], [114.4106628, 40.6606621], [114.4105271, 40.6611608], [114.4103638, 40.6618156], [114.4103535, 40.6618598], [114.4102704, 40.6622178], [114.410175, 40.6625894], [114.4100711, 40.6629981], [114.4100246, 40.6631602], [114.4099014, 40.6636609], [114.4097381, 40.6642738], [114.4096808, 40.6645103], [114.4096193, 40.6647307], [114.4094666, 40.6653292], [114.4092694, 40.6661206], [114.4091443, 40.6665936], [114.4090637, 40.6669588], [114.4090043, 40.6672757], [114.4089555, 40.6676087], [114.4089322, 40.6679722], [114.4089152, 40.6683004], [114.4088868, 40.670393], [114.408858, 40.6726822], [114.4088389, 40.6733096], [114.4088407, 40.6739102], [114.408841, 40.6740082], [114.4088411, 40.674684], [114.4088437, 40.6749756], [114.4088679, 40.6752428], [114.4089091, 40.6755519], [114.4089657, 40.6757666], [114.4090153, 40.675925], [114.4090365, 40.6760028], [114.4091462, 40.6762686], [114.4092666, 40.6765558], [114.4094789, 40.6769128], [114.4096842, 40.6772134], [114.4097726, 40.6773366], [114.4098788, 40.6774845], [114.410123, 40.6777663], [114.4105194, 40.6781904], [114.4122523, 40.6801316], [114.4143739, 40.6825316], [114.4144557, 40.6826245], [114.4152865, 40.6835679], [114.4165317, 40.6849677], [114.4167288, 40.6851866], [114.4169667, 40.6854363], [114.4172248, 40.6856937], [114.4175907, 40.6859866], [114.4178895, 40.6862008], [114.4182696, 40.6864336], [114.418605, 40.6866139], [114.4190197, 40.686802], [114.4193307, 40.6869314], [114.4196987, 40.6870547], [114.4201926, 40.6871935], [114.4205992, 40.687286], [114.420961, 40.6873507], [114.4213472, 40.6873939], [114.4218127, 40.6874231], [114.4222152, 40.6874293], [114.4225872, 40.6874216], [114.4230811, 40.6873954], [114.4236943, 40.6873445], [114.4353715, 40.6864058], [114.439563, 40.6860883], [114.4437423, 40.6857461], [114.4451246, 40.6856382], [114.4457222, 40.6856074], [114.4464337, 40.6855889], [114.4471492, 40.6856043], [114.4478525, 40.6856567], [114.4485477, 40.6857523], [114.4492307, 40.6858725], [114.4499625, 40.6860452], [114.4506292, 40.6862486], [114.4511577, 40.6864182], [114.4518651, 40.6867203], [114.4525603, 40.6870501], [114.4532189, 40.6874386], [114.4537352, 40.68779], [114.4541377, 40.6880952], [114.4545117, 40.6883942], [114.4548817, 40.6887395], [114.4552029, 40.6890724], [114.4554996, 40.6893992], [114.4557639, 40.6897321], [114.4560647, 40.6901668], [114.456329, 40.6906045], [114.4569063, 40.6915632], [114.4573576, 40.6922876], [114.4579755, 40.6932431], [114.4605896, 40.6974444], [114.4608254, 40.6978266], [114.4613336, 40.6986681], [114.4620207, 40.6996667], [114.4623744, 40.7001198], [114.4627443, 40.7005112], [114.4631956, 40.7009335], [114.4636347, 40.701291], [114.4641876, 40.7016948], [114.4647079, 40.7020431], [114.4651389, 40.7022773], [114.4657121, 40.702567], [114.4662894, 40.7028012], [114.4667447, 40.70298], [114.4672001, 40.7031372], [114.4676025, 40.7032512], [114.4680172, 40.703356], [114.4684075, 40.7034423], [114.4688872, 40.7035317], [114.4696881, 40.7036395], [114.4716583, 40.7038633], [114.4807274, 40.7048476], [114.4818015, 40.7049573], [114.4832865, 40.7050635], [114.4839217, 40.7051272], [114.4843709, 40.7051796], [114.4849909, 40.7052519], [114.4863501, 40.7054105], [114.4868311, 40.7054777], [114.487653, 40.7056087], [114.4882834, 40.7056795], [114.4910163, 40.7059616], [114.4961232, 40.7065147], [114.5015091, 40.7071003], [114.5037353, 40.7073565], [114.5051945, 40.7075598], [114.5062673, 40.7077265], [114.5071114, 40.7079011], [114.5078676, 40.7080521], [114.508253, 40.7081375], [114.5084309, 40.7081769], [114.5084149, 40.7082348], [114.5087376, 40.7083079], [114.5096117, 40.7085359], [114.5106362, 40.7088071], [114.5118155, 40.7091606], [114.513209, 40.7095864], [114.5156481, 40.7103179], [114.5197696, 40.7115523], [114.5240759, 40.7128439], [114.5282261, 40.7140934], [114.5309251, 40.714892], [114.5331743, 40.7155349], [114.5347819, 40.7160143], [114.5350989, 40.7161095], [114.5356039, 40.7162597], [114.5361845, 40.716435], [114.5392446, 40.7173591], [114.5404918, 40.7177331], [114.5418061, 40.7181143], [114.543681, 40.7186632], [114.5495495, 40.7204524], [114.5500455, 40.7205904], [114.5502636, 40.7206533], [114.5520441, 40.7212114], [114.5530637, 40.721542], [114.556553, 40.7225953], [114.5572432, 40.7228019], [114.5577185, 40.7229344], [114.558235, 40.7230669], [114.5589711, 40.7232223], [114.5596284, 40.7233123], [114.5602637, 40.7233681], [114.5609102, 40.7233905], [114.5616639, 40.7234038], [114.5623947, 40.7234202], [114.5669193, 40.7235117], [114.5713027, 40.7236059], [114.5736024, 40.7236599], [114.5743852, 40.7236818], [114.5750897, 40.7237005], [114.5757494, 40.7237386], [114.5764334, 40.7238032], [114.5771914, 40.7238985], [114.5787146, 40.7240941], [114.5832742, 40.7246724], [114.5862611, 40.7250353], [114.5884658, 40.7253155], [114.5890528, 40.7253926], [114.5896421, 40.7254811], [114.5903323, 40.7256123], [114.591005, 40.7257638], [114.5916751, 40.7259257], [114.5946552, 40.7266602], [114.5956485, 40.7269049], [114.5964663, 40.7271009], [114.5974848, 40.7273421], [114.599711, 40.7279092], [114.6011414, 40.7282466], [114.6041933, 40.729038], [114.6057045, 40.7294188], [114.6072118, 40.7297853], [114.6086669, 40.7301269], [114.6119052, 40.7309234], [114.6121459, 40.7309824], [114.6147051, 40.7316112], [114.6154435, 40.7317955], [114.6161576, 40.7319734], [114.6168303, 40.7321644], [114.6174929, 40.7323755], [114.6181311, 40.7326024], [114.6187091, 40.7328316], [114.6193194, 40.7330986], [114.6199228, 40.7333879], [114.6205115, 40.7336908], [114.6210849, 40.7340066], [114.6220008, 40.7345227], [114.6249058, 40.7361819], [114.6271387, 40.7374223], [114.6314045, 40.7398091], [114.6328557, 40.740642], [114.6329131, 40.7406031], [114.6331078, 40.7407155], [114.6333744, 40.7408694], [114.6335585, 40.7409756], [114.6344382, 40.7414779], [114.6376488, 40.7432439], [114.6380163, 40.7434543], [114.6382128, 40.7435687], [114.638591, 40.7437933], [114.6390114, 40.7440517], [114.6392648, 40.7442274], [114.6403926, 40.7451053], [114.6418186, 40.7461971], [114.6424893, 40.7467153], [114.6429209, 40.7470443], [114.6436012, 40.7475547], [114.6441021, 40.7479386], [114.6451924, 40.7487458], [114.6466433, 40.7498745], [114.6481318, 40.7509891], [114.6487025, 40.7514352], [114.6490671, 40.7517003], [114.6495257, 40.7520085], [114.6499163, 40.7522357], [114.6504453, 40.7525253], [114.6510043, 40.7527862], [114.6515798, 40.7530176], [114.6522059, 40.7532416], [114.6529099, 40.7534859], [114.6540272, 40.7538609], [114.6572828, 40.7549837], [114.6624516, 40.7567879], [114.6634583, 40.7571378], [114.6642166, 40.7573993], [114.664947, 40.7576565], [114.6662015, 40.7580935], [114.6668278, 40.7583044], [114.6674582, 40.7585236], [114.6680936, 40.7587399], [114.6686639, 40.7589442], [114.6692808, 40.7591555], [114.6698756, 40.7593532], [114.6704663, 40.7595567], [114.6710756, 40.7597693], [114.6716626, 40.7599681], [114.6722178, 40.7601408], [114.672927, 40.7603374], [114.6734275, 40.7604618], [114.6739767, 40.7605837], [114.6746144, 40.7607361], [114.6752065, 40.7608609], [114.6757811, 40.7609521], [114.6763622, 40.7610442], [114.6769318, 40.7611251], [114.6776305, 40.7611993], [114.6783475, 40.7612673], [114.6789868, 40.7613181], [114.6796619, 40.7613465], [114.680295, 40.7613553], [114.6809452, 40.7613585], [114.6815927, 40.7613431], [114.6822329, 40.7613205], [114.6828818, 40.761277], [114.6833845, 40.7612343], [114.6840339, 40.7611669], [114.6847293, 40.7610757], [114.685399, 40.7609849], [114.6861028, 40.7608696], [114.6867357, 40.7607412], [114.6873443, 40.7606037], [114.6883705, 40.7603625], [114.6885608, 40.7603173], [114.6886245, 40.7603477], [114.6906935, 40.7598035], [114.6943319, 40.7588615], [114.6949925, 40.7586882], [114.695667, 40.7585226], [114.6963523, 40.7583643], [114.6970245, 40.7582088], [114.6976977, 40.7580656], [114.6984004, 40.7579325], [114.6990359, 40.7578186], [114.6996879, 40.7577141], [114.7002484, 40.757642], [114.7009083, 40.7575617], [114.7014751, 40.7574993], [114.7020656, 40.7574441], [114.7031879, 40.7573517], [114.7036896, 40.7573171], [114.704277, 40.7572843], [114.7048796, 40.7572698], [114.7053393, 40.7572607], [114.7060089, 40.7572587], [114.7065971, 40.757266], [114.7071885, 40.7572711], [114.7076553, 40.7572867], [114.7080723, 40.7573036], [114.7085355, 40.7573255], [114.7089775, 40.7573543], [114.7095006, 40.757394], [114.710962, 40.7574937], [114.7115739, 40.7575292], [114.7124287, 40.7575876], [114.7126424, 40.7576038], [114.7132669, 40.7576402], [114.7144433, 40.7577208], [114.7146659, 40.7577315], [114.7156121, 40.7577961], [114.7159166, 40.7578133], [114.7171458, 40.7578959], [114.7187259, 40.7579949], [114.7208308, 40.7581301], [114.722021, 40.7582067], [114.7249664, 40.7583941], [114.7263837, 40.7584857], [114.727043, 40.7585209], [114.7278321, 40.7585663], [114.7283735, 40.7585964], [114.7287763, 40.7586049], [114.7291727, 40.758602], [114.7300154, 40.7585921], [114.7303293, 40.7585795], [114.7306238, 40.7585641], [114.7311982, 40.7585368], [114.7319265, 40.7584808], [114.7325994, 40.7584235], [114.7331771, 40.7583771], [114.7339564, 40.7583096], [114.7366486, 40.7580817], [114.7376349, 40.7580012], [114.7386869, 40.7579142], [114.7389909, 40.7578868], [114.7446143, 40.7574209], [114.7454001, 40.7573616], [114.74646, 40.7572771], [114.7476217, 40.757182], [114.7487933, 40.757082], [114.7504487, 40.7569368], [114.7510026, 40.7568835], [114.7528351, 40.7567338], [114.7544537, 40.7566026], [114.7562142, 40.7564635], [114.7581612, 40.7563057], [114.7601239, 40.7561364], [114.7623287, 40.7559536], [114.7649697, 40.7557384], [114.7661211, 40.7556399], [114.769263, 40.7553756], [114.7704927, 40.7552768], [114.7726131, 40.755105], [114.7728712, 40.7550823], [114.7738816, 40.7550025], [114.7761747, 40.754804], [114.7784876, 40.754618], [114.7822, 40.754295], [114.7855158, 40.7540136], [114.7869619, 40.7538872], [114.787651, 40.7538281], [114.7883708, 40.7537942], [114.7889702, 40.7537856], [114.7896127, 40.7537836], [114.7903198, 40.7537976], [114.7910127, 40.7538318], [114.7917183, 40.7538956], [114.7924037, 40.7539787], [114.7931021, 40.754077], [114.793784, 40.7541907], [114.7944926, 40.7543295], [114.7952306, 40.7544936], [114.8012324, 40.7558331], [114.8012352, 40.7557681], [114.8018021, 40.7559035], [114.8056469, 40.7567919], [114.8060249, 40.7568793], [114.807556, 40.757234], [114.8104536, 40.757904], [114.8140732, 40.7587362], [114.8155696, 40.7590627], [114.8179634, 40.7595863], [114.8181073, 40.7596213], [114.8191876, 40.7598724], [114.8221064, 40.7605073], [114.8228759, 40.7606502], [114.8237372, 40.760829], [114.8248381, 40.7610753], [114.8255817, 40.7612418], [114.8261845, 40.7613725], [114.8267637, 40.7614812], [114.8273592, 40.76156], [114.8279416, 40.7615835], [114.8285277, 40.761573], [114.8291205, 40.7615312], [114.8296889, 40.7614494], [114.8302646, 40.7613414], [114.830824, 40.7611982], [114.8313597, 40.7610184], [114.8319938, 40.7607655], [114.8326585, 40.7604909], [114.8333354, 40.7602116], [114.8352817, 40.7594004], [114.8358074, 40.7591836], [114.8363482, 40.7589605], [114.8367827, 40.758783], [114.8372528, 40.7585882], [114.8377927, 40.7583478], [114.8382106, 40.7581759], [114.838489, 40.7580595], [114.8388686, 40.7579167], [114.8392273, 40.7577913], [114.8396061, 40.7576682], [114.8399689, 40.757563], [114.8403088, 40.7574771], [114.8407201, 40.757373], [114.8410989, 40.7572911], [114.8414615, 40.757221], [114.84246, 40.7570421], [114.8431766, 40.7569292], [114.8441498, 40.7567758], [114.8448713, 40.75665], [114.8456138, 40.7565128], [114.8463613, 40.756359], [114.8471228, 40.7561964], [114.8492676, 40.7557286], [114.8556666, 40.7543342], [114.856135, 40.7542287], [114.8589881, 40.7536204], [114.861665, 40.7530375], [114.8623694, 40.7528815], [114.8623881, 40.7529234], [114.8629676, 40.7528059], [114.8631559, 40.7527659], [114.8654197, 40.752269], [114.8659975, 40.7521445], [114.8664841, 40.7520259], [114.8671123, 40.7518597], [114.8676451, 40.7517112], [114.868942, 40.7513428], [114.8707953, 40.7508097], [114.8712482, 40.7506749], [114.8716687, 40.7505579], [114.8721158, 40.7504369], [114.8725803, 40.7503251], [114.8779265, 40.7491699], [114.8783617, 40.7491051], [114.8790817, 40.7490084], [114.8813078, 40.7487028], [114.8818044, 40.748634], [114.8824343, 40.7485323], [114.883246, 40.7483774], [114.8837191, 40.7482747], [114.8851231, 40.7479781], [114.8858244, 40.74782], [114.8858055, 40.7477739], [114.8860045, 40.7477291], [114.8878414, 40.7473187], [114.8879762, 40.747288], [114.8913686, 40.7465157], [114.8919538, 40.7463862], [114.8925358, 40.7462541], [114.8929854, 40.7461442], [114.893392, 40.7460378], [114.8939345, 40.7458877], [114.8956039, 40.7454186], [114.8960762, 40.7452773], [114.8965554, 40.7451245], [114.8970489, 40.7449531], [114.8975575, 40.7447392], [114.8977364, 40.744656], [114.8980051, 40.7445264], [114.8984836, 40.7442659], [114.8986523, 40.7441653], [114.8987623, 40.7440971], [114.8989487, 40.7439778], [114.8993641, 40.7436772], [114.8997818, 40.7433526], [114.900174, 40.7430077], [114.9005375, 40.742642], [114.9008526, 40.7422762], [114.9011515, 40.7418931], [114.9014099, 40.7414935], [114.9016493, 40.7410808], [114.9018265, 40.7406518], [114.9019872, 40.7402126], [114.9020982, 40.7397779], [114.9021943, 40.7393182], [114.9022526, 40.7388862], [114.9022889, 40.7384236], [114.9023302, 40.7379895], [114.9023725, 40.7374862], [114.9024248, 40.7370174], [114.9025122, 40.7365236], [114.902551, 40.7363595], [114.9026373, 40.7359985], [114.9027412, 40.7355389], [114.9028273, 40.7350616], [114.9029246, 40.7346369], [114.9030118, 40.734193], [114.9030908, 40.733732], [114.9034139, 40.7317371], [114.9035147, 40.731087], [114.9036215, 40.7303774], [114.9037372, 40.7296585], [114.9037999, 40.7292229], [114.903984, 40.7280807], [114.904166, 40.726945], [114.9044253, 40.7252166], [114.904517, 40.7246678], [114.904696, 40.7235362], [114.9049351, 40.7219871], [114.904987, 40.7215847], [114.9050447, 40.7215667], [114.9060631, 40.7149181], [114.9061463, 40.714325], [114.9062436, 40.7137396], [114.9063455, 40.7131973], [114.9064488, 40.7127227], [114.9065235, 40.7124209], [114.9065912, 40.7121831], [114.9070427, 40.7107617], [114.9076627, 40.7088058], [114.9090365, 40.7043917], [114.9103888, 40.7000499], [114.91064, 40.6992939], [114.9108292, 40.6987234], [114.9111867, 40.6975667], [114.9122599, 40.6941674], [114.9132301, 40.6910451], [114.9145443, 40.6868731], [114.9148122, 40.6860151], [114.9156642, 40.6832754], [114.9160996, 40.6819396], [114.9164024, 40.6809118], [114.9164597, 40.680733], [114.9169342, 40.6792952], [114.9171305, 40.6786357], [114.9172888, 40.6781219], [114.9173143, 40.6780399], [114.9173409, 40.6779556], [114.917478, 40.6775458], [114.9176645, 40.6769703], [114.9178175, 40.6764971], [114.9179419, 40.6761082], [114.918117, 40.6755433], [114.9186048, 40.6739292], [114.9196511, 40.670661], [114.9197906, 40.6702831], [114.9199366, 40.6699416], [114.9200787, 40.6696687], [114.9206097, 40.6686732], [114.9208919, 40.6681647], [114.9209189, 40.6681145], [114.9209458, 40.6680643], [114.9212842, 40.6674197], [114.9214192, 40.667181], [114.9215698, 40.6669453], [114.9218017, 40.6665994], [114.922041, 40.6663263], [114.9222989, 40.6660677], [114.9225857, 40.665821], [114.9227756, 40.665667], [114.9228964, 40.6655768], [114.9233481, 40.6652904], [114.9238445, 40.6650384], [114.9244277, 40.6647926], [114.926434, 40.6639414], [114.9291415, 40.6627983], [114.9318146, 40.6616558], [114.93453, 40.6605231], [114.9366084, 40.6596423], [114.9371917, 40.6593976], [114.9378453, 40.6591002], [114.9384934, 40.6587767], [114.9390764, 40.6584734], [114.9396623, 40.6581431], [114.9402905, 40.6577804], [114.9451935, 40.6549558], [114.9499481, 40.6522355], [114.9530554, 40.6504143], [114.9583455, 40.6473424], [114.9601833, 40.6462878], [114.9622461, 40.6451119], [114.9637538, 40.6442633], [114.9650354, 40.6435158], [114.9654852, 40.6432455], [114.9664198, 40.6426882], [114.9670377, 40.6423022], [114.9691198, 40.6409488], [114.9711936, 40.6396213], [114.971502, 40.639422], [114.9714878, 40.6393735], [114.973788, 40.6378801], [114.976715, 40.6359778], [114.9826558, 40.6321181], [114.9853165, 40.6304118], [114.9876506, 40.6289097], [114.991671, 40.6262467], [114.9940106, 40.624716], [114.9967155, 40.6229739], [115.0033515, 40.6186795], [115.0043372, 40.6180326], [115.0066326, 40.6165454], [115.0091097, 40.6149259], [115.0128395, 40.6125144], [115.0174439, 40.609528], [115.018621, 40.6087775], [115.0189702, 40.6085323], [115.0198682, 40.6078756], [115.0200794, 40.6077225], [115.0207952, 40.6072359], [115.0218237, 40.6065669], [115.0223815, 40.6062189], [115.0234678, 40.6055754], [115.0240522, 40.6052332], [115.0246123, 40.6048934], [115.0251676, 40.604537], [115.0263442, 40.603785], [115.0292024, 40.601916], [115.0298327, 40.6015097], [115.0304174, 40.6011299], [115.030999, 40.6007627], [115.0315451, 40.6004456], [115.0321261, 40.6001406], [115.0327509, 40.5998373], [115.0333602, 40.5995644], [115.0339657, 40.5993298], [115.0346054, 40.599101], [115.0353084, 40.5988872], [115.0358708, 40.5987377], [115.0365034, 40.5985924], [115.036898, 40.5985093], [115.0373349, 40.5984233], [115.0378793, 40.5983277], [115.0392014, 40.5980972], [115.0392529, 40.5980881], [115.0393165, 40.5980764], [115.0400819, 40.5979475], [115.0435099, 40.5973529], [115.0440547, 40.5972356], [115.0446971, 40.5970868], [115.0454531, 40.5969291], [115.0458938, 40.596848], [115.0518243, 40.5958136], [115.0519307, 40.5957949], [115.0530975, 40.5955871], [115.055891, 40.5950932], [115.0561262, 40.5950503], [115.0666997, 40.5932258], [115.0678074, 40.5930208], [115.0686135, 40.5928439], [115.068987, 40.5927486], [115.0697474, 40.5925616], [115.0703127, 40.5924268], [115.0704788, 40.5923864], [115.0714649, 40.5921459], [115.0720815, 40.5919942], [115.0724603, 40.5919014], [115.0727504, 40.5918202], [115.0732277, 40.5916744], [115.0738657, 40.5914473], [115.0746177, 40.5911437], [115.0751769, 40.5908918], [115.0758106, 40.5905677], [115.0763945, 40.5902367], [115.0768974, 40.5899283], [115.0772525, 40.5896843], [115.077923, 40.5891732], [115.0800614, 40.5874215], [115.0838165, 40.5843547], [115.0862789, 40.5823073], [115.0889746, 40.5801313], [115.0935352, 40.5763577], [115.0938865, 40.5760735], [115.0939407, 40.5761054], [115.095927, 40.574471], [115.0975487, 40.5731507], [115.0987709, 40.5721464], [115.0991933, 40.5718011], [115.0997922, 40.5713055], [115.1007369, 40.5705552], [115.101264, 40.5701457], [115.1017947, 40.5697638], [115.1024039, 40.5693531], [115.1029852, 40.5689948], [115.1040805, 40.5683278], [115.106499, 40.5669004], [115.1077009, 40.5661898], [115.1134703, 40.5627652], [115.116482, 40.560978], [115.116561, 40.5609296], [115.1173304, 40.560458], [115.1182214, 40.5599293], [115.1197631, 40.5590237], [115.1206933, 40.5584747], [115.1258947, 40.5553747], [115.126902, 40.554778], [115.1281374, 40.5540532], [115.1287547, 40.5536873], [115.1299649, 40.5529699], [115.1308458, 40.5524316], [115.1316413, 40.5518755], [115.1322199, 40.5514014], [115.1326793, 40.5509972], [115.1329878, 40.5506996], [115.1334153, 40.5502472], [115.1340186, 40.5496156], [115.1350693, 40.5485255], [115.1357541, 40.5478172], [115.1368225, 40.5466738], [115.1385545, 40.5448598], [115.1404288, 40.5428852], [115.141805, 40.541473], [115.144883, 40.53824], [115.145907, 40.5371], [115.1466865, 40.5358614], [115.1470847, 40.5350165], [115.1473275, 40.5339873], [115.1475871, 40.5328589], [115.1480966, 40.530312], [115.148397, 40.528878], [115.149013, 40.525958], [115.1492929, 40.5249666], [115.1494906, 40.5245252], [115.1497784, 40.5240349], [115.1500225, 40.5236903], [115.1502764, 40.5233979], [115.1505429, 40.5231154], [115.1509237, 40.5227851], [115.1513529, 40.5224752], [115.1518259, 40.5221706], [115.1523077, 40.5219287], [115.152804, 40.5217106], [115.1534065, 40.5214916], [115.1539198, 40.5213497], [115.1547562, 40.5211582], [115.1559046, 40.520895], [115.1588512, 40.5202493], [115.1595964, 40.520089], [115.1632485, 40.519268], [115.1645118, 40.5189804], [115.1654586, 40.5187623], [115.1662869, 40.5185875], [115.1672054, 40.5183896], [115.1695497, 40.5178731], [115.170219, 40.5177168], [115.1709142, 40.5175388], [115.1715654, 40.5173541], [115.173664, 40.5167459], [115.1758093, 40.5161278], [115.1785768, 40.5153217], [115.1802041, 40.5148513], [115.181645, 40.5144354], [115.1831229, 40.5140079], [115.1839444, 40.5137625], [115.1849999, 40.5134586], [115.1862383, 40.5130818], [115.1868023, 40.5128989], [115.1870383, 40.5128158], [115.1871711, 40.5127633], [115.1873428, 40.512697], [115.1878377, 40.5124664], [115.188311, 40.5122096], [115.1887791, 40.5119109], [115.1891921, 40.5115907], [115.1894385, 40.5113759], [115.189628, 40.511191], [115.1899244, 40.5108994], [115.1902318, 40.5105738], [115.1915887, 40.5091212], [115.194693, 40.50578], [115.1981057, 40.5021721], [115.1994248, 40.5007453], [115.2002782, 40.4998311], [115.2006653, 40.4994328], [115.2010904, 40.4990535], [115.2015352, 40.498696], [115.2019782, 40.4983814], [115.2025321, 40.4980479], [115.2029405, 40.4978268], [115.203373, 40.4976227], [115.2038102, 40.4974396], [115.2037857, 40.497412], [115.2057468, 40.4966757], [115.2078768, 40.4958616], [115.2098693, 40.4951088], [115.2105787, 40.4948344], [115.2119501, 40.4943106], [115.2126268, 40.4940405], [115.2132234, 40.4937648], [115.2138282, 40.4934474], [115.2143721, 40.4931186], [115.214811, 40.4928146], [115.2152672, 40.4924551], [115.2156951, 40.4920848], [115.2161881, 40.4916339], [115.2166553, 40.4911608], [115.2175243, 40.4903571], [115.2189432, 40.4890709], [115.2193665, 40.4886851], [115.2197311, 40.4884111], [115.2201636, 40.4881193], [115.2206467, 40.4878453], [115.2211668, 40.4876022], [115.2216921, 40.4874013], [115.2222815, 40.4872232], [115.2228257, 40.4870922], [115.2234243, 40.4869913], [115.2240072, 40.486929], [115.2246063, 40.4869051], [115.2252035, 40.4869188], [115.2258003, 40.4869719], [115.2263661, 40.4870497], [115.2276362, 40.4872881], [115.2288181, 40.4875276], [115.2294145, 40.487662], [115.2299671, 40.4878348], [115.2305354, 40.4880352], [115.2310963, 40.4882774], [115.2316438, 40.4885427], [115.2321634, 40.4888668], [115.2326225, 40.4891954], [115.2331133, 40.4895911], [115.2335031, 40.4899374], [115.2344433, 40.4908295], [115.234905, 40.4912709], [115.236682, 40.4930191], [115.2370827, 40.4933924], [115.2375443, 40.4937921], [115.2380271, 40.4941705], [115.2385823, 40.4945305], [115.2391816, 40.4948699], [115.2397746, 40.4951649], [115.2403459, 40.4954188], [115.2408518, 40.4956561], [115.2420518, 40.496198], [115.2426606, 40.4964795], [115.2432793, 40.4967286], [115.243865, 40.4969445], [115.2444631, 40.4971301], [115.2451258, 40.4972993], [115.2457213, 40.4974009], [115.2463252, 40.4974967], [115.2469845, 40.4975545], [115.2476966, 40.4975872], [115.2483469, 40.4975881], [115.2486252, 40.4975807], [115.2487505, 40.4975754], [115.2490954, 40.4975614], [115.2497019, 40.4975107], [115.2498832, 40.4974906], [115.2502088, 40.4974492], [115.2504271, 40.4974201], [115.2511136, 40.497324], [115.2513979, 40.4972762], [115.2516916, 40.4972181], [115.2519641, 40.4971495], [115.2522533, 40.4970697], [115.25279, 40.4969013], [115.255354, 40.4960492], [115.2580488, 40.4951493], [115.2624013, 40.4936901], [115.2626866, 40.4935988], [115.262976, 40.4934913], [115.2632352, 40.4933819], [115.2634492, 40.4932832], [115.2636986, 40.4931591], [115.2639152, 40.4930407], [115.2643747, 40.4927574], [115.2645807, 40.492609], [115.2647759, 40.4924593], [115.2649483, 40.4923206], [115.2651321, 40.4921614], [115.265381, 40.4919361], [115.2654615, 40.4918651], [115.2668417, 40.490642], [115.2669795, 40.4905267], [115.2671439, 40.4904014], [115.267303, 40.4902958], [115.2674358, 40.4902106], [115.2679617, 40.4898851], [115.2681013, 40.4897959], [115.2682891, 40.4896578], [115.268473, 40.4895092], [115.2687329, 40.4892729], [115.26897, 40.4890658], [115.2696851, 40.4884361], [115.2705657, 40.4876548], [115.2711943, 40.4870974], [115.271401, 40.4869083], [115.2716199, 40.48672], [115.2716772, 40.4866709], [115.2717274, 40.4866292], [115.2720303, 40.4863542], [115.2730036, 40.4855122], [115.2742871, 40.4843944], [115.2753812, 40.4834229], [115.2758769, 40.4829824], [115.2763672, 40.4825464], [115.2778809, 40.4812034], [115.2785316, 40.4806292], [115.2787148, 40.4804532], [115.2789017, 40.4802788], [115.2791076, 40.4801135], [115.2794158, 40.479832], [115.2796875, 40.4795467], [115.2799191, 40.4792609], [115.2801663, 40.4789139], [115.2803016, 40.4787161], [115.2804516, 40.4784952], [115.2806219, 40.4782565], [115.2809929, 40.4777203], [115.2810286, 40.4776672], [115.2810637, 40.477615], [115.2812639, 40.4773233], [115.2814448, 40.4770655], [115.2816475, 40.4767508], [115.2818226, 40.4764344], [115.2819803, 40.4760989], [115.2821215, 40.4756888], [115.2821763, 40.4755176], [115.2822242, 40.4753017], [115.2822755, 40.4750449], [115.2823049, 40.4748553], [115.2823417, 40.4743968], [115.28238, 40.4738956], [115.2824103, 40.4735629], [115.2824528, 40.4729784], [115.2825298, 40.472508], [115.2826587, 40.472067], [115.2828249, 40.471541], [115.282908, 40.4713117], [115.2834017, 40.4698765], [115.2837157, 40.4690296], [115.2839522, 40.468349], [115.2841875, 40.4676122], [115.2845008, 40.4665845], [115.2846756, 40.4657447], [115.28482, 40.4652699], [115.2849542, 40.464891], [115.2851796, 40.4643974], [115.2853709, 40.4640204], [115.28568, 40.4634384], [115.2858608, 40.4630907], [115.2860436, 40.4627246], [115.2863116, 40.4621714], [115.2864919, 40.4618414], [115.286658, 40.4615396], [115.2869251, 40.4611657], [115.2872397, 40.4607896], [115.2876098, 40.4604139], [115.2880212, 40.4600527], [115.288672, 40.4594734], [115.2911682, 40.4572895], [115.2941889, 40.4546199], [115.296013, 40.4529851], [115.296304, 40.4527258], [115.2980545, 40.4511792], [115.2998241, 40.449636], [115.3010415, 40.4485668], [115.3026696, 40.4471178], [115.3045949, 40.4454398], [115.3055859, 40.4446533], [115.3064105, 40.4441254], [115.3069732, 40.4438156], [115.3078793, 40.4433766], [115.3082629, 40.4431995], [115.3088558, 40.4429361], [115.3094553, 40.4426879], [115.3102717, 40.4423369], [115.3110682, 40.4420078], [115.3115955, 40.4417955], [115.3124979, 40.441413], [115.3156328, 40.4400349], [115.3159168, 40.43991], [115.3190702, 40.4385174], [115.3218198, 40.4372468], [115.3224687, 40.4369647], [115.3230873, 40.4367047], [115.3237011, 40.4364808], [115.3243507, 40.4362829], [115.3250374, 40.4361114], [115.3257224, 40.4359727], [115.3262096, 40.4359039], [115.3266242, 40.4358574], [115.327226, 40.4358116], [115.3276465, 40.4357968], [115.3278636, 40.4357892], [115.3285619, 40.4358041], [115.3291138, 40.43584], [115.3295832, 40.4358961], [115.3299719, 40.4359488], [115.3302526, 40.4359904], [115.3314368, 40.4361455], [115.3323312, 40.4362845], [115.336662, 40.4369041], [115.3437469, 40.4379178], [115.3440312, 40.4379585], [115.3446702, 40.4380524], [115.3464751, 40.4383051], [115.3474932, 40.4384549], [115.3499467, 40.4388157], [115.3507805, 40.4389384], [115.3577057, 40.4399572], [115.3613203, 40.4404367], [115.3718827, 40.4419468], [115.3756759, 40.4424985], [115.3828583, 40.4435221], [115.3863141, 40.4440267], [115.3866976, 40.4440827], [115.3890788, 40.4444177], [115.3898166, 40.4445101], [115.3907133, 40.4445812], [115.3932363, 40.4447306], [115.3949583, 40.4448357], [115.3955716, 40.4448694], [115.3961467, 40.4448976], [115.3967504, 40.4449182], [115.3972557, 40.444924], [115.3978195, 40.4449152], [115.3983337, 40.4449079], [115.405865, 40.4448067], [115.4088024, 40.4447527], [115.4099864, 40.4447314], [115.4105073, 40.4447059], [115.4110068, 40.4446718], [115.4115166, 40.4446236], [115.4120213, 40.4445518], [115.412559, 40.4444508], [115.4130451, 40.4443417], [115.4135477, 40.444208], [115.4140202, 40.444065], [115.414497, 40.4439018], [115.4149726, 40.4437155], [115.4154769, 40.4434996], [115.4159715, 40.4432615], [115.4164527, 40.4430046], [115.4176506, 40.4423698], [115.4182176, 40.4420622], [115.4191609, 40.4415483], [115.4209872, 40.4405196], [115.4230634, 40.439343], [115.4252527, 40.4381255], [115.426114, 40.4376539], [115.4269456, 40.4372133], [115.4281017, 40.4365824], [115.4287924, 40.4362072], [115.4296726, 40.4357074], [115.4335156, 40.4336358], [115.447473, 40.4259279], [115.4525778, 40.4231072], [115.4530502, 40.4228455], [115.4536591, 40.4224852], [115.4542905, 40.4221111], [115.4560151, 40.4210853], [115.4563313, 40.4208995], [115.4577024, 40.420075], [115.4588485, 40.4194064], [115.4620693, 40.4174597], [115.4620904, 40.4175424], [115.4623709, 40.4173735], [115.4699941, 40.4127448], [115.4705879, 40.4123913], [115.4719512, 40.4115653], [115.4725559, 40.4112081], [115.4737299, 40.4105096], [115.4769268, 40.4085897], [115.4806068, 40.4064597], [115.4813841, 40.4060578], [115.4816713, 40.4059167], [115.4822087, 40.4056536], [115.4829249, 40.4053247], [115.4838374, 40.4049251], [115.4846978, 40.4045792], [115.4853551, 40.4043268], [115.4859912, 40.404094], [115.486688, 40.4038562], [115.4880479, 40.4034395], [115.4904234, 40.4027047], [115.4924289, 40.4020801], [115.4934109, 40.4017728], [115.4955676, 40.4011179], [115.4967547, 40.4007634], [115.4974295, 40.4005607], [115.4983382, 40.4002573], [115.4988667, 40.4000715], [115.4996899, 40.3997882], [115.5002713, 40.3995622], [115.5014166, 40.3991179], [115.5017618, 40.3989786], [115.5034236, 40.3983147], [115.5047599, 40.3977057], [115.5049058, 40.3976462], [115.5055843, 40.3973725], [115.5057788, 40.397294], [115.5071818, 40.396713], [115.5080611, 40.3963456], [115.5163034, 40.3930142], [115.5167031, 40.3928507], [115.5170407, 40.3927165], [115.5175171, 40.392523], [115.5177486, 40.3924305], [115.5180371, 40.3923134], [115.5179711, 40.3922605], [115.5184698, 40.3920541], [115.5189434, 40.391863], [115.5194106, 40.3916845], [115.5197224, 40.3915588], [115.5201415, 40.3914039], [115.5204215, 40.3913112], [115.5207025, 40.3912212], [115.5209645, 40.3911297], [115.5210261, 40.3911052], [115.5215273, 40.3909221], [115.5227285, 40.3905084], [115.5235232, 40.3901865], [115.5241802, 40.3899244], [115.52607, 40.3891571], [115.5263072, 40.3890585], [115.5270775, 40.3887581], [115.528313, 40.3882512], [115.5289754, 40.3879931], [115.5300599, 40.3875331], [115.531108, 40.3871078], [115.550182, 40.3794075], [115.5502291, 40.3793885], [115.5504193, 40.3793118], [115.5785746, 40.3679437], [115.5894582, 40.363536], [115.5905708, 40.3630773], [115.5909058, 40.3629484], [115.5913016, 40.3627947], [115.5917225, 40.362641], [115.5921413, 40.362504], [115.5924913, 40.362401], [115.5929584, 40.3622795], [115.5933673, 40.3621761], [115.5937798, 40.3620883], [115.5947476, 40.3619015], [115.5991333, 40.3610739], [115.5999121, 40.3609277], [115.616583, 40.3576776], [115.6169214, 40.3576114], [115.6175049, 40.3574847], [115.6179365, 40.357392], [115.6184059, 40.3572624], [115.618819, 40.3571385], [115.6198339, 40.3568046], [115.6211415, 40.3563918], [115.6217269, 40.3562204], [115.6221732, 40.3561184], [115.6226702, 40.3560259], [115.6232233, 40.3559461], [115.6237572, 40.3558949], [115.6247474, 40.3558245], [115.6252079, 40.3557961], [115.6256749, 40.3557526], [115.6266728, 40.3556553], [115.6273557, 40.3555694], [115.6279493, 40.3554714], [115.6285329, 40.3553595], [115.6359965, 40.3539019], [115.6398209, 40.3531705], [115.6415882, 40.3528219], [115.6425198, 40.3526668], [115.6432695, 40.3525539], [115.6439305, 40.3524861], [115.6446506, 40.3524335], [115.6454288, 40.3524055], [115.6464402, 40.3523909], [115.647388, 40.3524139], [115.6483273, 40.3524284], [115.6656073, 40.3528633], [115.6660545, 40.3528638], [115.666471, 40.3528581], [115.6668625, 40.3528465], [115.6673046, 40.3528256], [115.6678241, 40.3527845], [115.6683508, 40.3527309], [115.6689766, 40.3526578], [115.6698872, 40.3525424], [115.6742545, 40.3519649], [115.6744543, 40.3519395], [115.6747307, 40.3519044], [115.6748072, 40.3518946], [115.6772468, 40.3515868], [115.6782881, 40.3514566], [115.6790803, 40.3513851], [115.6799331, 40.3513458], [115.6807343, 40.3513374], [115.6811409, 40.3513343], [115.6817438, 40.351353], [115.682348, 40.351382], [115.6829106, 40.3514242], [115.6833556, 40.3514677], [115.6837468, 40.3515171], [115.6844271, 40.3516158], [115.6848082, 40.351673], [115.6852879, 40.3517591], [115.6857648, 40.351854], [115.6867163, 40.3520559], [115.6868685, 40.3520905], [115.6912712, 40.3530126], [115.6914771, 40.3530559], [115.6927575, 40.3533246], [115.6932158, 40.3534142], [115.6937982, 40.3535055], [115.6943958, 40.3535731], [115.6949209, 40.3536097], [115.695387, 40.3536215], [115.6959442, 40.3536242], [115.6965727, 40.3536035], [115.6970907, 40.3535602], [115.6976076, 40.3534959], [115.6982239, 40.3534019], [115.6989086, 40.3532654], [115.6995048, 40.3531109], [115.7003141, 40.352874], [115.7006425, 40.3527598], [115.7009427, 40.3526353], [115.7021733, 40.3520879], [115.7025638, 40.3518848], [115.7029012, 40.3516915], [115.7032278, 40.3514953], [115.7035855, 40.3512748], [115.7077831, 40.3486936], [115.7086059, 40.3482131], [115.709796, 40.3475249], [115.7106241, 40.34704], [115.7178837, 40.342913], [115.7182791, 40.3427056], [115.7188208, 40.3424501], [115.7201779, 40.3418328], [115.7207663, 40.3415643], [115.7212141, 40.3413588], [115.7217862, 40.3410675], [115.7222929, 40.340788], [115.7272546, 40.3379889], [115.7279521, 40.3375933], [115.7289602, 40.3370376], [115.7295041, 40.3367432], [115.7299102, 40.3365431], [115.7302709, 40.3363768], [115.7306611, 40.3362076], [115.7312627, 40.3359828], [115.7318685, 40.335786], [115.7324046, 40.3356357], [115.7330908, 40.3354792], [115.7338785, 40.3353348], [115.7346911, 40.3352303], [115.7355893, 40.3351636], [115.7362496, 40.3351482], [115.7384468, 40.3351851], [115.7451098, 40.3352844], [115.7665143, 40.3355908], [115.7672338, 40.335601], [115.7678916, 40.3356198], [115.768395, 40.3356544], [115.7688597, 40.3357119], [115.769458, 40.3358035], [115.7698994, 40.3358955], [115.7702816, 40.3359863], [115.7707228, 40.3361119], [115.7710759, 40.3362274], [115.7714733, 40.3363665], [115.7719202, 40.3365524], [115.7726358, 40.3368604], [115.7739914, 40.3374349], [115.7747138, 40.3377391], [115.7801722, 40.3400823], [115.7825937, 40.3411519], [115.7857258, 40.3424823], [115.7861713, 40.3426755], [115.7866028, 40.3428664], [115.7893285, 40.3440319], [115.7924647, 40.3453686], [115.7954249, 40.3466321], [115.7969991, 40.3473067], [115.7979192, 40.3476996], [115.7980571, 40.3477577], [115.79834, 40.3478773], [115.799428, 40.3483528], [115.7998319, 40.3485317], [115.8001393, 40.3486833], [115.8004099, 40.3488317], [115.8007026, 40.3489912], [115.8009611, 40.34915], [115.8011702, 40.3492866], [115.8013882, 40.3494384], [115.8015846, 40.3495838], [115.8018358, 40.3497793], [115.8020509, 40.3499533], [115.8039832, 40.3515718], [115.8043412, 40.3518508], [115.804713, 40.3521297], [115.804976, 40.3523063], [115.8052456, 40.352472], [115.8055199, 40.3526377], [115.8058268, 40.3528008], [115.8061126, 40.3529478], [115.8063103, 40.3530395], [115.8066287, 40.3531735], [115.80697, 40.3533091], [115.8073499, 40.3534432], [115.8077331, 40.3535715], [115.8081186, 40.3536724], [115.8085887, 40.3537848], [115.8089508, 40.3538571], [115.8093089, 40.3539214], [115.8096285, 40.3539693], [115.8100301, 40.3540293], [115.8118589, 40.354284], [115.8125787, 40.354391], [115.8130054, 40.3544681], [115.813524, 40.3545775], [115.8140286, 40.3547084], [115.8145055, 40.3548491], [115.8149574, 40.3550069], [115.8155055, 40.355218], [115.8162624, 40.3555378], [115.8195568, 40.3569381], [115.8202433, 40.3572401], [115.826327, 40.3598354], [115.8264934, 40.3599038], [115.8323895, 40.3624251], [115.8331095, 40.3627276], [115.8336609, 40.3629644], [115.8341697, 40.3631853], [115.834822, 40.3635007], [115.8352402, 40.3637255], [115.835764, 40.364035], [115.8361694, 40.3642964], [115.8367915, 40.3647268], [115.8493426, 40.373288], [115.8499861, 40.3737263], [115.8505097, 40.3740829], [115.8509485, 40.3743753], [115.8513358, 40.3746259], [115.8517187, 40.3748397], [115.8521338, 40.3750514], [115.8525454, 40.3752533], [115.8528584, 40.3753917], [115.8529975, 40.3754477], [115.8533751, 40.3755906], [115.8536969, 40.3757079], [115.8540509, 40.3758311], [115.8543803, 40.3759332], [115.8547382, 40.3760305], [115.855122, 40.3761311], [115.8555116, 40.3762182], [115.8559176, 40.3762969], [115.8563274, 40.3763619], [115.8567094, 40.3764134], [115.8571909, 40.3764629], [115.8576216, 40.3765003], [115.8580666, 40.3765218], [115.8582889, 40.3765338], [115.8655218, 40.3769565], [115.8744064, 40.3774769], [115.8748041, 40.3774995], [115.8765681, 40.3775734], [115.8771504, 40.3776062], [115.8775591, 40.3776295], [115.8779273, 40.3776476], [115.8783298, 40.3776591], [115.8787219, 40.3776738], [115.8796697, 40.3777253], [115.8800029, 40.3777418], [115.8801216, 40.3777496], [115.8839027, 40.3779663], [115.8840922, 40.3779782], [115.8849048, 40.3780213], [115.885423, 40.3780591], [115.8860726, 40.3780941], [115.8875758, 40.3781784], [115.8886681, 40.3782449], [115.8897555, 40.3783079], [115.8906835, 40.3783637], [115.8923625, 40.3784595], [115.8924049, 40.3784617], [115.892965, 40.3784874], [115.8955568, 40.3786302], [115.8960644, 40.3786619], [115.8968246, 40.3787053], [115.8969793, 40.3787148], [115.8979503, 40.3787735], [115.8980871, 40.3787816], [115.8981855, 40.3787881], [115.8990232, 40.3788446], [115.9002497, 40.3789093], [115.9011119, 40.3789591], [115.9031981, 40.3790706], [115.9038166, 40.3791042], [115.9044552, 40.3791434], [115.9047427, 40.3791612], [115.9050333, 40.3791801], [115.9064901, 40.3792654], [115.9075011, 40.3793266], [115.9085871, 40.3793855], [115.9093566, 40.3794053], [115.9098589, 40.379402], [115.9105278, 40.3793883], [115.9110985, 40.3793586], [115.9117061, 40.379316], [115.9122534, 40.379263], [115.9129142, 40.3791799], [115.9134626, 40.3790992], [115.9138521, 40.3790291], [115.9142103, 40.3789564], [115.9145614, 40.3788816], [115.914953, 40.378792], [115.9153255, 40.3786996], [115.9158081, 40.3785675], [115.91627, 40.3784274], [115.9167404, 40.3782825], [115.9172938, 40.3780905], [115.9179673, 40.3778607], [115.9220888, 40.376419], [115.9239792, 40.3757422], [115.9244477, 40.375584], [115.9270862, 40.3746602], [115.9351616, 40.3718604], [115.9441857, 40.368664], [115.9444245, 40.3685794], [115.9450391, 40.3683617], [115.9457084, 40.3681288], [115.9477112, 40.3674243], [115.9489126, 40.367001], [115.9524434, 40.3657784], [115.952934, 40.3656043], [115.9564973, 40.3643399], [115.9570471, 40.3641621], [115.9575985, 40.3639898], [115.9580685, 40.3638559], [115.9585639, 40.3637226], [115.9586479, 40.3637013], [115.9591471, 40.3635866], [115.9596745, 40.3634799], [115.9601876, 40.3633795], [115.9607479, 40.3632946], [115.96231, 40.3631009], [115.9657409, 40.3627528], [115.9674235, 40.3625657], [115.9748819, 40.3618264], [115.9753056, 40.3617929], [115.9756484, 40.3617696], [115.9760802, 40.361749], [115.978208, 40.3616547], [115.9832698, 40.3614714], [115.983948, 40.3614467], [115.9845298, 40.3614366], [115.9847912, 40.36144], [115.9850863, 40.3614501], [115.9854294, 40.3614743], [115.9857992, 40.3615246], [115.9862029, 40.3616247], [115.9865804, 40.3617569], [115.9878738, 40.3621861], [115.9881114, 40.3622533], [115.9882992, 40.3622971], [115.9885522, 40.36234], [115.9888327, 40.3623677], [115.9890647, 40.36238], [115.9893151, 40.3623693], [115.9895904, 40.3623378], [115.9898638, 40.3622765], [115.9900262, 40.3622244], [115.9901875, 40.3621738], [115.9903702, 40.3620725], [115.9905959, 40.3619325], [115.9908175, 40.361791], [115.9929224, 40.360429], [115.9947007, 40.3592782], [115.994868, 40.35917], [115.9952628, 40.3589496], [115.995391, 40.358878], [115.9955415, 40.3588077], [115.9957302, 40.358735], [115.9957393, 40.358732], [115.9958852, 40.3586836], [115.9960897, 40.3586285], [115.9971691, 40.3583733], [115.9977731, 40.3582294], [115.9980359, 40.3581636], [115.9983372, 40.3580831], [115.9985304, 40.3580267], [115.9987366, 40.3579503], [115.9988756, 40.3578838], [115.9990142, 40.3578129], [115.999239, 40.3576768], [116.0093246, 40.351423], [116.0101001, 40.3509339], [116.0110987, 40.350228], [116.0115845, 40.3499108], [116.0117053, 40.3498251], [116.0118486, 40.34971], [116.0119432, 40.3495954], [116.0120507, 40.349449], [116.0121546, 40.3492614], [116.0122318, 40.3490397], [116.0122617, 40.3488865], [116.0122818, 40.3486703], [116.0122906, 40.3484503], [116.012255, 40.3482258], [116.0118701, 40.3471221], [116.0119821, 40.3470743], [116.0121108, 40.3472221], [116.0122869, 40.3473568], [116.0124501, 40.3474557], [116.0126433, 40.3475503], [116.0128724, 40.3476339], [116.0131049, 40.3476707], [116.0133424, 40.3476898], [116.0135803, 40.3476972], [116.0138272, 40.3477021], [116.0141086, 40.3476963], [116.014306, 40.3476803], [116.0146197, 40.3476298], [116.0149108, 40.3475455], [116.0150971, 40.3474759], [116.0152658, 40.3473954], [116.0154844, 40.3472651], [116.0156868, 40.3471047], [116.0158128, 40.3469777], [116.0159079, 40.3468682], [116.016013, 40.3467221], [116.0160879, 40.3465975], [116.0161444, 40.3464915], [116.0161873, 40.3463837], [116.0162274, 40.3462253], [116.0162382, 40.3460379], [116.016242, 40.3456459], [116.0162362, 40.3452398], [116.0162221, 40.3449782], [116.0162256, 40.344838], [116.0162445, 40.3447206], [116.0162668, 40.3446145], [116.0163065, 40.3445111], [116.0163574, 40.344391], [116.0164244, 40.3442599], [116.0165103, 40.3441207], [116.0165873, 40.3440123], [116.0168184, 40.3438044], [116.0173732, 40.3434103], [116.0184367, 40.3426889], [116.0186825, 40.3425055], [116.018946, 40.3422361], [116.0190875, 40.342046], [116.0192392, 40.3417329], [116.0193082, 40.3414596], [116.0193529, 40.3409853], [116.0194075, 40.3404124], [116.0195021, 40.3400361], [116.0196457, 40.3397343], [116.020004, 40.3391205], [116.0203768, 40.3383739], [116.0209983, 40.3373283], [116.02121, 40.33706], [116.0215342, 40.3368213], [116.0217699, 40.3367108], [116.0222022, 40.3365539], [116.0224633, 40.3364957], [116.0228679, 40.336428], [116.0266, 40.3361087], [116.0271608, 40.3360993], [116.029034, 40.3361533], [116.0293953, 40.3361283], [116.0302821, 40.3359367], [116.0306904, 40.3357999], [116.0309136, 40.3356988], [116.031342, 40.3354582], [116.0317186, 40.3351348], [116.0320355, 40.3347715], [116.0328988, 40.3335907], [116.0333724, 40.3329802], [116.0340984, 40.3319427], [116.034241, 40.3316554], [116.0344043, 40.3311885], [116.0352382, 40.328653], [116.0353338, 40.328365], [116.0353773, 40.3282266], [116.0354373, 40.328008], [116.0354821, 40.3278014], [116.0355056, 40.3276328], [116.0355137, 40.3274599], [116.0355087, 40.3272805], [116.0354961, 40.3271397], [116.0354738, 40.3270151], [116.0354411, 40.3268897], [116.0353697, 40.3266617], [116.0352463, 40.3263201], [116.0351233, 40.3259773], [116.0350527, 40.3257893], [116.0349993, 40.325604], [116.0349609, 40.3254305], [116.0349363, 40.325284], [116.0349195, 40.3251394], [116.0349121, 40.3249608], [116.0349198, 40.3247903], [116.0349348, 40.324603], [116.0349563, 40.3244418], [116.0349845, 40.324297], [116.0350305, 40.3241154], [116.035083, 40.323966], [116.0351441, 40.3238328], [116.0352114, 40.3237084], [116.0353022, 40.3235517], [116.035414, 40.3233936], [116.0355423, 40.3232396], [116.0357173, 40.3230588], [116.0358343, 40.3229467], [116.0359587, 40.3228409], [116.0362001, 40.3226637], [116.0364301, 40.3225255], [116.0366215, 40.3224247], [116.0369126, 40.3222747], [116.0369672, 40.3222487], [116.0373542, 40.3220643], [116.0376337, 40.3219325], [116.0378051, 40.321842], [116.0379845, 40.3217285], [116.0381387, 40.3216189], [116.0382776, 40.3214994], [116.0383725, 40.321422], [116.0384904, 40.3213007], [116.0385797, 40.3211829], [116.0386737, 40.3210434], [116.0387621, 40.3208973], [116.0388283, 40.3207741], [116.0388634, 40.3205149], [116.0391779, 40.3190721], [116.03924, 40.3188179], [116.0393282, 40.318601], [116.0394653, 40.3183572], [116.0396477, 40.3181269], [116.0398457, 40.3179239], [116.0406372, 40.3172396], [116.0408702, 40.3170086], [116.0410297, 40.3168149], [116.0411767, 40.3165843], [116.0412739, 40.3163475], [116.0414704, 40.3153259], [116.0415287, 40.3151126], [116.0416419, 40.3148752], [116.0417706, 40.3146316], [116.042201, 40.3139652], [116.0425637, 40.3133945], [116.04291, 40.3128783], [116.0431186, 40.3126878], [116.0434061, 40.3124798], [116.044625, 40.3117225], [116.0448481, 40.3115897], [116.0450793, 40.3114665], [116.045376, 40.3113469], [116.04824, 40.310315], [116.0497937, 40.3098024], [116.051713, 40.3091351], [116.0520422, 40.3089961], [116.0523136, 40.3088451], [116.0524168, 40.3087793], [116.0525474, 40.308699], [116.0527415, 40.3085251], [116.052921, 40.3083164], [116.0530789, 40.3080853], [116.05318, 40.3078667], [116.0532568, 40.307532], [116.0534212, 40.3061603], [116.0534385, 40.3060162], [116.0535268, 40.3057396], [116.0536484, 40.305498], [116.0538129, 40.3052483], [116.0540415, 40.3050053], [116.0543254, 40.3047971], [116.0546597, 40.3046159], [116.0550162, 40.304481], [116.0559638, 40.3041828], [116.056276, 40.3040826], [116.0565443, 40.303953], [116.0567427, 40.3038152], [116.0569032, 40.3036868], [116.0570997, 40.3034946], [116.0573017, 40.3032292], [116.0575342, 40.3028107], [116.0577143, 40.3024613], [116.0579669, 40.3019778], [116.0580603, 40.3018211], [116.0581431, 40.3016837], [116.0582461, 40.301532], [116.0583317, 40.3014252], [116.0584226, 40.3013211], [116.0591114, 40.3005421], [116.0592564, 40.3003793], [116.0593921, 40.300229], [116.0596184, 40.3000196], [116.0597887, 40.2998748], [116.0600865, 40.2996376], [116.0603697, 40.2994363], [116.0606565, 40.2992614], [116.0609201, 40.2991135], [116.0611848, 40.298972], [116.0614919, 40.2988177], [116.0624748, 40.2983565], [116.0626326, 40.2982803], [116.0630299, 40.2980878], [116.0632071, 40.2980007], [116.06335, 40.2979167], [116.0634652, 40.2978398], [116.0635927, 40.2977498], [116.0637062, 40.2976594], [116.0638377, 40.2975479], [116.0639458, 40.2974405], [116.0640342, 40.2973404], [116.0641096, 40.2972397], [116.064192, 40.2971083], [116.0642803, 40.2969481], [116.0647961, 40.2958002], [116.064972, 40.2954865], [116.0651052, 40.2952654], [116.0652248, 40.2950643], [116.0653314, 40.2949063], [116.0654722, 40.2947351], [116.0656405, 40.2945793], [116.0657858, 40.2944609], [116.065958, 40.2943345], [116.066133, 40.2942269], [116.0663223, 40.2941274], [116.0665416, 40.2940401], [116.0667492, 40.2939716], [116.0670392, 40.2939003], [116.0673273, 40.2938532], [116.0675796, 40.2938321], [116.0677786, 40.2938232], [116.0691628, 40.2938144], [116.0702778, 40.2937827], [116.0712705, 40.293714], [116.071526, 40.2936858], [116.0718123, 40.2936361], [116.07215, 40.2935623], [116.0724307, 40.2934815], [116.0726688, 40.2933936], [116.0729429, 40.2932606], [116.0731641, 40.2931435], [116.0733488, 40.2930165], [116.0735119, 40.2928772], [116.0736575, 40.2927362], [116.0737875, 40.292577], [116.0738598, 40.2924818], [116.073933, 40.2923645], [116.0740045, 40.2922334], [116.0740761, 40.2920522], [116.0741441, 40.2918438], [116.0744636, 40.2902137], [116.0745931, 40.2895813], [116.0746281, 40.2893675], [116.0746449, 40.2891219], [116.0746385, 40.2889182], [116.0746266, 40.2887177], [116.0745792, 40.2884671], [116.0745075, 40.2882109], [116.0744247, 40.2880159], [116.074316, 40.2878282], [116.0742164, 40.2876657], [116.0740633, 40.2874808], [116.0739003, 40.2873127], [116.0736838, 40.2871159], [116.0734769, 40.2869151], [116.0732864, 40.286705], [116.0731504, 40.2865153], [116.0730214, 40.2863336], [116.0729258, 40.286168], [116.0728614, 40.2859959], [116.0728168, 40.2858383], [116.072787, 40.2856923], [116.0727672, 40.2854936], [116.0727733, 40.285287], [116.0728073, 40.2850402], [116.0728599, 40.2848356], [116.0729549, 40.2845522], [116.0730609, 40.2843385], [116.0731746, 40.2841509], [116.0732851, 40.2840131], [116.0736036, 40.2836901], [116.0739601, 40.2833398], [116.0741715, 40.2831281], [116.0744014, 40.2829133], [116.0746669, 40.2826926], [116.0753942, 40.2822214], [116.0759541, 40.2818494], [116.0762736, 40.2816434], [116.0764989, 40.2815128], [116.076694, 40.2814126], [116.0768685, 40.2813368], [116.0770441, 40.2812721], [116.077313, 40.2811771], [116.079062, 40.2805957], [116.079641, 40.2803861], [116.0798894, 40.280283], [116.0801491, 40.2801597], [116.0803281, 40.2800542], [116.0805808, 40.2799052], [116.080889, 40.2796871], [116.0811489, 40.2794876], [116.0814651, 40.2792074], [116.0817605, 40.2789439], [116.0820364, 40.2787127], [116.0823195, 40.2784667], [116.0824473, 40.2783609], [116.0826655, 40.2781966], [116.0829364, 40.2780135], [116.0832111, 40.2778464], [116.083383, 40.2777475], [116.0837939, 40.277523], [116.0838452, 40.2775389], [116.0840422, 40.2774308], [116.0840331, 40.2773939], [116.0868771, 40.2758485], [116.0878954, 40.2753023], [116.087983, 40.275256], [116.0880342, 40.2752299], [116.0881037, 40.2751946], [116.0882206, 40.2751364], [116.0885127, 40.2750033], [116.0887688, 40.2748938], [116.0890223, 40.2748027], [116.0896606, 40.274589], [116.0913073, 40.2740606], [116.0920529, 40.2738191], [116.0929756, 40.2734466], [116.0986351, 40.2706225], [116.0992924, 40.2704036], [116.1002498, 40.2701559], [116.100754, 40.2699676], [116.1010598, 40.2697507], [116.1013173, 40.2695542], [116.1014836, 40.2693454], [116.1016874, 40.2691039], [116.1017786, 40.2689361], [116.1022078, 40.2682157], [116.1025256, 40.2677516], [116.102712, 40.2675323], [116.103227, 40.2669878], [116.1042194, 40.266034], [116.1049705, 40.2653218], [116.1051958, 40.2648265], [116.1054952, 40.2638691], [116.105602, 40.2635633], [116.105687, 40.2633228], [116.1057628, 40.2631541], [116.1059446, 40.2628697], [116.1060765, 40.2627059], [116.1061526, 40.2626195], [116.1063014, 40.2624711], [116.1065285, 40.262286], [116.1066835, 40.2621668], [116.1068602, 40.2620509], [116.107088, 40.2619249], [116.107358, 40.2617949], [116.1078504, 40.2615988], [116.1084937, 40.2613596], [116.1109894, 40.2604195], [116.1113396, 40.2602544], [116.1117457, 40.2600433], [116.1122066, 40.2597682], [116.1128227, 40.2594024], [116.113353, 40.2590875], [116.1157654, 40.2576463], [116.1175239, 40.2566073], [116.1185831, 40.255975], [116.1191874, 40.2556123], [116.1195662, 40.2553508], [116.1197329, 40.2552193], [116.1198039, 40.255157], [116.1198904, 40.2550912], [116.1205315, 40.2545509], [116.1207337, 40.2543708], [116.1209944, 40.2540865], [116.1212504, 40.2537984], [116.1216434, 40.2533146], [116.1220608, 40.2527392], [116.1225294, 40.2521152], [116.1229921, 40.2514812], [116.1231367, 40.2512798], [116.1235651, 40.2506927], [116.1241024, 40.249951], [116.1252692, 40.2483696], [116.125763, 40.2476695], [116.1261667, 40.2470633], [116.1267885, 40.2460574], [116.1269885, 40.2457339], [116.1278744, 40.2442358], [116.1281179, 40.2438543], [116.1283503, 40.2434867], [116.1283804, 40.2434372], [116.1285543, 40.2431505], [116.1287702, 40.2428065], [116.1289095, 40.2425842], [116.129029, 40.2423928], [116.1291129, 40.2422423], [116.1292067, 40.2420417], [116.1292795, 40.2418257], [116.1293163, 40.2416398], [116.1293315, 40.2412534], [116.1293149, 40.2410211], [116.1292711, 40.2407913], [116.1292178, 40.2406071], [116.1291554, 40.2404345], [116.1290706, 40.2402559], [116.1289517, 40.2400753], [116.1288466, 40.2399443], [116.1287212, 40.2397989], [116.1283533, 40.2394745], [116.1282158, 40.2393644], [116.1280901, 40.2392773], [116.1279378, 40.2391739], [116.1277452, 40.2390622], [116.1274895, 40.2389465], [116.127257, 40.2388587], [116.1270279, 40.2387877], [116.1268908, 40.2387493], [116.1267539, 40.238714], [116.1266047, 40.2386867], [116.1262876, 40.2386426], [116.1252683, 40.2385257], [116.1251111, 40.2385092], [116.1231225, 40.2382658], [116.1202369, 40.2379247], [116.1193641, 40.2377821], [116.1187997, 40.2377146], [116.1178738, 40.2376141], [116.1172148, 40.2375428], [116.1168121, 40.2374907], [116.1164645, 40.2374292], [116.1160954, 40.2373393], [116.1158221, 40.237244], [116.1155834, 40.2371377], [116.115382, 40.2370524], [116.1151461, 40.2369089], [116.1146922, 40.2365805], [116.1144561, 40.2363525], [116.1142979, 40.236156], [116.1141842, 40.2359911], [116.114057, 40.2357899], [116.1139829, 40.2356336], [116.1139118, 40.2354659], [116.1138622, 40.2352473], [116.1138282, 40.2350833], [116.1138154, 40.2348924], [116.1138163, 40.2347136], [116.113828, 40.2345382], [116.1138534, 40.234389], [116.1138905, 40.2342428], [116.1139387, 40.2340889], [116.1139713, 40.2339894], [116.1140075, 40.2338987], [116.1140338, 40.2338319], [116.1140906, 40.233722], [116.1141676, 40.2335803], [116.1142749, 40.23342], [116.1144126, 40.2332557], [116.1145078, 40.2331645], [116.1146432, 40.2330351], [116.1147798, 40.2329093], [116.1150344, 40.2326929], [116.1152954, 40.2324852], [116.1155015, 40.2323218], [116.1193586, 40.2292793], [116.1198265, 40.2289044], [116.1203713, 40.2284731], [116.1247451, 40.2250144], [116.125353, 40.2245662], [116.1258573, 40.2242086], [116.1263454, 40.2238725], [116.1267503, 40.223615], [116.1272028, 40.2233282], [116.1277094, 40.2230155], [116.1282865, 40.222681], [116.1288947, 40.222356], [116.1294679, 40.2220616], [116.1299813, 40.2218061], [116.1306345, 40.221506], [116.1313397, 40.221202], [116.1320104, 40.2209344], [116.1326102, 40.2207022], [116.1332758, 40.2204612], [116.1440311, 40.2166732], [116.1441882, 40.216614], [116.1510553, 40.2141242], [116.1516001, 40.2139339], [116.1547123, 40.2128248], [116.1599667, 40.2109593], [116.161588, 40.2103984], [116.1621697, 40.2101791], [116.1625853, 40.2100293], [116.1630515, 40.2098518], [116.1635142, 40.2096658], [116.1638758, 40.2095041], [116.1642127, 40.2093369], [116.1645419, 40.2091573], [116.1648764, 40.2089485], [116.16515, 40.2087597], [116.1661095, 40.2079912], [116.1677592, 40.2065771], [116.1690678, 40.2053983], [116.1712878, 40.2034097], [116.1735119, 40.2014328], [116.1759712, 40.1992195], [116.1764725, 40.1987744], [116.1768628, 40.198423], [116.1782845, 40.1971209], [116.1789524, 40.1965124], [116.1795053, 40.1959961], [116.1799814, 40.1955556], [116.1807042, 40.1948918], [116.1816459, 40.19403], [116.1824608, 40.1932848], [116.1826216, 40.1931389], [116.1829907, 40.1927483], [116.1830508, 40.1926846], [116.1835428, 40.1921457], [116.1839947, 40.1916703], [116.1853311, 40.1904434], [116.1886541, 40.1873914], [116.1891636, 40.1869305], [116.1892698, 40.186849], [116.1893898, 40.1867594], [116.1895549, 40.1866482], [116.1900898, 40.1862854], [116.1905667, 40.1859238]]}, "properties": {"name": "Trans-Mongolian Railway", "kind": "route", "distance_km": 7296, "geometry_source": "TSR ArcGIS layer (Moscow to Ulan-Ude) + OSM rel 2707161 (Ulan-Ude to Erenhot) + OSM rel 1108769 Jier Railway (Erenhot to Jining) + OSM rel 11543971 Jingbao Line (Jining to Beijing). Chinese segments stitched from shortest-path over relation ways.", "description": "Branch of the Trans-Siberian Railway diverging at Ulan-Ude, running through Mongolia via Ulaanbaatar to Beijing."}}, {"type": "Feature", "geometry": {"type": "Point", "coordinates": [37.6601435213654, 55.7758473547737]}, "properties": {"name": "Moscow", "kind": "stop", "segment": "shared-tsr", "description": "Moscow is the center of Russian politics, finance and culture and home to centuries of historical and cultural landmarks including the Moscow Kremlin, St Basil’s Cathedral, Red Square and the Tretyakov Gallery. Russia’s capital is the most populated city in Europe, with nearly 12 million inhabitants, and offers the rich diversity and exciting atmosphere of a major city."}}, {"type": "Feature", "geometry": {"type": "Point", "coordinates": [39.8500000169606, 57.6166670006593]}, "properties": {"name": "Yaroslavl", "kind": "stop", "segment": "shared-tsr", "description": "Yaroslavl (Russian: Ярослáвль, IPA: [jɪrɐˈsɫavlʲ]) is a city and the administrative center of Yaroslavl Oblast, Russia, located 250 kilometers (160 mi) northeast of Moscow. The historic part of the city is a World Heritage Site, and is located at the confluence of the Volga and the Kotorosl rivers. It is part of the Golden Ring, a group of historic cities northeast of Moscow that have played an important role in Russian history."}}, {"type": "Feature", "geometry": {"type": "Point", "coordinates": [49.6833329957541, 58.5999999781955]}, "properties": {"name": "Kirov", "kind": "stop", "segment": "shared-tsr", "description": "Kirov was the easternmost settlement founded during the era of Kievan Rus’, and lies on the bank of the Vyatka River, a navigable waterway which flows into the Volga. A significant center of agriculture as well as a place of exile for notable political dissidents during Imperial Russian times, today Kirov has a population of over half a million people."}}, {"type": "Feature", "geometry": {"type": "Point", "coordinates": [56.3166669675317, 58.000000023726]}, "properties": {"name": "Perm", "kind": "stop", "segment": "shared-tsr", "description": "Perm was once a village founded in the mid-16th century on the western slopes of the Ural Mountains. A century later it had transformed into the most vital military manufacturing hub in Imperial Russia. Here, nearly 1,300km east of Moscow, you will pass through the gateway to Siberia and continue on your journey."}}, {"type": "Feature", "geometry": {"type": "Point", "coordinates": [60.5833329989281, 56.8333329788032]}, "properties": {"name": "Yekaterinburg", "kind": "stop", "segment": "shared-tsr", "description": "Once a closed Soviet city, today Yekaterinburg is Russia’s fourth largest city, home to a thriving culture, art and music scene. The capital of the Urals is located in Sverdlovsk Region, which is rich in natural resources and industry. Yekaterinburg is famous for one of the darkest moments in Russian history: the last Tsar and his family were executed here."}}, {"type": "Feature", "geometry": {"type": "Point", "coordinates": [65.5353400003229, 57.1535299997731]}, "properties": {"name": "Tyumen", "kind": "stop", "segment": "shared-tsr", "description": "The first Russian settlement established in Siberia, Tyumen became one of Imperial Russia’s most thriving towns and was an important trading center between Russia and China, home to a diverse community of skilled craftsmen. Tyumen was the wealthiest town in Russia before the Soviet period, and is today an important center for Russia’s oil and gas industries."}}, {"type": "Feature", "geometry": {"type": "Point", "coordinates": [73.3666669852706, 54.9833330005959]}, "properties": {"name": "Omsk", "kind": "stop", "segment": "shared-tsr", "description": "In spring 1716 one of Peter the Great’s guardsmen, Ivan Buchholz, arrived at the confluence of the mighty River Irtysh and tranquil River Om on the southern border of the Russian Empire. There, he established a fortress town which grew into the Siberian city of Omsk – today one of Siberia’s hubs full of Imperial cultural and historical monuments."}}, {"type": "Feature", "geometry": {"type": "Point", "coordinates": [82.9101600001003, 55.0397600002217]}, "properties": {"name": "Novosibirsk", "kind": "stop", "segment": "shared-tsr", "description": "Not only is Novosibirsk the most populous city in Siberia, but it is the country’s most significant cultural and scientific hub after the two capitals. Founded in 1893, the capital of Siberia is a must-visit for culture and architecture lovers, and the surrounding region and nearby Altai Mountains offer rich and beautiful nature for outdoorsy travellers."}}, {"type": "Feature", "geometry": {"type": "Point", "coordinates": [92.866666981059, 56.016666999593]}, "properties": {"name": "Krasnoyarsk", "kind": "stop", "segment": "shared-tsr", "description": "Both Russian and foreign tourists alike are drawn to the vibrant northern city of Krasnoyarsk with its interesting religious architecture. Krasnoyarsk Province offers wild rivers, towering mountains, hunting and fishing spots and distinct ethnic culture, providing a unique opportunity for outdoor pursuits and exploration."}}, {"type": "Feature", "geometry": {"type": "Point", "coordinates": [104.283333019894, 52.2833329910593]}, "properties": {"name": "Irkutsk", "kind": "stop", "segment": "shared-tsr", "description": "Irkutsk was established in the mid-1600s as a fortress in the eastern Russian Empire. Many notable figures were exiled here during Tsarist times and greatly influenced the cultural and intellectual development of the city. Today, Irkutsk is an attractive student city with a population of nearly 620,000 people, home to fascinating historical, architectural and cultural attractions. Many tourists use Irkutsk as a base for venturing to Lake Baikal, which lies just 45 miles away."}}, {"type": "Feature", "geometry": {"type": "Point", "coordinates": [103.864790800845, 52.5092018532558]}, "properties": {"name": "Angarsk", "kind": "stop", "segment": "shared-tsr", "description": "This eastern Siberian city was founded in 1948 and is a major industrial center for oil and petrochemicals – it is not the most attractive city along the Trans-Siberian Railway."}}, {"type": "Feature", "geometry": {"type": "Point", "coordinates": [104.138510000267, 51.5152400002491]}, "properties": {"name": "Baikalsk", "kind": "stop", "segment": "shared-tsr", "description": "Baikalsk is a small town on the south-eastern shore of Lake Baikal which attracts tourists with its snowboard and ski resort on Mount Sobolinaya, so-called Pomegranate Beach with red sand, and relatively sunny and warm climate (for Siberia)."}}, {"type": "Feature", "geometry": {"type": "Point", "coordinates": [107.619156040228, 51.8307947627416]}, "properties": {"name": "Ulan Ude", "kind": "stop", "segment": "shared-tsr", "description": "Established in 1666, Ulan-Ude is the capital city of the Republic of Buryatiya. Between the 1400s and 1800s this region belonged to the Mongol Empire, whose eastern influence can still be felt in the city today. Ulan-Ude is the third-largest city in the Russian Far East.\r\n- Just after Ulan-Ude, the Trans-Siberian Railway separates into two different routes:\r\n1) the Trans-Mongolian travels south though the Mongolian capital Ulaanbaatar and terminates in Beijing.\r\n2) the Trans-Siberian continues eastwards to Vladivostok."}}, {"type": "Feature", "geometry": {"type": "Point", "coordinates": [106.10614, 50.392094]}, "properties": {"name": "Naushki", "kind": "stop", "segment": "trans-mongolian"}}, {"type": "Feature", "geometry": {"type": "Point", "coordinates": [106.2094944, 50.2358909]}, "properties": {"name": "Sukhbaatar", "kind": "stop", "segment": "trans-mongolian"}}, {"type": "Feature", "geometry": {"type": "Point", "coordinates": [105.9361613, 49.4922428]}, "properties": {"name": "Darkhan", "kind": "stop", "segment": "trans-mongolian"}}, {"type": "Feature", "geometry": {"type": "Point", "coordinates": [106.9177016, 47.9184676]}, "properties": {"name": "Ulaanbaatar", "kind": "stop", "segment": "trans-mongolian"}}, {"type": "Feature", "geometry": {"type": "Point", "coordinates": [108.3615542, 46.3581241]}, "properties": {"name": "Choir", "kind": "stop", "segment": "trans-mongolian"}}, {"type": "Feature", "geometry": {"type": "Point", "coordinates": [110.1431263, 44.8883913]}, "properties": {"name": "Sainshand", "kind": "stop", "segment": "trans-mongolian"}}, {"type": "Feature", "geometry": {"type": "Point", "coordinates": [111.8348703, 43.8145643]}, "properties": {"name": "Zamyn-Uud", "kind": "stop", "segment": "trans-mongolian"}}, {"type": "Feature", "geometry": {"type": "Point", "coordinates": [111.943519, 43.6407813]}, "properties": {"name": "Erenhot", "kind": "stop", "segment": "trans-mongolian"}}, {"type": "Feature", "geometry": {"type": "Point", "coordinates": [113.1600076, 40.9973725]}, "properties": {"name": "Jining", "kind": "stop", "segment": "trans-mongolian"}}, {"type": "Feature", "geometry": {"type": "Point", "coordinates": [113.2952665, 40.0923194]}, "properties": {"name": "Datong", "kind": "stop", "segment": "trans-mongolian"}}, {"type": "Feature", "geometry": {"type": "Point", "coordinates": [114.8782861, 40.8171433]}, "properties": {"name": "Zhangjiakou", "kind": "stop", "segment": "trans-mongolian"}}, {"type": "Feature", "geometry": {"type": "Point", "coordinates": [116.3912972, 39.9057136]}, "properties": {"name": "Beijing", "kind": "stop", "segment": "trans-mongolian"}}]}